-5.000000 -5.000000 -1.825085e-01
-5.000000 -4.900000 -1.766668e-01
-5.000000 -4.800000 -1.706623e-01
-5.000000 -4.700000 -1.645433e-01
-5.000000 -4.600000 -1.583690e-01
-5.000000 -4.500000 -1.522119e-01
-5.000000 -4.400000 -1.461584e-01
-5.000000 -4.300000 -1.403104e-01
-5.000000 -4.200000 -1.347861e-01
-5.000000 -4.100000 -1.297208e-01
-5.000000 -4.000000 -1.252669e-01
-5.000000 -3.900000 -1.215934e-01
-5.000000 -3.800000 -1.188845e-01
-5.000000 -3.700000 -1.173367e-01
-5.000000 -3.600000 -1.171558e-01
-5.000000 -3.500000 -1.185509e-01
-5.000000 -3.400000 -1.217286e-01
-5.000000 -3.300000 -1.268848e-01
-5.000000 -3.200000 -1.341960e-01
-5.000000 -3.100000 -1.438093e-01
-5.000000 -3.000000 -1.558326e-01
-5.000000 -2.900000 -1.703248e-01
-5.000000 -2.800000 -1.872879e-01
-5.000000 -2.700000 -2.066609e-01
-5.000000 -2.600000 -2.283168e-01
-5.000000 -2.500000 -2.520638e-01
-5.000000 -2.400000 -2.776511e-01
-5.000000 -2.300000 -3.047789e-01
-5.000000 -2.200000 -3.331144e-01
-5.000000 -2.100000 -3.623098e-01
-5.000000 -2.000000 -3.920253e-01
-5.000000 -1.900000 -4.219521e-01
-5.000000 -1.800000 -4.518353e-01
-5.000000 -1.700000 -4.814948e-01
-5.000000 -1.600000 -5.108405e-01
-5.000000 -1.500000 -5.398827e-01
-5.000000 -1.400000 -5.687340e-01
-5.000000 -1.300000 -5.976028e-01
-5.000000 -1.200000 -6.267793e-01
-5.000000 -1.100000 -6.566133e-01
-5.000000 -1.000000 -6.874863e-01
-5.000000 -0.900000 -7.197801e-01
-5.000000 -0.800000 -7.538439e-01
-5.000000 -0.700000 -7.899647e-01
-5.000000 -0.600000 -8.283410e-01
-5.000000 -0.500000 -8.690659e-01
-5.000000 -0.400000 -9.121183e-01
-5.000000 -0.300000 -9.573662e-01
-5.000000 -0.200000 -1.004580e+00
-5.000000 -0.100000 -1.053457e+00
-5.000000 0.000000 -1.103651e+00
-5.000000 0.100000 -1.154814e+00
-5.000000 0.200000 -1.206629e+00
-5.000000 0.300000 -1.258851e+00
-5.000000 0.400000 -1.311335e+00
-5.000000 0.500000 -1.364058e+00
-5.000000 0.600000 -1.417126e+00
-5.000000 0.700000 -1.470771e+00
-5.000000 0.800000 -1.525328e+00
-5.000000 0.900000 -1.581205e+00
-5.000000 1.000000 -1.638838e+00
-5.000000 1.100000 -1.698638e+00
-5.000000 1.200000 -1.760942e+00
-5.000000 1.300000 -1.825952e+00
-5.000000 1.400000 -1.893695e+00
-5.000000 1.500000 -1.963986e+00
-5.000000 1.600000 -2.036406e+00
-5.000000 1.700000 -2.110297e+00
-5.000000 1.800000 -2.184775e+00
-5.000000 1.900000 -2.258760e+00
-5.000000 2.000000 -2.331021e+00
-5.000000 2.100000 -2.400232e+00
-5.000000 2.200000 -2.465033e+00
-5.000000 2.300000 -2.524099e+00
-5.000000 2.400000 -2.576198e+00
-5.000000 2.500000 -2.620251e+00
-5.000000 2.600000 -2.655376e+00
-5.000000 2.700000 -2.680919e+00
-5.000000 2.800000 -2.696474e+00
-5.000000 2.900000 -2.701883e+00
-5.000000 3.000000 -2.697231e+00
-5.000000 3.100000 -2.682821e+00
-5.000000 3.200000 -2.659149e+00
-5.000000 3.300000 -2.626862e+00
-5.000000 3.400000 -2.586730e+00
-5.000000 3.500000 -2.539600e+00
-5.000000 3.600000 -2.486369e+00
-5.000000 3.700000 -2.427943e+00
-5.000000 3.800000 -2.365218e+00
-5.000000 3.900000 -2.299055e+00
-5.000000 4.000000 -2.230263e+00
-5.000000 4.100000 -2.159588e+00
-5.000000 4.200000 -2.087706e+00
-5.000000 4.300000 -2.015220e+00
-5.000000 4.400000 -1.942658e+00
-5.000000 4.500000 -1.870476e+00
-5.000000 4.600000 -1.799061e+00
-5.000000 4.700000 -1.728737e+00
-5.000000 4.800000 -1.659769e+00
-5.000000 4.900000 -1.592370e+00
-5.000000 5.000000 -1.526706e+00

-4.900000 -5.000000 -1.766668e-01
-4.900000 -4.900000 -1.698680e-01
-4.900000 -4.800000 -1.628255e-01
-4.900000 -4.700000 -1.555854e-01
-4.900000 -4.600000 -1.482068e-01
-4.900000 -4.500000 -1.407633e-01
-4.900000 -4.400000 -1.333449e-01
-4.900000 -4.300000 -1.260603e-01
-4.900000 -4.200000 -1.190375e-01
-4.900000 -4.100000 -1.124260e-01
-4.900000 -4.000000 -1.063970e-01
-4.900000 -3.900000 -1.011432e-01
-4.900000 -3.800000 -9.687798e-02
-4.900000 -3.700000 -9.383294e-02
-4.900000 -3.600000 -9.225373e-02
-4.900000 -3.500000 -9.239443e-02
-4.900000 -3.400000 -9.450988e-02
-4.900000 -3.300000 -9.884606e-02
-4.900000 -3.200000 -1.056288e-01
-4.900000 -3.100000 -1.150511e-01
-4.900000 -3.000000 -1.272598e-01
-4.900000 -2.900000 -1.423423e-01
-4.900000 -2.800000 -1.603148e-01
-4.900000 -2.700000 -1.811130e-01
-4.900000 -2.600000 -2.045869e-01
-4.900000 -2.500000 -2.305006e-01
-4.900000 -2.400000 -2.585382e-01
-4.900000 -2.300000 -2.883165e-01
-4.900000 -2.200000 -3.194038e-01
-4.900000 -2.100000 -3.513453e-01
-4.900000 -2.000000 -3.836917e-01
-4.900000 -1.900000 -4.160314e-01
-4.900000 -1.800000 -4.480217e-01
-4.900000 -1.700000 -4.794174e-01
-4.900000 -1.600000 -5.100932e-01
-4.900000 -1.500000 -5.400585e-01
-4.900000 -1.400000 -5.694612e-01
-4.900000 -1.300000 -5.985803e-01
-4.900000 -1.200000 -6.278074e-01
-4.900000 -1.100000 -6.576171e-01
-4.900000 -1.000000 -6.885292e-01
-4.900000 -0.900000 -7.210656e-01
-4.900000 -0.800000 -7.557052e-01
-4.900000 -0.700000 -7.928421e-01
-4.900000 -0.600000 -8.327492e-01
-4.900000 -0.500000 -8.755535e-01
-4.900000 -0.400000 -9.212238e-01
-4.900000 -0.300000 -9.695738e-01
-4.900000 -0.200000 -1.020281e+00
-4.900000 -0.100000 -1.072917e+00
-4.900000 0.000000 -1.126995e+00
-4.900000 0.100000 -1.182020e+00
-4.900000 0.200000 -1.237543e+00
-4.900000 0.300000 -1.293212e+00
-4.900000 0.400000 -1.348816e+00
-4.900000 0.500000 -1.404320e+00
-4.900000 0.600000 -1.459870e+00
-4.900000 0.700000 -1.515797e+00
-4.900000 0.800000 -1.572585e+00
-4.900000 0.900000 -1.630831e+00
-4.900000 1.000000 -1.691184e+00
-4.900000 1.100000 -1.754275e+00
-4.900000 1.200000 -1.820643e+00
-4.900000 1.300000 -1.890663e+00
-4.900000 1.400000 -1.964479e+00
-4.900000 1.500000 -2.041955e+00
-4.900000 1.600000 -2.122646e+00
-4.900000 1.700000 -2.205787e+00
-4.900000 1.800000 -2.290313e+00
-4.900000 1.900000 -2.374894e+00
-4.900000 2.000000 -2.457999e+00
-4.900000 2.100000 -2.537964e+00
-4.900000 2.200000 -2.613084e+00
-4.900000 2.300000 -2.681695e+00
-4.900000 2.400000 -2.742256e+00
-4.900000 2.500000 -2.793428e+00
-4.900000 2.600000 -2.834126e+00
-4.900000 2.700000 -2.863563e+00
-4.900000 2.800000 -2.881269e+00
-4.900000 2.900000 -2.887091e+00
-4.900000 3.000000 -2.881182e+00
-4.900000 3.100000 -2.863964e+00
-4.900000 3.200000 -2.836089e+00
-4.900000 3.300000 -2.798395e+00
-4.900000 3.400000 -2.751851e+00
-4.900000 3.500000 -2.697515e+00
-4.900000 3.600000 -2.636482e+00
-4.900000 3.700000 -2.569849e+00
-4.900000 3.800000 -2.498686e+00
-4.900000 3.900000 -2.424004e+00
-4.900000 4.000000 -2.346741e+00
-4.900000 4.100000 -2.267751e+00
-4.900000 4.200000 -2.187795e+00
-4.900000 4.300000 -2.107540e+00
-4.900000 4.400000 -2.027563e+00
-4.900000 4.500000 -1.948352e+00
-4.900000 4.600000 -1.870312e+00
-4.900000 4.700000 -1.793776e+00
-4.900000 4.800000 -1.719009e+00
-4.900000 4.900000 -1.646216e+00
-4.900000 5.000000 -1.575551e+00

-4.800000 -5.000000 -1.706623e-01
-4.800000 -4.900000 -1.628255e-01
-4.800000 -4.800000 -1.546491e-01
-4.800000 -4.700000 -1.461757e-01
-4.800000 -4.600000 -1.374619e-01
-4.800000 -4.500000 -1.285810e-01
-4.800000 -4.400000 -1.196251e-01
-4.800000 -4.300000 -1.107079e-01
-4.800000 -4.200000 -1.019670e-01
-4.800000 -4.100000 -9.356570e-02
-4.800000 -4.000000 -8.569488e-02
-4.800000 -3.900000 -7.857340e-02
-4.800000 -3.800000 -7.244770e-02
-4.800000 -3.700000 -6.758977e-02
-4.800000 -3.600000 -6.429311e-02
-4.800000 -3.500000 -6.286647e-02
-4.800000 -3.400000 -6.362496e-02
-4.800000 -3.300000 -6.687846e-02
-4.800000 -3.200000 -7.291748e-02
-4.800000 -3.100000 -8.199673e-02
-4.800000 -3.000000 -9.431730e-02
-4.800000 -2.900000 -1.100086e-01
-4.800000 -2.800000 -1.291112e-01
-4.800000 -2.700000 -1.515631e-01
-4.800000 -2.600000 -1.771906e-01
-4.800000 -2.500000 -2.057056e-01
-4.800000 -2.400000 -2.367116e-01
-4.800000 -2.300000 -2.697183e-01
-4.800000 -2.200000 -3.041656e-01
-4.800000 -2.100000 -3.394561e-01
-4.800000 -2.000000 -3.749938e-01
-4.800000 -1.900000 -4.102271e-01
-4.800000 -1.800000 -4.446920e-01
-4.800000 -1.700000 -4.780519e-01
-4.800000 -1.600000 -5.101295e-01
-4.800000 -1.500000 -5.409290e-01
-4.800000 -1.400000 -5.706424e-01
-4.800000 -1.300000 -5.996419e-01
-4.800000 -1.200000 -6.284551e-01
-4.800000 -1.100000 -6.577260e-01
-4.800000 -1.000000 -6.881634e-01
-4.800000 -0.900000 -7.204820e-01
-4.800000 -0.800000 -7.553401e-01
-4.800000 -0.700000 -7.932803e-01
-4.800000 -0.600000 -8.346796e-01
-4.800000 -0.500000 -8.797130e-01
-4.800000 -0.400000 -9.283358e-01
-4.800000 -0.300000 -9.802861e-01
-4.800000 -0.200000 -1.035110e+00
-4.800000 -0.100000 -1.092204e+00
-4.800000 0.000000 -1.150880e+00
-4.800000 0.100000 -1.210433e+00
-4.800000 0.200000 -1.270222e+00
-4.800000 0.300000 -1.329737e+00
-4.800000 0.400000 -1.388671e+00
-4.800000 0.500000 -1.446955e+00
-4.800000 0.600000 -1.504788e+00
-4.800000 0.700000 -1.562627e+00
-4.800000 0.800000 -1.621158e+00
-4.800000 0.900000 -1.681236e+00
-4.800000 1.000000 -1.743805e+00
-4.800000 1.100000 -1.809802e+00
-4.800000 1.200000 -1.880055e+00
-4.800000 1.300000 -1.955184e+00
-4.800000 1.400000 -2.035505e+00
-4.800000 1.500000 -2.120968e+00
-4.800000 1.600000 -2.211106e+00
-4.800000 1.700000 -2.305030e+00
-4.800000 1.800000 -2.401441e+00
-4.800000 1.900000 -2.498690e+00
-4.800000 2.000000 -2.594850e+00
-4.800000 2.100000 -2.687825e+00
-4.800000 2.200000 -2.775454e+00
-4.800000 2.300000 -2.855634e+00
-4.800000 2.400000 -2.926428e+00
-4.800000 2.500000 -2.986162e+00
-4.800000 2.600000 -3.033500e+00
-4.800000 2.700000 -3.067495e+00
-4.800000 2.800000 -3.087608e+00
-4.800000 2.900000 -3.093711e+00
-4.800000 3.000000 -3.086056e+00
-4.800000 3.100000 -3.065233e+00
-4.800000 3.200000 -3.032109e+00
-4.800000 3.300000 -2.987768e+00
-4.800000 3.400000 -2.933441e+00
-4.800000 3.500000 -2.870447e+00
-4.800000 3.600000 -2.800132e+00
-4.800000 3.700000 -2.723826e+00
-4.800000 3.800000 -2.642803e+00
-4.800000 3.900000 -2.558250e+00
-4.800000 4.000000 -2.471254e+00
-4.800000 4.100000 -2.382786e+00
-4.800000 4.200000 -2.293698e+00
-4.800000 4.300000 -2.204725e+00
-4.800000 4.400000 -2.116486e+00
-4.800000 4.500000 -2.029499e+00
-4.800000 4.600000 -1.944182e+00
-4.800000 4.700000 -1.860868e+00
-4.800000 4.800000 -1.779814e+00
-4.800000 4.900000 -1.701209e+00
-4.800000 5.000000 -1.625189e+00

-4.700000 -5.000000 -1.645433e-01
-4.700000 -4.900000 -1.555854e-01
-4.700000 -4.800000 -1.461757e-01
-4.700000 -4.700000 -1.363506e-01
-4.700000 -4.600000 -1.261619e-01
-4.700000 -4.500000 -1.156799e-01
-4.700000 -4.400000 -1.049965e-01
-4.700000 -4.300000 -9.422859e-02
-4.700000 -4.200000 -8.352130e-02
-4.700000 -4.100000 -7.305121e-02
-4.700000 -4.000000 -6.302904e-02
-4.700000 -3.900000 -5.370148e-02
-4.700000 -3.800000 -4.535170e-02
-4.700000 -3.700000 -3.829812e-02
-4.700000 -3.600000 -3.289074e-02
-4.700000 -3.500000 -2.950461e-02
-4.700000 -3.400000 -2.852981e-02
-4.700000 -3.300000 -3.035766e-02
-4.700000 -3.200000 -3.536320e-02
-4.700000 -3.100000 -4.388411e-02
-4.700000 -3.000000 -5.619708e-02
-4.700000 -2.900000 -7.249292e-02
-4.700000 -2.800000 -9.285247e-02
-4.700000 -2.700000 -1.172256e-01
-4.700000 -2.600000 -1.454165e-01
-4.700000 -2.500000 -1.770767e-01
-4.700000 -2.400000 -2.117103e-01
-4.700000 -2.300000 -2.486902e-01
-4.700000 -2.200000 -2.872887e-01
-4.700000 -2.100000 -3.267190e-01
-4.700000 -2.000000 -3.661872e-01
-4.700000 -1.900000 -4.049506e-01
-4.700000 -1.800000 -4.423767e-01
-4.700000 -1.700000 -4.779995e-01
-4.700000 -1.600000 -5.115656e-01
-4.700000 -1.500000 -5.430653e-01
-4.700000 -1.400000 -5.727457e-01
-4.700000 -1.300000 -6.011011e-01
-4.700000 -1.200000 -6.288421e-01
-4.700000 -1.100000 -6.568428e-01
-4.700000 -1.000000 -6.860713e-01
-4.700000 -0.900000 -7.175080e-01
-4.700000 -0.800000 -7.520600e-01
-4.700000 -0.700000 -7.904779e-01
-4.700000 -0.600000 -8.332850e-01
-4.700000 -0.500000 -8.807254e-01
-4.700000 -0.400000 -9.327372e-01
-4.700000 -0.300000 -9.889544e-01
-4.700000 -0.200000 -1.048739e+00
-4.700000 -0.100000 -1.111244e+00
-4.700000 0.000000 -1.175492e+00
-4.700000 0.100000 -1.240482e+00
-4.700000 0.200000 -1.305293e+00
-4.700000 0.300000 -1.369190e+00
-4.700000 0.400000 -1.431712e+00
-4.700000 0.500000 -1.492737e+00
-4.700000 0.600000 -1.552520e+00
-4.700000 0.700000 -1.611687e+00
-4.700000 0.800000 -1.671192e+00
-4.700000 0.900000 -1.732243e+00
-4.700000 1.000000 -1.796193e+00
-4.700000 1.100000 -1.864406e+00
-4.700000 1.200000 -1.938115e+00
-4.700000 1.300000 -2.018288e+00
-4.700000 1.400000 -2.105498e+00
-4.700000 1.500000 -2.199825e+00
-4.700000 1.600000 -2.300797e+00
-4.700000 1.700000 -2.407367e+00
-4.700000 1.800000 -2.517944e+00
-4.700000 1.900000 -2.630458e+00
-4.700000 2.000000 -2.742469e+00
-4.700000 2.100000 -2.851305e+00
-4.700000 2.200000 -2.954212e+00
-4.700000 2.300000 -3.048513e+00
-4.700000 2.400000 -3.131756e+00
-4.700000 2.500000 -3.201839e+00
-4.700000 2.600000 -3.257113e+00
-4.700000 2.700000 -3.296437e+00
-4.700000 2.800000 -3.319208e+00
-4.700000 2.900000 -3.325348e+00
-4.700000 3.000000 -3.315262e+00
-4.700000 3.100000 -3.289773e+00
-4.700000 3.200000 -3.250041e+00
-4.700000 3.300000 -3.197475e+00
-4.700000 3.400000 -3.133644e+00
-4.700000 3.500000 -3.060200e+00
-4.700000 3.600000 -2.978800e+00
-4.700000 3.700000 -2.891054e+00
-4.700000 3.800000 -2.798481e+00
-4.700000 3.900000 -2.702473e+00
-4.700000 4.000000 -2.604282e+00
-4.700000 4.100000 -2.505006e+00
-4.700000 4.200000 -2.405591e+00
-4.700000 4.300000 -2.306838e+00
-4.700000 4.400000 -2.209406e+00
-4.700000 4.500000 -2.113832e+00
-4.700000 4.600000 -2.020536e+00
-4.700000 4.700000 -1.929843e+00
-4.700000 4.800000 -1.841991e+00
-4.700000 4.900000 -1.757144e+00
-4.700000 5.000000 -1.675407e+00

-4.600000 -5.000000 -1.583690e-01
-4.600000 -4.900000 -1.482068e-01
-4.600000 -4.800000 -1.374619e-01
-4.600000 -4.700000 -1.261619e-01
-4.600000 -4.600000 -1.143505e-01
-4.600000 -4.500000 -1.020918e-01
-4.600000 -4.400000 -8.947399e-02
-4.600000 -4.300000 -7.661394e-02
-4.600000 -4.200000 -6.366159e-02
-4.600000 -4.100000 -5.080468e-02
-4.600000 -4.000000 -3.827300e-02
-4.600000 -3.900000 -2.634185e-02
-4.600000 -3.800000 -1.533423e-02
-4.600000 -3.700000 -5.620983e-03
-4.600000 -3.600000 2.381894e-03
-4.600000 -3.500000 8.219590e-03
-4.600000 -3.400000 1.140931e-02
-4.600000 -3.300000 1.145627e-02
-4.600000 -3.200000 7.875122e-03
-4.600000 -3.100000 2.167710e-04
-4.600000 -3.000000 -1.190046e-02
-4.600000 -2.900000 -2.875683e-02
-4.600000 -2.800000 -5.049709e-02
-4.600000 -2.700000 -7.709941e-02
-4.600000 -2.600000 -1.083515e-01
-4.600000 -2.500000 -1.438374e-01
-4.600000 -2.400000 -1.829394e-01
-4.600000 -2.300000 -2.248567e-01
-4.600000 -2.200000 -2.686420e-01
-4.600000 -2.100000 -3.132566e-01
-4.600000 -2.000000 -3.576389e-01
-4.600000 -1.900000 -4.007837e-01
-4.600000 -1.800000 -4.418245e-01
-4.600000 -1.700000 -4.801114e-01
-4.600000 -1.600000 -5.152777e-01
-4.600000 -1.500000 -5.472863e-01
-4.600000 -1.400000 -5.764509e-01
-4.600000 -1.300000 -6.034262e-01
-4.600000 -1.200000 -6.291686e-01
-4.600000 -1.100000 -6.548657e-01
-4.600000 -1.000000 -6.818416e-01
-4.600000 -0.900000 -7.114446e-01
-4.600000 -0.800000 -7.449284e-01
-4.600000 -0.700000 -7.833352e-01
-4.600000 -0.600000 -8.273962e-01
-4.600000 -0.500000 -8.774558e-01
-4.600000 -0.400000 -9.334320e-01
-4.600000 -0.300000 -9.948167e-01
-4.600000 -0.200000 -1.060717e+00
-4.600000 -0.100000 -1.129940e+00
-4.600000 0.000000 -1.201105e+00
-4.600000 0.100000 -1.272788e+00
-4.600000 0.200000 -1.343668e+00
-4.600000 0.300000 -1.412677e+00
-4.600000 0.400000 -1.479128e+00
-4.600000 0.500000 -1.542806e+00
-4.600000 0.600000 -1.604028e+00
-4.600000 0.700000 -1.663638e+00
-4.600000 0.800000 -1.722954e+00
-4.600000 0.900000 -1.783667e+00
-4.600000 1.000000 -1.847691e+00
-4.600000 1.100000 -1.916985e+00
-4.600000 1.200000 -1.993353e+00
-4.600000 1.300000 -2.078257e+00
-4.600000 1.400000 -2.172638e+00
-4.600000 1.500000 -2.276781e+00
-4.600000 1.600000 -2.390224e+00
-4.600000 1.700000 -2.511732e+00
-4.600000 1.800000 -2.639331e+00
-4.600000 1.900000 -2.770401e+00
-4.600000 2.000000 -2.901821e+00
-4.600000 2.100000 -3.030158e+00
-4.600000 2.200000 -3.151872e+00
-4.600000 2.300000 -3.263533e+00
-4.600000 2.400000 -3.362014e+00
-4.600000 2.500000 -3.444669e+00
-4.600000 2.600000 -3.509450e+00
-4.600000 2.700000 -3.554993e+00
-4.600000 2.800000 -3.580637e+00
-4.600000 2.900000 -3.586401e+00
-4.600000 3.000000 -3.572918e+00
-4.600000 3.100000 -3.541340e+00
-4.600000 3.200000 -3.493225e+00
-4.600000 3.300000 -3.430414e+00
-4.600000 3.400000 -3.354914e+00
-4.600000 3.500000 -3.268798e+00
-4.600000 3.600000 -3.174109e+00
-4.600000 3.700000 -3.072797e+00
-4.600000 3.800000 -2.966668e+00
-4.600000 3.900000 -2.857348e+00
-4.600000 4.000000 -2.746270e+00
-4.600000 4.100000 -2.634669e+00
-4.600000 4.200000 -2.523584e+00
-4.600000 4.300000 -2.413874e+00
-4.600000 4.400000 -2.306228e+00
-4.600000 4.500000 -2.201190e+00
-4.600000 4.600000 -2.099169e+00
-4.600000 4.700000 -2.000467e+00
-4.600000 4.800000 -1.905289e+00
-4.600000 4.900000 -1.813760e+00
-4.600000 5.000000 -1.725944e+00

-4.500000 -5.000000 -1.522119e-01
-4.500000 -4.900000 -1.407633e-01
-4.500000 -4.800000 -1.285810e-01
-4.500000 -4.700000 -1.156799e-01
-4.500000 -4.600000 -1.020918e-01
-4.500000 -4.500000 -8.787005e-02
-4.500000 -4.400000 -7.309469e-02
-4.500000 -4.300000 -5.787779e-02
-4.500000 -4.200000 -4.236980e-02
-4.500000 -4.100000 -2.676589e-02
-4.500000 -4.000000 -1.131237e-02
-4.500000 -3.900000 3.687554e-03
-4.500000 -3.800000 1.786914e-02
-4.500000 -3.700000 3.080372e-02
-4.500000 -3.600000 4.199945e-02
-4.500000 -3.500000 5.090659e-02
-4.500000 -3.400000 5.692853e-02
-4.500000 -3.300000 5.943970e-02
-4.500000 -3.200000 5.781128e-02
-4.500000 -3.100000 5.144487e-02
-4.500000 -3.000000 3.981332e-02
-4.500000 -2.900000 2.250688e-02
-4.500000 -2.800000 -7.186058e-04
-4.500000 -2.700000 -2.989614e-02
-4.500000 -2.600000 -6.480997e-02
-4.500000 -2.500000 -1.049720e-01
-4.500000 -2.400000 -1.496175e-01
-4.500000 -2.300000 -1.977246e-01
-4.500000 -2.200000 -2.480597e-01
-4.500000 -2.100000 -2.992474e-01
-4.500000 -2.000000 -3.498631e-01
-4.500000 -1.900000 -3.985403e-01
-4.500000 -1.800000 -4.440849e-01
-4.500000 -1.700000 -4.855849e-01
-4.500000 -1.600000 -5.225060e-01
-4.500000 -1.500000 -5.547601e-01
-4.500000 -1.400000 -5.827394e-01
-4.500000 -1.300000 -6.073090e-01
-4.500000 -1.200000 -6.297555e-01
-4.500000 -1.100000 -6.516941e-01
-4.500000 -1.000000 -6.749390e-01
-4.500000 -0.900000 -7.013495e-01
-4.500000 -0.800000 -7.326634e-01
-4.500000 -0.700000 -7.703345e-01
-4.500000 -0.600000 -8.153896e-01
-4.500000 -0.500000 -8.683211e-01
-4.500000 -0.400000 -9.290262e-01
-4.500000 -0.300000 -9.968034e-01
-4.500000 -0.200000 -1.070408e+00
-4.500000 -0.100000 -1.148161e+00
-4.500000 0.000000 -1.228116e+00
-4.500000 0.100000 -1.308245e+00
-4.500000 0.200000 -1.386657e+00
-4.500000 0.300000 -1.461799e+00
-4.500000 0.400000 -1.532647e+00
-4.500000 0.500000 -1.598836e+00
-4.500000 0.600000 -1.660745e+00
-4.500000 0.700000 -1.719501e+00
-4.500000 0.800000 -1.776914e+00
-4.500000 0.900000 -1.835334e+00
-4.500000 1.000000 -1.897453e+00
-4.500000 1.100000 -1.966054e+00
-4.500000 1.200000 -2.043745e+00
-4.500000 1.300000 -2.132686e+00
-4.500000 1.400000 -2.234349e+00
-4.500000 1.500000 -2.349322e+00
-4.500000 1.600000 -2.477186e+00
-4.500000 1.700000 -2.616474e+00
-4.500000 1.800000 -2.764710e+00
-4.500000 1.900000 -2.918543e+00
-4.500000 2.000000 -3.073946e+00
-4.500000 2.100000 -3.226468e+00
-4.500000 2.200000 -3.371525e+00
-4.500000 2.300000 -3.504683e+00
-4.500000 2.400000 -3.621938e+00
-4.500000 2.500000 -3.719933e+00
-4.500000 2.600000 -3.796129e+00
-4.500000 2.700000 -3.848899e+00
-4.500000 2.800000 -3.877548e+00
-4.500000 2.900000 -3.882264e+00
-4.500000 3.000000 -3.864021e+00
-4.500000 3.100000 -3.824436e+00
-4.500000 3.200000 -3.765609e+00
-4.500000 3.300000 -3.689954e+00
-4.500000 3.400000 -3.600050e+00
-4.500000 3.500000 -3.498501e+00
-4.500000 3.600000 -3.387827e+00
-4.500000 3.700000 -3.270387e+00
-4.500000 3.800000 -3.148320e+00
-4.500000 3.900000 -3.023516e+00
-4.500000 4.000000 -2.897604e+00
-4.500000 4.100000 -2.771956e+00
-4.500000 4.200000 -2.647698e+00
-4.500000 4.300000 -2.525733e+00
-4.500000 4.400000 -2.406766e+00
-4.500000 4.500000 -2.291326e+00
-4.500000 4.600000 -2.179795e+00
-4.500000 4.700000 -2.072431e+00
-4.500000 4.800000 -1.969388e+00
-4.500000 4.900000 -1.870738e+00
-4.500000 5.000000 -1.776488e+00

-4.400000 -5.000000 -1.461584e-01
-4.400000 -4.900000 -1.333449e-01
-4.400000 -4.800000 -1.196251e-01
-4.400000 -4.700000 -1.049965e-01
-4.400000 -4.600000 -8.947399e-02
-4.400000 -4.500000 -7.309469e-02
-4.400000 -4.400000 -5.592415e-02
-4.400000 -4.300000 -3.806343e-02
-4.400000 -4.200000 -1.965697e-02
-4.400000 -4.100000 -9.013746e-04
-4.400000 -4.000000 1.794555e-02
-4.400000 -3.900000 3.655579e-02
-4.400000 -3.800000 5.452312e-02
-4.400000 -3.700000 7.135712e-02
-4.400000 -3.600000 8.648070e-02
-4.400000 -3.500000 9.923288e-02
-4.400000 -3.400000 1.088787e-01
-4.400000 -3.300000 1.146285e-01
-4.400000 -3.200000 1.156677e-01
-4.400000 -3.100000 1.111983e-01
-4.400000 -3.000000 1.004923e-01
-4.400000 -2.900000 8.295334e-02
-4.400000 -2.800000 5.818509e-02
-4.400000 -2.700000 2.605742e-02
-4.400000 -2.600000 -1.323532e-02
-4.400000 -2.500000 -5.913376e-02
-4.400000 -2.400000 -1.106987e-01
-4.400000 -2.300000 -1.666293e-01
-4.400000 -2.200000 -2.253168e-01
-4.400000 -2.100000 -2.849361e-01
-4.400000 -2.000000 -3.435684e-01
-4.400000 -1.900000 -3.993481e-01
-4.400000 -1.800000 -4.506210e-01
-4.400000 -1.700000 -4.961002e-01
-4.400000 -1.600000 -5.350023e-01
-4.400000 -1.500000 -5.671497e-01
-4.400000 -1.400000 -5.930245e-01
-4.400000 -1.300000 -6.137659e-01
-4.400000 -1.200000 -6.311051e-01
-4.400000 -1.100000 -6.472410e-01
-4.400000 -1.000000 -6.646647e-01
-4.400000 -0.900000 -6.859461e-01
-4.400000 -0.800000 -7.135025e-01
-4.400000 -0.700000 -7.493695e-01
-4.400000 -0.600000 -7.949984e-01
-4.400000 -0.500000 -8.510999e-01
-4.400000 -0.400000 -9.175545e-01
-4.400000 -0.300000 -9.934003e-01
-4.400000 -0.200000 -1.076904e+00
-4.400000 -0.100000 -1.165715e+00
-4.400000 0.000000 -1.257081e+00
-4.400000 0.100000 -1.348124e+00
-4.400000 0.200000 -1.436133e+00
-4.400000 0.300000 -1.518859e+00
-4.400000 0.400000 -1.594773e+00
-4.400000 0.500000 -1.663272e+00
-4.400000 0.600000 -1.724792e+00
-4.400000 0.700000 -1.780830e+00
-4.400000 0.800000 -1.833854e+00
-4.400000 0.900000 -1.887121e+00
-4.400000 1.000000 -1.944397e+00
-4.400000 1.100000 -2.009616e+00
-4.400000 1.200000 -2.086508e+00
-4.400000 1.300000 -2.178224e+00
-4.400000 1.400000 -2.286995e+00
-4.400000 1.500000 -2.413858e+00
-4.400000 1.600000 -2.558484e+00
-4.400000 1.700000 -2.719111e+00
-4.400000 1.800000 -2.892606e+00
-4.400000 1.900000 -3.074638e+00
-4.400000 2.000000 -3.259958e+00
-4.400000 2.100000 -3.442748e+00
-4.400000 2.200000 -3.617019e+00
-4.400000 2.300000 -3.777004e+00
-4.400000 2.400000 -3.917534e+00
-4.400000 2.500000 -4.034337e+00
-4.400000 2.600000 -4.124257e+00
-4.400000 2.700000 -4.185369e+00
-4.400000 2.800000 -4.216990e+00
-4.400000 2.900000 -4.219596e+00
-4.400000 3.000000 -4.194665e+00
-4.400000 3.100000 -4.144472e+00
-4.400000 3.200000 -4.071859e+00
-4.400000 3.300000 -3.980007e+00
-4.400000 3.400000 -3.872231e+00
-4.400000 3.500000 -3.751810e+00
-4.400000 3.600000 -3.621850e+00
-4.400000 3.700000 -3.485195e+00
-4.400000 3.800000 -3.344369e+00
-4.400000 3.900000 -3.201550e+00
-4.400000 4.000000 -3.058571e+00
-4.400000 4.100000 -2.916932e+00
-4.400000 4.200000 -2.777832e+00
-4.400000 4.300000 -2.642196e+00
-4.400000 4.400000 -2.510717e+00
-4.400000 4.500000 -2.383885e+00
-4.400000 4.600000 -2.262029e+00
-4.400000 4.700000 -2.145337e+00
-4.400000 4.800000 -2.033892e+00
-4.400000 4.900000 -1.927691e+00
-4.400000 5.000000 -1.826667e+00

-4.300000 -5.000000 -1.403104e-01
-4.300000 -4.900000 -1.260603e-01
-4.300000 -4.800000 -1.107079e-01
-4.300000 -4.700000 -9.422859e-02
-4.300000 -4.600000 -7.661394e-02
-4.300000 -4.500000 -5.787779e-02
-4.300000 -4.400000 -3.806343e-02
-4.300000 -4.300000 -1.725218e-02
-4.300000 -4.200000 4.426567e-03
-4.300000 -4.100000 2.678390e-02
-4.300000 -4.000000 4.955892e-02
-4.300000 -3.900000 7.240556e-02
-4.300000 -3.800000 9.487984e-02
-4.300000 -3.700000 1.164287e-01
-4.300000 -3.600000 1.363821e-01
-4.300000 -3.500000 1.539515e-01
-4.300000 -3.400000 1.682363e-01
-4.300000 -3.300000 1.782428e-01
-4.300000 -3.200000 1.829172e-01
-4.300000 -3.100000 1.811963e-01
-4.300000 -3.000000 1.720750e-01
-4.300000 -2.900000 1.546899e-01
-4.300000 -2.800000 1.284141e-01
-4.300000 -2.700000 9.295414e-02
-4.300000 -2.600000 4.843881e-02
-4.300000 -2.500000 -4.513254e-03
-4.300000 -2.400000 -6.476076e-02
-4.300000 -2.300000 -1.306518e-01
-4.300000 -2.200000 -2.000881e-01
-4.300000 -2.100000 -2.706413e-01
-4.300000 -2.000000 -3.397182e-01
-4.300000 -1.900000 -4.047606e-01
-4.300000 -1.800000 -4.634668e-01
-4.300000 -1.700000 -5.140107e-01
-4.300000 -1.600000 -5.552390e-01
-4.300000 -1.500000 -5.868220e-01
-4.300000 -1.400000 -6.093396e-01
-4.300000 -1.300000 -6.242869e-01
-4.300000 -1.200000 -6.339931e-01
-4.300000 -1.100000 -6.414565e-01
-4.300000 -1.000000 -6.501040e-01
-4.300000 -0.900000 -6.634977e-01
-4.300000 -0.800000 -6.850104e-01
-4.300000 -0.700000 -7.175045e-01
-4.300000 -0.600000 -7.630416e-01
-4.300000 -0.500000 -8.226580e-01
-4.300000 -0.400000 -8.962294e-01
-4.300000 -0.300000 -9.824455e-01
-4.300000 -0.200000 -1.078901e+00
-4.300000 -0.100000 -1.182303e+00
-4.300000 0.000000 -1.288772e+00
-4.300000 0.100000 -1.394221e+00
-4.300000 0.200000 -1.494769e+00
-4.300000 0.300000 -1.587158e+00
-4.300000 0.400000 -1.669121e+00
-4.300000 0.500000 -1.739676e+00
-4.300000 0.600000 -1.799298e+00
-4.300000 0.700000 -1.849965e+00
-4.300000 0.800000 -1.895038e+00
-4.300000 0.900000 -1.939015e+00
-4.300000 1.000000 -1.987150e+00
-4.300000 1.100000 -2.044982e+00
-4.300000 1.200000 -2.117818e+00
-4.300000 1.300000 -2.210208e+00
-4.300000 1.400000 -2.325465e+00
-4.300000 1.500000 -2.465288e+00
-4.300000 1.600000 -2.629505e+00
-4.300000 1.700000 -2.815984e+00
-4.300000 1.800000 -3.020711e+00
-4.300000 1.900000 -3.238033e+00
-4.300000 2.000000 -3.461044e+00
-4.300000 2.100000 -3.682072e+00
-4.300000 2.200000 -3.893226e+00
-4.300000 2.300000 -4.086950e+00
-4.300000 2.400000 -4.256527e+00
-4.300000 2.500000 -4.396491e+00
-4.300000 2.600000 -4.502918e+00
-4.300000 2.700000 -4.573557e+00
-4.300000 2.800000 -4.607826e+00
-4.300000 2.900000 -4.606670e+00
-4.300000 3.000000 -4.572316e+00
-4.300000 3.100000 -4.507971e+00
-4.300000 3.200000 -4.417495e+00
-4.300000 3.300000 -4.305094e+00
-4.300000 3.400000 -4.175040e+00
-4.300000 3.500000 -4.031460e+00
-4.300000 3.600000 -3.878173e+00
-4.300000 3.700000 -3.718593e+00
-4.300000 3.800000 -3.555675e+00
-4.300000 3.900000 -3.391904e+00
-4.300000 4.000000 -3.229310e+00
-4.300000 4.100000 -3.069505e+00
-4.300000 4.200000 -2.913727e+00
-4.300000 4.300000 -2.762890e+00
-4.300000 4.400000 -2.617636e+00
-4.300000 4.500000 -2.478385e+00
-4.300000 4.600000 -2.345371e+00
-4.300000 4.700000 -2.218688e+00
-4.300000 4.800000 -2.098318e+00
-4.300000 4.900000 -1.984159e+00
-4.300000 5.000000 -1.876047e+00

-4.200000 -5.000000 -1.347861e-01
-4.200000 -4.900000 -1.190375e-01
-4.200000 -4.800000 -1.019670e-01
-4.200000 -4.700000 -8.352130e-02
-4.200000 -4.600000 -6.366159e-02
-4.200000 -4.500000 -4.236980e-02
-4.200000 -4.400000 -1.965697e-02
-4.200000 -4.300000 4.426567e-03
-4.200000 -4.200000 2.977888e-02
-4.200000 -4.100000 5.623187e-02
-4.200000 -4.000000 8.353458e-02
-4.200000 -3.900000 1.113349e-01
-4.200000 -3.800000 1.391601e-01
-4.200000 -3.700000 1.663987e-01
-4.200000 -3.600000 1.922845e-01
-4.200000 -3.500000 2.158865e-01
-4.200000 -3.400000 2.361100e-01
-4.200000 -3.300000 2.517108e-01
-4.200000 -3.200000 2.613302e-01
-4.200000 -3.100000 2.635538e-01
-4.200000 -3.000000 2.569965e-01
-4.200000 -2.900000 2.404136e-01
-4.200000 -2.800000 2.128323e-01
-4.200000 -2.700000 1.736929e-01
-4.200000 -2.600000 1.229838e-01
-4.200000 -2.500000 6.135086e-02
-4.200000 -2.400000 -9.838691e-03
-4.200000 -2.300000 -8.849550e-02
-4.200000 -2.200000 -1.718810e-01
-4.200000 -2.100000 -2.567574e-01
-4.200000 -2.000000 -3.396073e-01
-4.200000 -1.900000 -4.169094e-01
-4.200000 -1.800000 -4.854455e-01
-4.200000 -1.700000 -5.426130e-01
-4.200000 -1.600000 -5.867079e-01
-4.200000 -1.500000 -6.171492e-01
-4.200000 -1.400000 -6.346129e-01
-4.200000 -1.300000 -6.410542e-01
-4.200000 -1.200000 -6.396081e-01
-4.200000 -1.100000 -6.343684e-01
-4.200000 -1.000000 -6.300604e-01
-4.200000 -0.900000 -6.316334e-01
-4.200000 -0.800000 -6.438094e-01
-4.200000 -0.700000 -6.706282e-01
-4.200000 -0.600000 -7.150341e-01
-4.200000 -0.500000 -7.785497e-01
-4.200000 -0.400000 -8.610739e-01
-4.200000 -0.300000 -9.608324e-01
-4.200000 -0.200000 -1.074495e+00
-4.200000 -0.100000 -1.197454e+00
-4.200000 0.000000 -1.324244e+00
-4.200000 0.100000 -1.449065e+00
-4.200000 0.200000 -1.566366e+00
-4.200000 0.300000 -1.671431e+00
-4.200000 0.400000 -1.760905e+00
-4.200000 0.500000 -1.833222e+00
-4.200000 0.600000 -1.888861e+00
-4.200000 0.700000 -1.930419e+00
-4.200000 0.800000 -1.962468e+00
-4.200000 0.900000 -1.991212e+00
-4.200000 1.000000 -2.023972e+00
-4.200000 1.100000 -2.068531e+00
-4.200000 1.200000 -2.132408e+00
-4.200000 1.300000 -2.222132e+00
-4.200000 1.400000 -2.342567e+00
-4.200000 1.500000 -2.496370e+00
-4.200000 1.600000 -2.683632e+00
-4.200000 1.700000 -2.901746e+00
-4.200000 1.800000 -3.145512e+00
-4.200000 1.900000 -3.407476e+00
-4.200000 2.000000 -3.678463e+00
-4.200000 2.100000 -3.948267e+00
-4.200000 2.200000 -4.206409e+00
-4.200000 2.300000 -4.442906e+00
-4.200000 2.400000 -4.648972e+00
-4.200000 2.500000 -4.817580e+00
-4.200000 2.600000 -4.943847e+00
-4.200000 2.700000 -5.025190e+00
-4.200000 2.800000 -5.061286e+00
-4.200000 2.900000 -5.053827e+00
-4.200000 3.000000 -5.006154e+00
-4.200000 3.100000 -4.922801e+00
-4.200000 3.200000 -4.809034e+00
-4.200000 3.300000 -4.670422e+00
-4.200000 3.400000 -4.512478e+00
-4.200000 3.500000 -4.340389e+00
-4.200000 3.600000 -4.158832e+00
-4.200000 3.700000 -3.971878e+00
-4.200000 3.800000 -3.782950e+00
-4.200000 3.900000 -3.594840e+00
-4.200000 4.000000 -3.409753e+00
-4.200000 4.100000 -3.229369e+00
-4.200000 4.200000 -3.054918e+00
-4.200000 4.300000 -2.887251e+00
-4.200000 4.400000 -2.726909e+00
-4.200000 4.500000 -2.574188e+00
-4.200000 4.600000 -2.429191e+00
-4.200000 4.700000 -2.291875e+00
-4.200000 4.800000 -2.162088e+00
-4.200000 4.900000 -2.039600e+00
-4.200000 5.000000 -1.924130e+00

-4.100000 -5.000000 -1.297208e-01
-4.100000 -4.900000 -1.124260e-01
-4.100000 -4.800000 -9.356570e-02
-4.100000 -4.700000 -7.305121e-02
-4.100000 -4.600000 -5.080468e-02
-4.100000 -4.500000 -2.676589e-02
-4.100000 -4.400000 -9.013746e-04
-4.100000 -4.300000 2.678390e-02
-4.100000 -4.200000 5.623187e-02
-4.100000 -4.100000 8.731335e-02
-4.100000 -4.000000 1.198066e-01
-4.100000 -3.900000 1.533724e-01
-4.100000 -3.800000 1.875268e-01
-4.100000 -3.700000 2.216120e-01
-4.100000 -3.600000 2.547696e-01
-4.100000 -3.500000 2.859177e-01
-4.100000 -3.400000 3.137396e-01
-4.100000 -3.300000 3.366899e-01
-4.100000 -3.200000 3.530255e-01
-4.100000 -3.100000 3.608709e-01
-4.100000 -3.000000 3.583219e-01
-4.100000 -2.900000 3.435915e-01
-4.100000 -2.800000 3.151917e-01
-4.100000 -2.700000 2.721380e-01
-4.100000 -2.600000 2.141539e-01
-4.100000 -2.500000 1.418461e-01
-4.100000 -2.400000 5.681961e-02
-4.100000 -2.300000 -3.829595e-02
-4.100000 -2.200000 -1.399261e-01
-4.100000 -2.100000 -2.437428e-01
-4.100000 -2.000000 -3.449598e-01
-4.100000 -1.900000 -4.387102e-01
-4.100000 -1.800000 -5.204759e-01
-4.100000 -1.700000 -5.865309e-01
-4.100000 -1.600000 -6.343511e-01
-4.100000 -1.500000 -6.629464e-01
-4.100000 -1.400000 -6.730695e-01
-4.100000 -1.300000 -6.672681e-01
-4.100000 -1.200000 -6.497632e-01
-4.100000 -1.100000 -6.261538e-01
-4.100000 -1.000000 -6.029694e-01
-4.100000 -0.900000 -5.871062e-01
-4.100000 -0.800000 -5.851948e-01
-4.100000 -0.700000 -6.029585e-01
-4.100000 -0.600000 -6.446223e-01
-4.100000 -0.500000 -7.124383e-01
-4.100000 -0.400000 -8.063827e-01
-4.100000 -0.300000 -9.240678e-01
-4.100000 -0.200000 -1.060890e+00
-4.100000 -0.100000 -1.210408e+00
-4.100000 0.000000 -1.364923e+00
-4.100000 0.100000 -1.516208e+00
-4.100000 0.200000 -1.656325e+00
-4.100000 0.300000 -1.778452e+00
-4.100000 0.400000 -1.877642e+00
-4.100000 0.500000 -1.951431e+00
-4.100000 0.600000 -2.000227e+00
-4.100000 0.700000 -2.027433e+00
-4.100000 0.800000 -2.039262e+00
-4.100000 0.900000 -2.044277e+00
-4.100000 1.000000 -2.052672e+00
-4.100000 1.100000 -2.075368e+00
-4.100000 1.200000 -2.123004e+00
-4.100000 1.300000 -2.204912e+00
-4.100000 1.400000 -2.328167e+00
-4.100000 1.500000 -2.496821e+00
-4.100000 1.600000 -2.711388e+00
-4.100000 1.700000 -2.968641e+00
-4.100000 1.800000 -3.261767e+00
-4.100000 1.900000 -3.580832e+00
-4.100000 2.000000 -3.913539e+00
-4.100000 2.100000 -4.246190e+00
-4.100000 2.200000 -4.564750e+00
-4.100000 2.300000 -4.855927e+00
-4.100000 2.400000 -5.108144e+00
-4.100000 2.500000 -5.312319e+00
-4.100000 2.600000 -5.462378e+00
-4.100000 2.700000 -5.555443e+00
-4.100000 2.800000 -5.591712e+00
-4.100000 2.900000 -5.574070e+00
-4.100000 3.000000 -5.507511e+00
-4.100000 3.100000 -5.398468e+00
-4.100000 3.200000 -5.254145e+00
-4.100000 3.300000 -5.081933e+00
-4.100000 3.400000 -4.888943e+00
-4.100000 3.500000 -4.681673e+00
-4.100000 3.600000 -4.465818e+00
-4.100000 3.700000 -4.246178e+00
-4.100000 3.800000 -4.026663e+00
-4.100000 3.900000 -3.810344e+00
-4.100000 4.000000 -3.599543e+00
-4.100000 4.100000 -3.395941e+00
-4.100000 4.200000 -3.200684e+00
-4.100000 4.300000 -3.014484e+00
-4.100000 4.400000 -2.837715e+00
-4.100000 4.500000 -2.670485e+00
-4.100000 4.600000 -2.512711e+00
-4.100000 4.700000 -2.364164e+00
-4.100000 4.800000 -2.224520e+00
-4.100000 4.900000 -2.093390e+00
-4.100000 5.000000 -1.970345e+00

-4.000000 -5.000000 -1.252669e-01
-4.000000 -4.900000 -1.063970e-01
-4.000000 -4.800000 -8.569488e-02
-4.000000 -4.700000 -6.302904e-02
-4.000000 -4.600000 -3.827300e-02
-4.000000 -4.500000 -1.131237e-02
-4.000000 -4.400000 1.794555e-02
-4.000000 -4.300000 4.955892e-02
-4.000000 -4.200000 8.353458e-02
-4.000000 -4.100000 1.198066e-01
-4.000000 -4.000000 1.582094e-01
-4.000000 -3.900000 1.984457e-01
-4.000000 -3.800000 2.400483e-01
-4.000000 -3.700000 2.823387e-01
-4.000000 -3.600000 3.243827e-01
-4.000000 -3.500000 3.649496e-01
-4.000000 -3.400000 4.024809e-01
-4.000000 -3.300000 4.350780e-01
-4.000000 -3.200000 4.605216e-01
-4.000000 -3.100000 4.763365e-01
-4.000000 -3.000000 4.799142e-01
-4.000000 -2.900000 4.686995e-01
-4.000000 -2.800000 4.404404e-01
-4.000000 -2.700000 3.934838e-01
-4.000000 -2.600000 3.270851e-01
-4.000000 -2.500000 2.416871e-01
-4.000000 -2.400000 1.391187e-01
-4.000000 -2.300000 2.266790e-02
-4.000000 -2.200000 -1.029992e-01
-4.000000 -2.100000 -2.320837e-01
-4.000000 -2.000000 -3.580501e-01
-4.000000 -1.900000 -4.741461e-01
-4.000000 -1.800000 -5.740031e-01
-4.000000 -1.700000 -6.522650e-01
-4.000000 -1.600000 -7.051837e-01
-4.000000 -1.500000 -7.311116e-01
-4.000000 -1.400000 -7.308262e-01
-4.000000 -1.300000 -7.076332e-01
-4.000000 -1.200000 -6.672195e-01
-4.000000 -1.100000 -6.172578e-01
-4.000000 -1.000000 -5.667919e-01
-4.000000 -0.900000 -5.254552e-01
-4.000000 -0.800000 -5.025870e-01
-4.000000 -0.700000 -5.063255e-01
-4.000000 -0.600000 -5.427614e-01
-4.000000 -0.500000 -6.152444e-01
-4.000000 -0.400000 -7.239274e-01
-4.000000 -0.300000 -8.656152e-01
-4.000000 -0.200000 -1.033951e+00
-4.000000 -0.100000 -1.219932e+00
-4.000000 0.000000 -1.412713e+00
-4.000000 0.100000 -1.600626e+00
-4.000000 0.200000 -1.772321e+00
-4.000000 0.300000 -1.917937e+00
-4.000000 0.400000 -2.030185e+00
-4.000000 0.500000 -2.105235e+00
-4.000000 0.600000 -2.143295e+00
-4.000000 0.700000 -2.148810e+00
-4.000000 0.800000 -2.130234e+00
-4.000000 0.900000 -2.099393e+00
-4.000000 1.000000 -2.070491e+00
-4.000000 1.100000 -2.058854e+00
-4.000000 1.200000 -2.079520e+00
-4.000000 1.300000 -2.145800e+00
-4.000000 1.400000 -2.267939e+00
-4.000000 1.500000 -2.452015e+00
-4.000000 1.600000 -2.699196e+00
-4.000000 1.700000 -3.005448e+00
-4.000000 1.800000 -3.361733e+00
-4.000000 1.900000 -3.754683e+00
-4.000000 2.000000 -4.167664e+00
-4.000000 2.100000 -4.582131e+00
-4.000000 2.200000 -4.979132e+00
-4.000000 2.300000 -5.340817e+00
-4.000000 2.400000 -5.651815e+00
-4.000000 2.500000 -5.900319e+00
-4.000000 2.600000 -6.078785e+00
-4.000000 2.700000 -6.184147e+00
-4.000000 2.800000 -6.217578e+00
-4.000000 2.900000 -6.183847e+00
-4.000000 3.000000 -6.090415e+00
-4.000000 3.100000 -5.946437e+00
-4.000000 3.200000 -5.761801e+00
-4.000000 3.300000 -5.546326e+00
-4.000000 3.400000 -5.309162e+00
-4.000000 3.500000 -5.058410e+00
-4.000000 3.600000 -4.800932e+00
-4.000000 3.700000 -4.542309e+00
-4.000000 3.800000 -4.286908e+00
-4.000000 3.900000 -4.038003e+00
-4.000000 4.000000 -3.797937e+00
-4.000000 4.100000 -3.568279e+00
-4.000000 4.200000 -3.349982e+00
-4.000000 4.300000 -3.143518e+00
-4.000000 4.400000 -2.948998e+00
-4.000000 4.500000 -2.766268e+00
-4.000000 4.600000 -2.594985e+00
-4.000000 4.700000 -2.434686e+00
-4.000000 4.800000 -2.284824e+00
-4.000000 4.900000 -2.144815e+00
-4.000000 5.000000 -2.014054e+00

-3.900000 -5.000000 -1.215934e-01
-3.900000 -4.900000 -1.011432e-01
-3.900000 -4.800000 -7.857340e-02
-3.900000 -4.700000 -5.370148e-02
-3.900000 -4.600000 -2.634185e-02
-3.900000 -4.500000 3.687554e-03
-3.900000 -4.400000 3.655579e-02
-3.900000 -4.300000 7.240556e-02
-3.900000 -4.200000 1.113349e-01
-3.900000 -4.100000 1.533724e-01
-3.900000 -4.000000 1.984457e-01
-3.900000 -3.900000 2.463403e-01
-3.900000 -3.800000 2.966502e-01
-3.900000 -3.700000 3.487191e-01
-3.900000 -3.600000 4.015743e-01
-3.900000 -3.500000 4.538588e-01
-3.900000 -3.400000 5.037681e-01
-3.900000 -3.300000 5.490066e-01
-3.900000 -3.200000 5.867792e-01
-3.900000 -3.100000 6.138433e-01
-3.900000 -3.000000 6.266414e-01
-3.900000 -2.900000 6.215351e-01
-3.900000 -2.800000 5.951436e-01
-3.900000 -2.700000 5.447704e-01
-3.900000 -2.600000 4.688734e-01
-3.900000 -2.500000 3.675083e-01
-3.900000 -2.400000 2.426641e-01
-3.900000 -2.300000 9.841843e-02
-3.900000 -2.200000 -5.913720e-02
-3.900000 -2.100000 -2.222120e-01
-3.900000 -2.000000 -3.818520e-01
-3.900000 -1.900000 -5.286552e-01
-3.900000 -1.800000 -6.536095e-01
-3.900000 -1.700000 -7.489865e-01
-3.900000 -1.600000 -8.092057e-01
-3.900000 -1.500000 -8.315707e-01
-3.900000 -1.400000 -8.167747e-01
-3.900000 -1.300000 -7.690878e-01
-3.900000 -1.200000 -6.961815e-01
-3.900000 -1.100000 -6.085936e-01
-3.900000 -1.000000 -5.188805e-01
-3.900000 -0.900000 -4.405330e-01
-3.900000 -0.800000 -3.867443e-01
-3.900000 -0.700000 -3.691290e-01
-3.900000 -0.600000 -3.965074e-01
-3.900000 -0.500000 -4.738874e-01
-3.900000 -0.400000 -6.017732e-01
-3.900000 -0.300000 -7.759113e-01
-3.900000 -0.200000 -9.875250e-01
-3.900000 -0.100000 -1.224027e+00
-3.900000 0.000000 -1.470135e+00
-3.900000 0.100000 -1.709297e+00
-3.900000 0.200000 -1.925282e+00
-3.900000 0.300000 -2.103837e+00
-3.900000 0.400000 -2.234232e+00
-3.900000 0.500000 -2.310558e+00
-3.900000 0.600000 -2.332602e+00
-3.900000 0.700000 -2.306161e+00
-3.900000 0.800000 -2.242760e+00
-3.900000 0.900000 -2.158761e+00
-3.900000 1.000000 -2.073980e+00
-3.900000 1.100000 -2.009939e+00
-3.900000 1.200000 -1.987896e+00
-3.900000 1.300000 -2.026830e+00
-3.900000 1.400000 -2.141540e+00
-3.900000 1.500000 -2.341056e+00
-3.900000 1.600000 -2.627555e+00
-3.900000 1.700000 -2.995926e+00
-3.900000 1.800000 -3.434043e+00
-3.900000 1.900000 -3.923733e+00
-3.900000 2.000000 -4.442295e+00
-3.900000 2.100000 -4.964412e+00
-3.900000 2.200000 -5.464275e+00
-3.900000 2.300000 -5.917711e+00
-3.900000 2.400000 -6.304132e+00
-3.900000 2.500000 -6.608083e+00
-3.900000 2.600000 -6.820208e+00
-3.900000 2.700000 -6.937510e+00
-3.900000 2.800000 -6.962888e+00
-3.900000 2.900000 -6.904082e+00
-3.900000 3.000000 -6.772261e+00
-3.900000 3.100000 -6.580501e+00
-3.900000 3.200000 -6.342405e+00
-3.900000 3.300000 -6.071011e+00
-3.900000 3.400000 -5.778047e+00
-3.900000 3.500000 -5.473520e+00
-3.900000 3.600000 -5.165580e+00
-3.900000 3.700000 -4.860573e+00
-3.900000 3.800000 -4.563224e+00
-3.900000 3.900000 -4.276866e+00
-3.900000 4.000000 -4.003693e+00
-3.900000 4.100000 -3.744999e+00
-3.900000 4.200000 -3.501388e+00
-3.900000 4.300000 -3.272956e+00
-3.900000 4.400000 -3.059434e+00
-3.900000 4.500000 -2.860305e+00
-3.900000 4.600000 -2.674894e+00
-3.900000 4.700000 -2.502429e+00
-3.900000 4.800000 -2.342098e+00
-3.900000 4.900000 -2.193075e+00
-3.900000 5.000000 -2.054550e+00

-3.800000 -5.000000 -1.188845e-01
-3.800000 -4.900000 -9.687798e-02
-3.800000 -4.800000 -7.244770e-02
-3.800000 -4.700000 -4.535170e-02
-3.800000 -4.600000 -1.533423e-02
-3.800000 -4.500000 1.786914e-02
-3.800000 -4.400000 5.452312e-02
-3.800000 -4.300000 9.487984e-02
-3.800000 -4.200000 1.391601e-01
-3.800000 -4.100000 1.875268e-01
-3.800000 -4.000000 2.400483e-01
-3.800000 -3.900000 2.966502e-01
-3.800000 -3.800000 3.570518e-01
-3.800000 -3.700000 4.206882e-01
-3.800000 -3.600000 4.866159e-01
-3.800000 -3.500000 5.534068e-01
-3.800000 -3.400000 6.190390e-01
-3.800000 -3.300000 6.807994e-01
-3.800000 -3.200000 7.352232e-01
-3.800000 -3.100000 7.781058e-01
-3.800000 -3.000000 8.046274e-01
-3.800000 -2.900000 8.096293e-01
-3.800000 -2.800000 7.880667e-01
-3.800000 -2.700000 7.356222e-01
-3.800000 -2.600000 6.494232e-01
-3.800000 -2.500000 5.287492e-01
-3.800000 -2.400000 3.755957e-01
-3.800000 -2.300000 1.949666e-01
-3.800000 -2.200000 -5.179760e-03
-3.800000 -2.100000 -2.143440e-01
-3.800000 -2.000000 -4.202174e-01
-3.800000 -1.900000 -6.096649e-01
-3.800000 -1.800000 -7.698892e-01
-3.800000 -1.700000 -8.896949e-01
-3.800000 -1.600000 -9.607483e-01
-3.800000 -1.500000 -9.786866e-01
-3.800000 -1.400000 -9.439100e-01
-3.800000 -1.300000 -8.619103e-01
-3.800000 -1.200000 -7.430591e-01
-3.800000 -1.100000 -6.018696e-01
-3.800000 -1.000000 -4.558177e-01
-3.800000 -0.900000 -3.238398e-01
-3.800000 -0.800000 -2.246234e-01
-3.800000 -0.700000 -1.748055e-01
-3.800000 -0.600000 -1.872238e-01
-3.800000 -0.500000 -2.694046e-01
-3.800000 -0.400000 -4.225035e-01
-3.800000 -0.300000 -6.408815e-01
-3.800000 -0.200000 -9.124074e-01
-3.800000 -0.100000 -1.219458e+00
-3.800000 0.000000 -1.540488e+00
-3.800000 0.100000 -1.852007e+00
-3.800000 0.200000 -2.130804e+00
-3.800000 0.300000 -2.356259e+00
-3.800000 0.400000 -2.512574e+00
-3.800000 0.500000 -2.590678e+00
-3.800000 0.600000 -2.589556e+00
-3.800000 0.700000 -2.516775e+00
-3.800000 0.800000 -2.388092e+00
-3.800000 0.900000 -2.226214e+00
-3.800000 1.000000 -2.058836e+00
-3.800000 1.100000 -1.916211e+00
-3.800000 1.200000 -1.828413e+00
-3.800000 1.300000 -1.822519e+00
-3.800000 1.400000 -1.919907e+00
-3.800000 1.500000 -2.133935e+00
-3.800000 1.600000 -2.468330e+00
-3.800000 1.700000 -2.916520e+00
-3.800000 1.800000 -3.462041e+00
-3.800000 1.900000 -4.079938e+00
-3.800000 2.000000 -4.738960e+00
-3.800000 2.100000 -5.404275e+00
-3.800000 2.200000 -6.040447e+00
-3.800000 2.300000 -6.614443e+00
-3.800000 2.400000 -7.098415e+00
-3.800000 2.500000 -7.471952e+00
-3.800000 2.600000 -7.723481e+00
-3.800000 2.700000 -7.850569e+00
-3.800000 2.800000 -7.859101e+00
-3.800000 2.900000 -7.761534e+00
-3.800000 3.000000 -7.574632e+00
-3.800000 3.100000 -7.317149e+00
-3.800000 3.200000 -7.007830e+00
-3.800000 3.300000 -6.663947e+00
-3.800000 3.400000 -6.300418e+00
-3.800000 3.500000 -5.929435e+00
-3.800000 3.600000 -5.560465e+00
-3.800000 3.700000 -5.200493e+00
-3.800000 3.800000 -4.854381e+00
-3.800000 3.900000 -4.525264e+00
-3.800000 4.000000 -4.214935e+00
-3.800000 4.100000 -3.924171e+00
-3.800000 4.200000 -3.653021e+00
-3.800000 4.300000 -3.401027e+00
-3.800000 4.400000 -3.167396e+00
-3.800000 4.500000 -2.951132e+00
-3.800000 4.600000 -2.751129e+00
-3.800000 4.700000 -2.566242e+00
-3.800000 4.800000 -2.395328e+00
-3.800000 4.900000 -2.237286e+00
-3.800000 5.000000 -2.091065e+00

-3.700000 -5.000000 -1.173367e-01
-3.700000 -4.900000 -9.383294e-02
-3.700000 -4.800000 -6.758977e-02
-3.700000 -4.700000 -3.829812e-02
-3.700000 -4.600000 -5.620983e-03
-3.700000 -4.500000 3.080372e-02
-3.700000 -4.400000 7.135712e-02
-3.700000 -4.300000 1.164287e-01
-3.700000 -4.200000 1.663987e-01
-3.700000 -4.100000 2.216120e-01
-3.700000 -4.000000 2.823387e-01
-3.700000 -3.900000 3.487191e-01
-3.700000 -3.800000 4.206882e-01
-3.700000 -3.700000 4.978760e-01
-3.700000 -3.600000 5.794793e-01
-3.700000 -3.500000 6.641072e-01
-3.700000 -3.400000 7.496049e-01
-3.700000 -3.300000 8.328735e-01
-3.700000 -3.200000 9.097162e-01
-3.700000 -3.100000 9.747632e-01
-3.700000 -3.000000 1.021544e+00
-3.700000 -2.900000 1.042783e+00
-3.700000 -2.800000 1.030986e+00
-3.700000 -2.700000 9.793197e-01
-3.700000 -2.600000 8.827124e-01
-3.700000 -2.500000 7.389990e-01
-3.700000 -2.400000 5.498669e-01
-3.700000 -2.300000 3.213816e-01
-3.700000 -2.200000 6.396265e-02
-3.700000 -2.100000 -2.081840e-01
-3.700000 -2.000000 -4.780821e-01
-3.700000 -1.900000 -7.273323e-01
-3.700000 -1.800000 -9.377074e-01
-3.700000 -1.700000 -1.092926e+00
-3.700000 -1.600000 -1.180492e+00
-3.700000 -1.500000 -1.193390e+00
-3.700000 -1.400000 -1.131349e+00
-3.700000 -1.300000 -1.001407e+00
-3.700000 -1.200000 -8.176451e-01
-3.700000 -1.100000 -6.001247e-01
-3.700000 -1.000000 -3.732283e-01
-3.700000 -0.900000 -1.635827e-01
-3.700000 -0.800000 2.283311e-03
-3.700000 -0.700000 1.004460e-01
-3.700000 -0.600000 1.121119e-01
-3.700000 -0.500000 2.589441e-02
-3.700000 -0.400000 -1.605231e-01
-3.700000 -0.300000 -4.396807e-01
-3.700000 -0.200000 -7.947542e-01
-3.700000 -0.100000 -1.201008e+00
-3.700000 0.000000 -1.628037e+00
-3.700000 0.100000 -2.042508e+00
-3.700000 0.200000 -2.411219e+00
-3.700000 0.300000 -2.704312e+00
-3.700000 0.400000 -2.898472e+00
-3.700000 0.500000 -2.979790e+00
-3.700000 0.600000 -2.945821e+00
-3.700000 0.700000 -2.806455e+00
-3.700000 0.800000 -2.583367e+00
-3.700000 0.900000 -2.308193e+00
-3.700000 1.000000 -2.019732e+00
-3.700000 1.100000 -1.760545e+00
-3.700000 1.200000 -1.573221e+00
-3.700000 1.300000 -1.496457e+00
-3.700000 1.400000 -1.561207e+00
-3.700000 1.500000 -1.787241e+00
-3.700000 1.600000 -2.180671e+00
-3.700000 1.700000 -2.732914e+00
-3.700000 1.800000 -3.421302e+00
-3.700000 1.900000 -4.211212e+00
-3.700000 2.000000 -5.059276e+00
-3.700000 2.100000 -5.917225e+00
-3.700000 2.200000 -6.736033e+00
-3.700000 2.300000 -7.470128e+00
-3.700000 2.400000 -8.081401e+00
-3.700000 2.500000 -8.542573e+00
-3.700000 2.600000 -8.839337e+00
-3.700000 2.700000 -8.970761e+00
-3.700000 2.800000 -8.947845e+00
-3.700000 2.900000 -8.790576e+00
-3.700000 3.000000 -8.524252e+00
-3.700000 3.100000 -8.175883e+00
-3.700000 3.200000 -7.771305e+00
-3.700000 3.300000 -7.333278e+00
-3.700000 3.400000 -6.880541e+00
-3.700000 3.500000 -6.427627e+00
-3.700000 3.600000 -5.985169e+00
-3.700000 3.700000 -5.560459e+00
-3.700000 3.800000 -5.158093e+00
-3.700000 3.900000 -4.780604e+00
-3.700000 4.000000 -4.429000e+00
-3.700000 4.100000 -4.103220e+00
-3.700000 4.200000 -3.802483e+00
-3.700000 4.300000 -3.525554e+00
-3.700000 4.400000 -3.270942e+00
-3.700000 4.500000 -3.037036e+00
-3.700000 4.600000 -2.822198e+00
-3.700000 4.700000 -2.624828e+00
-3.700000 4.800000 -2.443401e+00
-3.700000 4.900000 -2.276490e+00
-3.700000 5.000000 -2.122777e+00

-3.600000 -5.000000 -1.171558e-01
-3.600000 -4.900000 -9.225373e-02
-3.600000 -4.800000 -6.429311e-02
-3.600000 -4.700000 -3.289074e-02
-3.600000 -4.600000 2.381894e-03
-3.600000 -4.500000 4.199945e-02
-3.600000 -4.400000 8.648070e-02
-3.600000 -4.300000 1.363821e-01
-3.600000 -4.200000 1.922845e-01
-3.600000 -4.100000 2.547696e-01
-3.600000 -4.000000 3.243827e-01
-3.600000 -3.900000 4.015743e-01
-3.600000 -3.800000 4.866159e-01
-3.600000 -3.700000 5.794793e-01
-3.600000 -3.600000 6.796734e-01
-3.600000 -3.500000 7.860299e-01
-3.600000 -3.400000 8.964388e-01
-3.600000 -3.300000 1.007545e+00
-3.600000 -3.200000 1.114441e+00
-3.600000 -3.100000 1.210425e+00
-3.600000 -3.000000 1.286926e+00
-3.600000 -2.900000 1.333758e+00
-3.600000 -2.800000 1.339826e+00
-3.600000 -2.700000 1.294378e+00
-3.600000 -2.600000 1.188716e+00
-3.600000 -2.500000 1.018074e+00
-3.600000 -2.400000 7.832409e-01
-3.600000 -2.300000 4.914699e-01
-3.600000 -2.200000 1.564795e-01
-3.600000 -2.100000 -2.024011e-01
-3.600000 -2.000000 -5.616872e-01
-3.600000 -1.900000 -8.955694e-01
-3.600000 -1.800000 -1.178036e+00
-3.600000 -1.700000 -1.385310e+00
-3.600000 -1.600000 -1.498541e+00
-3.600000 -1.500000 -1.506456e+00
-3.600000 -1.400000 -1.407443e+00
-3.600000 -1.300000 -1.210519e+00
-3.600000 -1.200000 -9.349416e-01
-3.600000 -1.100000 -6.085948e-01
-3.600000 -1.000000 -2.655740e-01
-3.600000 -0.900000 5.665815e-02
-3.600000 -0.800000 3.203925e-01
-3.600000 -0.700000 4.910882e-01
-3.600000 -0.600000 5.410228e-01
-3.600000 -0.500000 4.528082e-01
-3.600000 -0.400000 2.220963e-01
-3.600000 -0.300000 -1.412211e-01
-3.600000 -0.200000 -6.136419e-01
-3.600000 -0.100000 -1.160295e+00
-3.600000 0.000000 -1.738222e+00
-3.600000 0.100000 -2.300170e+00
-3.600000 0.200000 -2.798669e+00
-3.600000 0.300000 -3.190405e+00
-3.600000 0.400000 -3.440820e+00
-3.600000 0.500000 -3.528499e+00
-3.600000 0.600000 -3.448515e+00
-3.600000 0.700000 -3.213873e+00
-3.600000 0.800000 -2.854673e+00
-3.600000 0.900000 -2.415262e+00
-3.600000 1.000000 -1.950120e+00
-3.600000 1.100000 -1.519152e+00
-3.600000 1.200000 -1.182682e+00
-3.600000 1.300000 -9.961636e-01
-3.600000 1.400000 -1.004653e+00
-3.600000 1.500000 -1.237577e+00
-3.600000 1.600000 -1.704771e+00
-3.600000 1.700000 -2.394780e+00
-3.600000 1.800000 -3.275889e+00
-3.600000 1.900000 -4.299501e+00
-3.600000 2.000000 -5.404973e+00
-3.600000 2.100000 -6.525042e+00
-3.600000 2.200000 -7.591441e+00
-3.600000 2.300000 -8.540673e+00
-3.600000 2.400000 -9.319823e+00
-3.600000 2.500000 -9.891796e+00
-3.600000 2.600000 -1.023884e+01
-3.600000 2.700000 -1.036323e+01
-3.600000 2.800000 -1.028473e+01
-3.600000 2.900000 -1.003552e+01
-3.600000 3.000000 -9.654034e+00
-3.600000 3.100000 -9.179345e+00
-3.600000 3.200000 -8.646988e+00
-3.600000 3.300000 -8.086648e+00
-3.600000 3.400000 -7.521383e+00
-3.600000 3.500000 -6.967928e+00
-3.600000 3.600000 -6.437580e+00
-3.600000 3.700000 -5.937283e+00
-3.600000 3.800000 -5.470700e+00
-3.600000 3.900000 -5.039137e+00
-3.600000 4.000000 -4.642293e+00
-3.600000 4.100000 -4.278832e+00
-3.600000 4.200000 -3.946797e+00
-3.600000 4.300000 -3.643916e+00
-3.600000 4.400000 -3.367796e+00
-3.600000 4.500000 -3.116060e+00
-3.600000 4.600000 -2.886429e+00
-3.600000 4.700000 -2.676767e+00
-3.600000 4.800000 -2.485110e+00
-3.600000 4.900000 -2.309667e+00
-3.600000 5.000000 -2.148822e+00

-3.500000 -5.000000 -1.185509e-01
-3.500000 -4.900000 -9.239443e-02
-3.500000 -4.800000 -6.286647e-02
-3.500000 -4.700000 -2.950461e-02
-3.500000 -4.600000 8.219590e-03
-3.500000 -4.500000 5.090659e-02
-3.500000 -4.400000 9.923288e-02
-3.500000 -4.300000 1.539515e-01
-3.500000 -4.200000 2.158865e-01
-3.500000 -4.100000 2.859177e-01
-3.500000 -4.000000 3.649496e-01
-3.500000 -3.900000 4.538588e-01
-3.500000 -3.800000 5.534068e-01
-3.500000 -3.700000 6.641072e-01
-3.500000 -3.600000 7.860299e-01
-3.500000 -3.500000 9.185240e-01
-3.500000 -3.400000 1.059845e+00
-3.500000 -3.300000 1.206685e+00
-3.500000 -3.200000 1.353623e+00
-3.500000 -3.100000 1.492585e+00
-3.500000 -3.000000 1.612465e+00
-3.500000 -2.900000 1.699147e+00
-3.500000 -2.800000 1.736265e+00
-3.500000 -2.700000 1.706928e+00
-3.500000 -2.600000 1.596405e+00
-3.500000 -2.500000 1.395314e+00
-3.500000 -2.400000 1.102462e+00
-3.500000 -2.300000 7.264350e-01
-3.500000 -2.200000 2.855250e-01
-3.500000 -2.100000 -1.937372e-01
-3.500000 -2.000000 -6.787873e-01
-3.500000 -1.900000 -1.133462e+00
-3.500000 -1.800000 -1.520647e+00
-3.500000 -1.700000 -1.805463e+00
-3.500000 -1.600000 -1.959211e+00
-3.500000 -1.500000 -1.963665e+00
-3.500000 -1.400000 -1.814676e+00
-3.500000 -1.300000 -1.523882e+00
-3.500000 -1.200000 -1.117997e+00
-3.500000 -1.100000 -6.361010e-01
-3.500000 -1.000000 -1.259581e-01
-3.500000 -0.900000 3.598142e-01
-3.500000 -0.800000 7.676533e-01
-3.500000 -0.700000 1.047477e+00
-3.500000 -0.600000 1.157953e+00
-3.500000 -0.500000 1.072140e+00
-3.500000 -0.400000 7.821429e-01
-3.500000 -0.300000 3.012317e-01
-3.500000 -0.200000 -3.372986e-01
-3.500000 -0.100000 -1.083910e+00
-3.500000 0.000000 -1.877853e+00
-3.500000 0.100000 -2.652337e+00
-3.500000 0.200000 -3.339651e+00
-3.500000 0.300000 -3.876819e+00
-3.500000 0.400000 -4.212192e+00
-3.500000 0.500000 -4.312459e+00
-3.500000 0.600000 -4.168377e+00
-3.500000 0.700000 -3.797322e+00
-3.500000 0.800000 -3.241765e+00
-3.500000 0.900000 -2.564453e+00
-3.500000 1.000000 -1.842069e+00
-3.500000 1.100000 -1.158773e+00
-3.500000 1.200000 -5.999150e-01
-3.500000 1.300000 -2.452074e-01
-3.500000 1.400000 -1.608502e-01
-3.500000 1.500000 -3.912174e-01
-3.500000 1.600000 -9.520875e-01
-3.500000 1.700000 -1.827702e+00
-3.500000 1.800000 -2.972685e+00
-3.500000 1.900000 -4.317876e+00
-3.500000 2.000000 -5.777911e+00
-3.500000 2.100000 -7.258797e+00
-3.500000 2.200000 -8.665086e+00
-3.500000 2.300000 -9.907399e+00
-3.500000 2.400000 -1.091086e+01
-3.500000 2.500000 -1.162367e+01
-3.500000 2.600000 -1.202348e+01
-3.500000 2.700000 -1.211887e+01
-3.500000 2.800000 -1.194480e+01
-3.500000 2.900000 -1.155354e+01
-3.500000 3.000000 -1.100405e+01
-3.500000 3.100000 -1.035300e+01
-3.500000 3.200000 -9.648984e+00
-3.500000 3.300000 -8.930004e+00
-3.500000 3.400000 -8.223470e+00
-3.500000 3.500000 -7.547564e+00
-3.500000 3.600000 -6.913146e+00
-3.500000 3.700000 -6.325663e+00
-3.500000 3.800000 -5.786790e+00
-3.500000 3.900000 -5.295721e+00
-3.500000 4.000000 -4.850135e+00
-3.500000 4.100000 -4.446868e+00
-3.500000 4.200000 -4.082379e+00
-3.500000 4.300000 -3.753049e+00
-3.500000 4.400000 -3.455363e+00
-3.500000 4.500000 -3.186022e+00
-3.500000 4.600000 -2.941994e+00
-3.500000 4.700000 -2.720535e+00
-3.500000 4.800000 -2.519185e+00
-3.500000 4.900000 -2.335758e+00
-3.500000 5.000000 -2.168319e+00

-3.400000 -5.000000 -1.217286e-01
-3.400000 -4.900000 -9.450988e-02
-3.400000 -4.800000 -6.362496e-02
-3.400000 -4.700000 -2.852981e-02
-3.400000 -4.600000 1.140931e-02
-3.400000 -4.500000 5.692853e-02
-3.400000 -4.400000 1.088787e-01
-3.400000 -4.300000 1.682363e-01
-3.400000 -4.200000 2.361100e-01
-3.400000 -4.100000 3.137396e-01
-3.400000 -4.000000 4.024809e-01
-3.400000 -3.900000 5.037681e-01
-3.400000 -3.800000 6.190390e-01
-3.400000 -3.700000 7.496049e-01
-3.400000 -3.600000 8.964388e-01
-3.400000 -3.500000 1.059845e+00
-3.400000 -3.400000 1.238976e+00
-3.400000 -3.300000 1.431148e+00
-3.400000 -3.200000 1.630962e+00
-3.400000 -3.100000 1.829262e+00
-3.400000 -3.000000 2.012147e+00
-3.400000 -2.900000 2.160405e+00
-3.400000 -2.800000 2.250017e+00
-3.400000 -2.700000 2.254386e+00
-3.400000 -2.600000 2.148586e+00
-3.400000 -2.500000 1.914975e+00
-3.400000 -2.400000 1.548422e+00
-3.400000 -2.300000 1.059136e+00
-3.400000 -2.200000 4.721696e-01
-3.400000 -2.100000 -1.755329e-01
-3.400000 -2.000000 -8.387745e-01
-3.400000 -1.900000 -1.467202e+00
-3.400000 -1.800000 -2.008086e+00
-3.400000 -1.700000 -2.410035e+00
-3.400000 -1.600000 -2.628717e+00
-3.400000 -1.500000 -2.634183e+00
-3.400000 -1.400000 -2.417562e+00
-3.400000 -1.300000 -1.994255e+00
-3.400000 -1.200000 -1.402307e+00
-3.400000 -1.100000 -6.972354e-01
-3.400000 -1.000000 5.399256e-02
-3.400000 -0.900000 7.779535e-01
-3.400000 -0.800000 1.398935e+00
-3.400000 -0.700000 1.844012e+00
-3.400000 -0.600000 2.050576e+00
-3.400000 -0.500000 1.975897e+00
-3.400000 -0.400000 1.605786e+00
-3.400000 -0.300000 9.585836e-01
-3.400000 -0.200000 8.270504e-02
-3.400000 -0.100000 -9.505396e-01
-3.400000 0.000000 -2.055228e+00
-3.400000 0.100000 -3.137647e+00
-3.400000 0.200000 -4.101823e+00
-3.400000 0.300000 -4.855955e+00
-3.400000 0.400000 -5.321780e+00
-3.400000 0.500000 -5.446392e+00
-3.400000 0.600000 -5.212920e+00
-3.400000 0.700000 -4.645353e+00
-3.400000 0.800000 -3.805301e+00
-3.400000 0.900000 -2.782869e+00
-3.400000 1.000000 -1.686165e+00
-3.400000 1.100000 -6.327119e-01
-3.400000 1.200000 2.573698e-01
-3.400000 1.300000 8.690892e-01
-3.400000 1.400000 1.103694e+00
-3.400000 1.500000 8.926753e-01
-3.400000 1.600000 2.103701e-01
-3.400000 1.700000 -9.204703e-01
-3.400000 1.800000 -2.432761e+00
-3.400000 1.900000 -4.226222e+00
-3.400000 2.000000 -6.180070e+00
-3.400000 2.100000 -8.163294e+00
-3.400000 2.200000 -1.004255e+01
-3.400000 2.300000 -1.169076e+01
-3.400000 2.400000 -1.299922e+01
-3.400000 2.500000 -1.389260e+01
-3.400000 2.600000 -1.434164e+01
-3.400000 2.700000 -1.436689e+01
-3.400000 2.800000 -1.403036e+01
-3.400000 2.900000 -1.341824e+01
-3.400000 3.000000 -1.262200e+01
-3.400000 3.100000 -1.172389e+01
-3.400000 3.200000 -1.078940e+01
-3.400000 3.300000 -9.865625e+00
-3.400000 3.400000 -8.983210e+00
-3.400000 3.500000 -8.159872e+00
-3.400000 3.600000 -7.403968e+00
-3.400000 3.700000 -6.717573e+00
-3.400000 3.800000 -6.098826e+00
-3.400000 3.900000 -5.543604e+00
-3.400000 4.000000 -5.046655e+00
-3.400000 4.100000 -4.602330e+00
-3.400000 4.200000 -4.205031e+00
-3.400000 4.300000 -3.849461e+00
-3.400000 4.400000 -3.530759e+00
-3.400000 4.500000 -3.244551e+00
-3.400000 4.600000 -2.986950e+00
-3.400000 4.700000 -2.754537e+00
-3.400000 4.800000 -2.544319e+00
-3.400000 4.900000 -2.353691e+00
-3.400000 5.000000 -2.180385e+00

-3.300000 -5.000000 -1.268848e-01
-3.300000 -4.900000 -9.884606e-02
-3.300000 -4.800000 -6.687846e-02
-3.300000 -4.700000 -3.035766e-02
-3.300000 -4.600000 1.145627e-02
-3.300000 -4.500000 5.943970e-02
-3.300000 -4.400000 1.146285e-01
-3.300000 -4.300000 1.782428e-01
-3.300000 -4.200000 2.517108e-01
-3.300000 -4.100000 3.366899e-01
-3.300000 -4.000000 4.350780e-01
-3.300000 -3.900000 5.490066e-01
-3.300000 -3.800000 6.807994e-01
-3.300000 -3.700000 8.328735e-01
-3.300000 -3.600000 1.007545e+00
-3.300000 -3.500000 1.206685e+00
-3.300000 -3.400000 1.431148e+00
-3.300000 -3.300000 1.679883e+00
-3.300000 -3.200000 1.948620e+00
-3.300000 -3.100000 2.228099e+00
-3.300000 -3.000000 2.501974e+00
-3.300000 -2.900000 2.744922e+00
-3.300000 -2.800000 2.922055e+00
-3.300000 -2.700000 2.991299e+00
-3.300000 -2.600000 2.910044e+00
-3.300000 -2.500000 2.645466e+00
-3.300000 -2.400000 2.184866e+00
-3.300000 -2.300000 1.540991e+00
-3.300000 -2.200000 7.499994e-01
-3.300000 -2.100000 -1.353888e-01
-3.300000 -2.000000 -1.052570e+00
-3.300000 -1.900000 -1.932592e+00
-3.300000 -1.800000 -2.701515e+00
-3.300000 -1.700000 -3.283330e+00
-3.300000 -1.600000 -3.607993e+00
-3.300000 -1.500000 -3.624767e+00
-3.300000 -1.400000 -3.315843e+00
-3.300000 -1.300000 -2.702842e+00
-3.300000 -1.200000 -1.842556e+00
-3.300000 -1.100000 -8.156880e-01
-3.300000 -1.000000 2.840264e-01
-3.300000 -0.900000 1.355783e+00
-3.300000 -0.800000 2.293998e+00
-3.300000 -0.700000 2.992115e+00
-3.300000 -0.600000 3.352994e+00
-3.300000 -0.500000 3.306275e+00
-3.300000 -0.400000 2.826142e+00
-3.300000 -0.300000 1.939584e+00
-3.300000 -0.200000 7.203196e-01
-3.300000 -0.100000 -7.266566e-01
-3.300000 0.000000 -2.280030e+00
-3.300000 0.100000 -3.810518e+00
-3.300000 0.200000 -5.184085e+00
-3.300000 0.300000 -6.266668e+00
-3.300000 0.400000 -6.936960e+00
-3.300000 0.500000 -7.107846e+00
-3.300000 0.600000 -6.748368e+00
-3.300000 0.700000 -5.893805e+00
-3.300000 0.800000 -4.637843e+00
-3.300000 0.900000 -3.113000e+00
-3.300000 1.000000 -1.471657e+00
-3.300000 1.100000 1.245982e-01
-3.300000 1.200000 1.509021e+00
-3.300000 1.300000 2.515264e+00
-3.300000 1.400000 2.992434e+00
-3.300000 1.500000 2.830490e+00
-3.300000 1.600000 1.986260e+00
-3.300000 1.700000 4.952027e-01
-3.300000 1.800000 -1.538336e+00
-3.300000 1.900000 -3.964973e+00
-3.300000 2.000000 -6.613381e+00
-3.300000 2.100000 -9.303330e+00
-3.300000 2.200000 -1.185051e+01
-3.300000 2.300000 -1.407265e+01
-3.300000 2.400000 -1.580625e+01
-3.300000 2.500000 -1.693474e+01
-3.300000 2.600000 -1.741650e+01
-3.300000 2.700000 -1.729501e+01
-3.300000 2.800000 -1.668217e+01
-3.300000 2.900000 -1.572341e+01
-3.300000 3.000000 -1.456229e+01
-3.300000 3.100000 -1.331753e+01
-3.300000 3.200000 -1.207485e+01
-3.300000 3.300000 -1.088905e+01
-3.300000 3.400000 -9.790551e+00
-3.300000 3.500000 -8.792673e+00
-3.300000 3.600000 -7.897748e+00
-3.300000 3.700000 -7.101640e+00
-3.300000 3.800000 -6.396810e+00
-3.300000 3.900000 -5.774267e+00
-3.300000 4.000000 -5.224749e+00
-3.300000 4.100000 -4.739377e+00
-3.300000 4.200000 -4.309994e+00
-3.300000 4.300000 -3.929303e+00
-3.300000 4.400000 -3.590882e+00
-3.300000 4.500000 -3.289150e+00
-3.300000 4.600000 -3.019289e+00
-3.300000 4.700000 -2.777158e+00
-3.300000 4.800000 -2.559212e+00
-3.300000 4.900000 -2.362415e+00
-3.300000 5.000000 -2.184169e+00

-3.200000 -5.000000 -1.341960e-01
-3.200000 -4.900000 -1.056288e-01
-3.200000 -4.800000 -7.291748e-02
-3.200000 -4.700000 -3.536320e-02
-3.200000 -4.600000 7.875122e-03
-3.200000 -4.500000 5.781128e-02
-3.200000 -4.400000 1.156677e-01
-3.200000 -4.300000 1.829172e-01
-3.200000 -4.200000 2.613302e-01
-3.200000 -4.100000 3.530255e-01
-3.200000 -4.000000 4.605216e-01
-3.200000 -3.900000 5.867792e-01
-3.200000 -3.800000 7.352232e-01
-3.200000 -3.700000 9.097162e-01
-3.200000 -3.600000 1.114441e+00
-3.200000 -3.500000 1.353623e+00
-3.200000 -3.400000 1.630962e+00
-3.200000 -3.300000 1.948620e+00
-3.200000 -3.200000 2.305489e+00
-3.200000 -3.100000 2.694480e+00
-3.200000 -3.000000 3.098667e+00
-3.200000 -2.900000 3.486689e+00
-3.200000 -2.800000 3.809063e+00
-3.200000 -2.700000 3.998973e+00
-3.200000 -2.600000 3.982028e+00
-3.200000 -2.500000 3.696102e+00
-3.200000 -2.400000 3.113736e+00
-3.200000 -2.300000 2.253330e+00
-3.200000 -2.200000 1.172045e+00
-3.200000 -2.100000 -5.171413e-02
-3.200000 -2.000000 -1.331974e+00
-3.200000 -1.900000 -2.577906e+00
-3.200000 -1.800000 -3.689076e+00
-3.200000 -1.700000 -4.552998e+00
-3.200000 -1.600000 -5.055231e+00
-3.200000 -1.500000 -5.105313e+00
-3.200000 -1.400000 -4.667599e+00
-3.200000 -1.300000 -3.776145e+00
-3.200000 -1.200000 -2.522646e+00
-3.200000 -1.100000 -1.028961e+00
-3.200000 -1.000000 5.746412e-01
-3.200000 -0.900000 2.154814e+00
-3.200000 -0.800000 3.568973e+00
-3.200000 -0.700000 4.661406e+00
-3.200000 -0.600000 5.275934e+00
-3.200000 -0.500000 5.289769e+00
-3.200000 -0.400000 4.654045e+00
-3.200000 -0.300000 3.413149e+00
-3.200000 -0.200000 1.688138e+00
-3.200000 -0.100000 -3.605211e-01
-3.200000 0.000000 -2.562701e+00
-3.200000 0.100000 -4.746590e+00
-3.200000 0.200000 -6.731159e+00
-3.200000 0.300000 -8.320904e+00
-3.200000 0.400000 -9.321141e+00
-3.200000 0.500000 -9.579874e+00
-3.200000 0.600000 -9.038087e+00
-3.200000 0.700000 -7.753613e+00
-3.200000 0.800000 -5.880093e+00
-3.200000 0.900000 -3.620030e+00
-3.200000 1.000000 -1.187121e+00
-3.200000 1.100000 1.204259e+00
-3.200000 1.200000 3.330047e+00
-3.200000 1.300000 4.949741e+00
-3.200000 1.400000 5.824188e+00
-3.200000 1.500000 5.765285e+00
-3.200000 1.600000 4.695851e+00
-3.200000 1.700000 2.677801e+00
-3.200000 1.800000 -1.136029e-01
-3.200000 1.900000 -3.446670e+00
-3.200000 2.000000 -7.079163e+00
-3.200000 2.100000 -1.077164e+01
-3.200000 2.200000 -1.427720e+01
-3.200000 2.300000 -1.733330e+01
-3.200000 2.400000 -1.968179e+01
-3.200000 2.500000 -2.112562e+01
-3.200000 2.600000 -2.159633e+01
-3.200000 2.700000 -2.118294e+01
-3.200000 2.800000 -2.009499e+01
-3.200000 2.900000 -1.858541e+01
-3.200000 3.000000 -1.688161e+01
-3.200000 3.100000 -1.515147e+01
-3.200000 3.200000 -1.350048e+01
-3.200000 3.300000 -1.198457e+01
-3.200000 3.400000 -1.062594e+01
-3.200000 3.500000 -9.426404e+00
-3.200000 3.600000 -8.376742e+00
-3.200000 3.700000 -7.462619e+00
-3.200000 3.800000 -6.668069e+00
-3.200000 3.900000 -5.977401e+00
-3.200000 4.000000 -5.376143e+00
-3.200000 4.100000 -4.851429e+00
-3.200000 4.200000 -4.392069e+00
-3.200000 4.300000 -3.988478e+00
-3.200000 4.400000 -3.632510e+00
-3.200000 4.500000 -3.317287e+00
-3.200000 4.600000 -3.037017e+00
-3.200000 4.700000 -2.786827e+00
-3.200000 4.800000 -2.562620e+00
-3.200000 4.900000 -2.360943e+00
-3.200000 5.000000 -2.178885e+00

-3.100000 -5.000000 -1.438093e-01
-3.100000 -4.900000 -1.150511e-01
-3.100000 -4.800000 -8.199673e-02
-3.100000 -4.700000 -4.388411e-02
-3.100000 -4.600000 2.167710e-04
-3.100000 -4.500000 5.144487e-02
-3.100000 -4.400000 1.111983e-01
-3.100000 -4.300000 1.811963e-01
-3.100000 -4.200000 2.635538e-01
-3.100000 -4.100000 3.608709e-01
-3.100000 -4.000000 4.763365e-01
-3.100000 -3.900000 6.138433e-01
-3.100000 -3.800000 7.781058e-01
-3.100000 -3.700000 9.747632e-01
-3.100000 -3.600000 1.210425e+00
-3.100000 -3.500000 1.492585e+00
-3.100000 -3.400000 1.829262e+00
-3.100000 -3.300000 2.228099e+00
-3.100000 -3.200000 2.694480e+00
-3.100000 -3.100000 3.227970e+00
-3.100000 -3.000000 3.816150e+00
-3.100000 -2.900000 4.425262e+00
-3.100000 -2.800000 4.989003e+00
-3.100000 -2.700000 5.401837e+00
-3.100000 -2.600000 5.529854e+00
-3.100000 -2.500000 5.249956e+00
-3.100000 -2.400000 4.503955e+00
-3.100000 -2.300000 3.326283e+00
-3.100000 -2.200000 1.820417e+00
-3.100000 -2.100000 1.106333e-01
-3.100000 -2.000000 -1.687858e+00
-3.100000 -1.900000 -3.465864e+00
-3.100000 -1.800000 -5.096926e+00
-3.100000 -1.700000 -6.416328e+00
-3.100000 -1.600000 -7.228251e+00
-3.100000 -1.500000 -7.358552e+00
-3.100000 -1.400000 -6.732424e+00
-3.100000 -1.300000 -5.413951e+00
-3.100000 -1.200000 -3.569468e+00
-3.100000 -1.100000 -1.393964e+00
-3.100000 -1.000000 9.353264e-01
-3.100000 -0.900000 3.256664e+00
-3.100000 -0.800000 5.391610e+00
-3.100000 -0.700000 7.115118e+00
-3.100000 -0.600000 8.163464e+00
-3.100000 -0.500000 8.303514e+00
-3.100000 -0.400000 7.435544e+00
-3.100000 -0.300000 5.645450e+00
-3.100000 -0.200000 3.155348e+00
-3.100000 -0.100000 2.247037e-01
-3.100000 0.000000 -2.912684e+00
-3.100000 0.100000 -6.047314e+00
-3.100000 0.200000 -8.953006e+00
-3.100000 0.300000 -1.134820e+01
-3.100000 0.400000 -1.290480e+01
-3.100000 0.500000 -1.333400e+01
-3.100000 0.600000 -1.251441e+01
-3.100000 0.700000 -1.055700e+01
-3.100000 0.800000 -7.743039e+00
-3.100000 0.900000 -4.400041e+00
-3.100000 1.000000 -8.222603e-01
-3.100000 1.100000 2.728728e+00
-3.100000 1.200000 5.974137e+00
-3.100000 1.300000 8.570332e+00
-3.100000 1.400000 1.011837e+01
-3.100000 1.500000 1.026624e+01
-3.100000 1.600000 8.861986e+00
-3.100000 1.700000 6.031085e+00
-3.100000 1.800000 2.101344e+00
-3.100000 1.900000 -2.546753e+00
-3.100000 2.000000 -7.576598e+00
-3.100000 2.100000 -1.269624e+01
-3.100000 2.200000 -1.760024e+01
-3.100000 2.300000 -2.191367e+01
-3.100000 2.400000 -2.520288e+01
-3.100000 2.500000 -2.709415e+01
-3.100000 2.600000 -2.745074e+01
-3.100000 2.700000 -2.645979e+01
-3.100000 2.800000 -2.453737e+01
-3.100000 2.900000 -2.213988e+01
-3.100000 3.000000 -1.962691e+01
-3.100000 3.100000 -1.722301e+01
-3.100000 3.200000 -1.504068e+01
-3.100000 3.300000 -1.311915e+01
-3.100000 3.400000 -1.145677e+01
-3.100000 3.500000 -1.003225e+01
-3.100000 3.600000 -8.816921e+00
-3.100000 3.700000 -7.781134e+00
-3.100000 3.800000 -6.897301e+00
-3.100000 3.900000 -6.141076e+00
-3.100000 4.000000 -5.491617e+00
-3.100000 4.100000 -4.931394e+00
-3.100000 4.200000 -4.445816e+00
-3.100000 4.300000 -4.022817e+00
-3.100000 4.400000 -3.652446e+00
-3.100000 4.500000 -3.326508e+00
-3.100000 4.600000 -3.038247e+00
-3.100000 4.700000 -2.782088e+00
-3.100000 4.800000 -2.553415e+00
-3.100000 4.900000 -2.348398e+00
-3.100000 5.000000 -2.163846e+00

-3.000000 -5.000000 -1.558326e-01
-3.000000 -4.900000 -1.272598e-01
-3.000000 -4.800000 -9.431730e-02
-3.000000 -4.700000 -5.619708e-02
-3.000000 -4.600000 -1.190046e-02
-3.000000 -4.500000 3.981332e-02
-3.000000 -4.400000 1.004923e-01
-3.000000 -4.300000 1.720750e-01
-3.000000 -4.200000 2.569965e-01
-3.000000 -4.100000 3.583219e-01
-3.000000 -4.000000 4.799142e-01
-3.000000 -3.900000 6.266414e-01
-3.000000 -3.800000 8.046274e-01
-3.000000 -3.700000 1.021544e+00
-3.000000 -3.600000 1.286926e+00
-3.000000 -3.500000 1.612465e+00
-3.000000 -3.400000 2.012147e+00
-3.000000 -3.300000 2.501974e+00
-3.000000 -3.200000 3.098667e+00
-3.000000 -3.100000 3.816150e+00
-3.000000 -3.000000 4.657604e+00
-3.000000 -2.900000 5.599647e+00
-3.000000 -2.800000 6.565865e+00
-3.000000 -2.700000 7.395769e+00
-3.000000 -2.600000 7.840133e+00
-3.000000 -2.500000 7.635223e+00
-3.000000 -2.400000 6.650037e+00
-3.000000 -2.300000 4.970346e+00
-3.000000 -2.200000 2.816987e+00
-3.000000 -2.100000 4.036170e-01
-3.000000 -2.000000 -2.126072e+00
-3.000000 -1.900000 -4.670538e+00
-3.000000 -1.800000 -7.100183e+00
-3.000000 -1.700000 -9.184823e+00
-3.000000 -1.600000 -1.057133e+01
-3.000000 -1.500000 -1.088741e+01
-3.000000 -1.400000 -9.959191e+00
-3.000000 -1.300000 -7.936115e+00
-3.000000 -1.200000 -5.167853e+00
-3.000000 -1.100000 -1.990253e+00
-3.000000 -1.000000 1.370551e+00
-3.000000 -0.900000 4.760089e+00
-3.000000 -0.800000 7.996638e+00
-3.000000 -0.700000 1.077000e+01
-3.000000 -0.600000 1.260902e+01
-3.000000 -0.500000 1.301853e+01
-3.000000 -0.400000 1.176886e+01
-3.000000 -0.300000 9.061997e+00
-3.000000 -0.200000 5.367057e+00
-3.000000 -0.100000 1.134249e+00
-3.000000 0.000000 -3.334405e+00
-3.000000 0.100000 -7.837040e+00
-3.000000 0.200000 -1.214456e+01
-3.000000 0.300000 -1.587092e+01
-3.000000 0.400000 -1.843069e+01
-3.000000 0.500000 -1.920934e+01
-3.000000 0.600000 -1.792479e+01
-3.000000 0.700000 -1.483488e+01
-3.000000 0.800000 -1.053168e+01
-3.000000 0.900000 -5.583401e+00
-3.000000 1.000000 -3.719692e-01
-3.000000 1.100000 4.848904e+00
-3.000000 1.200000 9.797679e+00
-3.000000 1.300000 1.400664e+01
-3.000000 1.400000 1.676922e+01
-3.000000 1.500000 1.734346e+01
-3.000000 1.600000 1.538518e+01
-3.000000 1.700000 1.119649e+01
-3.000000 1.800000 5.478243e+00
-3.000000 1.900000 -1.100540e+00
-3.000000 2.000000 -8.099185e+00
-3.000000 2.100000 -1.523814e+01
-3.000000 2.200000 -2.221551e+01
-3.000000 2.300000 -2.852147e+01
-3.000000 2.400000 -3.337700e+01
-3.000000 2.500000 -3.597196e+01
-3.000000 2.600000 -3.597123e+01
-3.000000 2.700000 -3.380370e+01
-3.000000 2.800000 -3.036882e+01
-3.000000 2.900000 -2.652081e+01
-3.000000 3.000000 -2.280796e+01
-3.000000 3.100000 -1.948798e+01
-3.000000 3.200000 -1.663577e+01
-3.000000 3.300000 -1.423522e+01
-3.000000 3.400000 -1.223398e+01
-3.000000 3.500000 -1.057086e+01
-3.000000 3.600000 -9.187741e+00
-3.000000 3.700000 -8.033932e+00
-3.000000 3.800000 -7.067001e+00
-3.000000 3.900000 -6.252204e+00
-3.000000 4.000000 -5.561419e+00
-3.000000 4.100000 -4.972020e+00
-3.000000 4.200000 -4.465844e+00
-3.000000 4.300000 -4.028312e+00
-3.000000 4.400000 -3.647707e+00
-3.000000 4.500000 -3.314586e+00
-3.000000 4.600000 -3.021312e+00
-3.000000 4.700000 -2.761685e+00
-3.000000 4.800000 -2.530650e+00
-3.000000 4.900000 -2.324060e+00
-3.000000 5.000000 -2.138501e+00

-2.900000 -5.000000 -1.703248e-01
-2.900000 -4.900000 -1.423423e-01
-2.900000 -4.800000 -1.100086e-01
-2.900000 -4.700000 -7.249292e-02
-2.900000 -4.600000 -2.875683e-02
-2.900000 -4.500000 2.250688e-02
-2.900000 -4.400000 8.295334e-02
-2.900000 -4.300000 1.546899e-01
-2.900000 -4.200000 2.404136e-01
-2.900000 -4.100000 3.435915e-01
-2.900000 -4.000000 4.686995e-01
-2.900000 -3.900000 6.215351e-01
-2.900000 -3.800000 8.096293e-01
-2.900000 -3.700000 1.042783e+00
-2.900000 -3.600000 1.333758e+00
-2.900000 -3.500000 1.699147e+00
-2.900000 -3.400000 2.160405e+00
-2.900000 -3.300000 2.744922e+00
-2.900000 -3.200000 3.486689e+00
-2.900000 -3.100000 4.425262e+00
-2.900000 -3.000000 5.599647e+00
-2.900000 -2.900000 7.029002e+00
-2.900000 -2.800000 8.664349e+00
-2.900000 -2.700000 1.029528e+01
-2.900000 -2.600000 1.145209e+01
-2.900000 -2.500000 1.150273e+01
-2.900000 -2.400000 1.010460e+01
-2.900000 -2.300000 7.526826e+00
-2.900000 -2.200000 4.325339e+00
-2.900000 -2.100000 8.910475e-01
-2.900000 -2.000000 -2.639348e+00
-2.900000 -1.900000 -6.257675e+00
-2.900000 -1.800000 -9.919538e+00
-2.900000 -1.700000 -1.335693e+01
-2.900000 -1.600000 -1.591285e+01
-2.900000 -1.500000 -1.668131e+01
-2.900000 -1.400000 -1.518451e+01
-2.900000 -1.300000 -1.185752e+01
-2.900000 -1.200000 -7.562124e+00
-2.900000 -1.100000 -2.910007e+00
-2.900000 -1.000000 1.871779e+00
-2.900000 -0.900000 6.756491e+00
-2.900000 -0.800000 1.168221e+01
-2.900000 -0.700000 1.629383e+01
-2.900000 -0.600000 1.971920e+01
-2.900000 -0.500000 2.075492e+01
-2.900000 -0.400000 1.876899e+01
-2.900000 -0.300000 1.434732e+01
-2.900000 -0.200000 8.645616e+00
-2.900000 -0.100000 2.486821e+00
-2.900000 0.000000 -3.819287e+00
-2.900000 0.100000 -1.023362e+01
-2.900000 0.200000 -1.668193e+01
-2.900000 0.300000 -2.272642e+01
-2.900000 0.400000 -2.728377e+01
-2.900000 0.500000 -2.885671e+01
-2.900000 0.600000 -2.666250e+01
-2.900000 0.700000 -2.144126e+01
-2.900000 0.800000 -1.464612e+01
-2.900000 0.900000 -7.314975e+00
-2.900000 1.000000 1.556389e-01
-2.900000 1.100000 7.709764e+00
-2.900000 1.200000 1.525566e+01
-2.900000 1.300000 2.226686e+01
-2.900000 1.400000 2.744175e+01
-2.900000 1.500000 2.898077e+01
-2.900000 1.600000 2.594021e+01
-2.900000 1.700000 1.920193e+01
-2.900000 1.800000 1.050109e+01
-2.900000 1.900000 1.071485e+00
-2.900000 2.000000 -8.627459e+00
-2.900000 2.100000 -1.855300e+01
-2.900000 2.200000 -2.863402e+01
-2.900000 2.300000 -3.830397e+01
-2.900000 2.400000 -4.610513e+01
-2.900000 2.500000 -5.001535e+01
-2.900000 2.600000 -4.903197e+01
-2.900000 2.700000 -4.430817e+01
-2.900000 2.800000 -3.802219e+01
-2.900000 2.900000 -3.179385e+01
-2.900000 3.000000 -2.634263e+01
-2.900000 3.100000 -2.182838e+01
-2.900000 3.200000 -1.817618e+01
-2.900000 3.300000 -1.524417e+01
-2.900000 3.400000 -1.289017e+01
-2.900000 3.500000 -1.099246e+01
-2.900000 3.600000 -9.453010e+00
-2.900000 3.700000 -8.194901e+00
-2.900000 3.800000 -7.158408e+00
-2.900000 3.900000 -6.297328e+00
-2.900000 4.000000 -5.575905e+00
-2.900000 4.100000 -4.966396e+00
-2.900000 4.200000 -4.447195e+00
-2.900000 4.300000 -4.001404e+00
-2.900000 4.400000 -3.615732e+00
-2.900000 4.500000 -3.279675e+00
-2.900000 4.600000 -2.984878e+00
-2.900000 4.700000 -2.724655e+00
-2.900000 4.800000 -2.493623e+00
-2.900000 4.900000 -2.287416e+00
-2.900000 5.000000 -2.102474e+00

-2.800000 -5.000000 -1.872879e-01
-2.800000 -4.900000 -1.603148e-01
-2.800000 -4.800000 -1.291112e-01
-2.800000 -4.700000 -9.285247e-02
-2.800000 -4.600000 -5.049709e-02
-2.800000 -4.500000 -7.186058e-04
-2.800000 -4.400000 5.818509e-02
-2.800000 -4.300000 1.284141e-01
-2.800000 -4.200000 2.128323e-01
-2.800000 -4.100000 3.151917e-01
-2.800000 -4.000000 4.404404e-01
-2.800000 -3.900000 5.951436e-01
-2.800000 -3.800000 7.880667e-01
-2.800000 -3.700000 1.030986e+00
-2.800000 -3.600000 1.339826e+00
-2.800000 -3.500000 1.736265e+00
-2.800000 -3.400000 2.250017e+00
-2.800000 -3.300000 2.922055e+00
-2.800000 -3.200000 3.809063e+00
-2.800000 -3.100000 4.989003e+00
-2.800000 -3.000000 6.565865e+00
-2.800000 -2.900000 8.664349e+00
-2.800000 -2.800000 1.138056e+01
-2.800000 -2.700000 1.459155e+01
-2.800000 -2.600000 1.749632e+01
-2.800000 -2.500000 1.835866e+01
-2.800000 -2.400000 1.601743e+01
-2.800000 -2.300000 1.152759e+01
-2.800000 -2.200000 6.507646e+00
-2.800000 -2.100000 1.617538e+00
-2.800000 -2.000000 -3.193810e+00
-2.800000 -1.900000 -8.223370e+00
-2.800000 -1.800000 -1.375104e+01
-2.800000 -1.700000 -1.970583e+01
-2.800000 -1.600000 -2.497316e+01
-2.800000 -1.500000 -2.701479e+01
-2.800000 -1.400000 -2.414088e+01
-2.800000 -1.300000 -1.797706e+01
-2.800000 -1.200000 -1.099010e+01
-2.800000 -1.100000 -4.208350e+00
-2.800000 -1.000000 2.404125e+00
-2.800000 -0.900000 9.250255e+00
-2.800000 -0.800000 1.671718e+01
-2.800000 -0.700000 2.472280e+01
-2.800000 -0.600000 3.179121e+01
-2.800000 -0.500000 3.454691e+01
-2.800000 -0.400000 3.074537e+01
-2.800000 -0.300000 2.256358e+01
-2.800000 -0.200000 1.330203e+01
-2.800000 -0.100000 4.346492e+00
-2.800000 0.000000 -4.332408e+00
-2.800000 0.100000 -1.325031e+01
-2.800000 0.200000 -2.290708e+01
-2.800000 0.300000 -3.321409e+01
-2.800000 0.400000 -4.233811e+01
-2.800000 0.500000 -4.606998e+01
-2.800000 0.600000 -4.161386e+01
-2.800000 0.700000 -3.170146e+01
-2.800000 0.800000 -2.047044e+01
-2.800000 0.900000 -9.667605e+00
-2.800000 1.000000 7.258467e-01
-2.800000 1.100000 1.133378e+01
-2.800000 1.200000 2.276366e+01
-2.800000 1.300000 3.491430e+01
-2.800000 1.400000 4.558798e+01
-2.800000 1.500000 4.973328e+01
-2.800000 1.600000 4.399253e+01
-2.800000 1.700000 3.163917e+01
-2.800000 1.800000 1.763185e+01
-2.800000 1.900000 4.057996e+00
-2.800000 2.000000 -9.116610e+00
-2.800000 2.100000 -2.265748e+01
-2.800000 2.200000 -3.732304e+01
-2.800000 2.300000 -5.305637e+01
-2.800000 2.400000 -6.737053e+01
-2.800000 2.500000 -7.447230e+01
-2.800000 2.600000 -7.057790e+01
-2.800000 2.700000 -5.968717e+01
-2.800000 2.800000 -4.783277e+01
-2.800000 2.900000 -3.778845e+01
-2.800000 3.000000 -2.996504e+01
-2.800000 3.100000 -2.401362e+01
-2.800000 3.200000 -1.948981e+01
-2.800000 3.300000 -1.602449e+01
-2.800000 3.400000 -1.334136e+01
-2.800000 3.500000 -1.123947e+01
-2.800000 3.600000 -9.573334e+00
-2.800000 3.700000 -8.237077e+00
-2.800000 3.800000 -7.153048e+00
-2.800000 3.900000 -6.263785e+00
-2.800000 4.000000 -5.526391e+00
-2.800000 4.100000 -4.908567e+00
-2.800000 4.200000 -4.385794e+00
-2.800000 4.300000 -3.939306e+00
-2.800000 4.400000 -3.554623e+00
-2.800000 4.500000 -3.220488e+00
-2.800000 4.600000 -2.928076e+00
-2.800000 4.700000 -2.670412e+00
-2.800000 4.800000 -2.441943e+00
-2.800000 4.900000 -2.238208e+00
-2.800000 5.000000 -2.055596e+00

-2.700000 -5.000000 -2.066609e-01
-2.700000 -4.900000 -1.811130e-01
-2.700000 -4.800000 -1.515631e-01
-2.700000 -4.700000 -1.172256e-01
-2.700000 -4.600000 -7.709941e-02
-2.700000 -4.500000 -2.989614e-02
-2.700000 -4.400000 2.605742e-02
-2.700000 -4.300000 9.295414e-02
-2.700000 -4.200000 1.736929e-01
-2.700000 -4.100000 2.721380e-01
-2.700000 -4.000000 3.934838e-01
-2.700000 -3.900000 5.447704e-01
-2.700000 -3.800000 7.356222e-01
-2.700000 -3.700000 9.793197e-01
-2.700000 -3.600000 1.294378e+00
-2.700000 -3.500000 1.706928e+00
-2.700000 -3.400000 2.254386e+00
-2.700000 -3.300000 2.991299e+00
-2.700000 -3.200000 3.998973e+00
-2.700000 -3.100000 5.401837e+00
-2.700000 -3.000000 7.395769e+00
-2.700000 -2.900000 1.029528e+01
-2.700000 -2.800000 1.459155e+01
-2.700000 -2.700000 2.087117e+01
-2.700000 -2.600000 2.866588e+01
-2.700000 -2.500000 3.270014e+01
-2.700000 -2.400000 2.710510e+01
-2.700000 -2.300000 1.761158e+01
-2.700000 -2.200000 9.333895e+00
-2.700000 -2.100000 2.525814e+00
-2.700000 -2.000000 -3.713147e+00
-2.700000 -1.900000 -1.036075e+01
-2.700000 -1.800000 -1.847972e+01
-2.700000 -1.700000 -2.915553e+01
-2.700000 -1.600000 -4.181948e+01
-2.700000 -1.500000 -4.864983e+01
-2.700000 -1.400000 -4.091060e+01
-2.700000 -1.300000 -2.725239e+01
-2.700000 -1.200000 -1.539666e+01
-2.700000 -1.100000 -5.777278e+00
-2.700000 -1.000000 2.890694e+00
-2.700000 -0.900000 1.198240e+01
-2.700000 -0.800000 2.295945e+01
-2.700000 -0.700000 3.729638e+01
-2.700000 -0.600000 5.425275e+01
-2.700000 -0.500000 6.341287e+01
-2.700000 -0.400000 5.314081e+01
-2.700000 -0.300000 3.498395e+01
-2.700000 -0.200000 1.925423e+01
-2.700000 -0.100000 6.553486e+00
-2.700000 0.000000 -4.796830e+00
-2.700000 0.100000 -1.657628e+01
-2.700000 0.200000 -3.065089e+01
-2.700000 0.300000 -4.888886e+01
-2.700000 0.400000 -7.038189e+01
-2.700000 0.500000 -8.212386e+01
-2.700000 0.600000 -6.958218e+01
-2.700000 0.700000 -4.720418e+01
-2.700000 0.800000 -2.789562e+01
-2.700000 0.900000 -1.242978e+01
-2.700000 1.000000 1.261637e+00
-2.700000 1.100000 1.535825e+01
-2.700000 1.200000 3.212554e+01
-2.700000 1.300000 5.381946e+01
-2.700000 1.400000 7.935682e+01
-2.700000 1.500000 9.313257e+01
-2.700000 1.600000 7.770697e+01
-2.700000 1.700000 5.041425e+01
-2.700000 1.800000 2.673754e+01
-2.700000 1.900000 7.600533e+00
-2.700000 2.000000 -9.481949e+00
-2.700000 2.100000 -2.712513e+01
-2.700000 2.200000 -4.804094e+01
-2.700000 2.300000 -7.493616e+01
-2.700000 2.400000 -1.066385e+02
-2.700000 2.500000 -1.250624e+02
-2.700000 2.600000 -1.100276e+02
-2.700000 2.700000 -8.199403e+01
-2.700000 2.800000 -5.937384e+01
-2.700000 2.900000 -4.377284e+01
-2.700000 3.000000 -3.311778e+01
-2.700000 3.100000 -2.567772e+01
-2.700000 3.200000 -2.034504e+01
-2.700000 3.300000 -1.643012e+01
-2.700000 3.400000 -1.349482e+01
-2.700000 3.500000 -1.125252e+01
-2.700000 3.600000 -9.510419e+00
-2.700000 3.700000 -8.135655e+00
-2.700000 3.800000 -7.034828e+00
-2.700000 3.900000 -6.141146e+00
-2.700000 4.000000 -5.406151e+00
-2.700000 4.100000 -4.794236e+00
-2.700000 4.200000 -4.278930e+00
-2.700000 4.300000 -3.840344e+00
-2.700000 4.400000 -3.463377e+00
-2.700000 4.500000 -3.136453e+00
-2.700000 4.600000 -2.850606e+00
-2.700000 4.700000 -2.598828e+00
-2.700000 4.800000 -2.375585e+00
-2.700000 4.900000 -2.176468e+00
-2.700000 5.000000 -1.997928e+00

-2.600000 -5.000000 -2.283168e-01
-2.600000 -4.900000 -2.045869e-01
-2.600000 -4.800000 -1.771906e-01
-2.600000 -4.700000 -1.454165e-01
-2.600000 -4.600000 -1.083515e-01
-2.600000 -4.500000 -6.480997e-02
-2.600000 -4.400000 -1.323532e-02
-2.600000 -4.300000 4.843881e-02
-2.600000 -4.200000 1.229838e-01
-2.600000 -4.100000 2.141539e-01
-2.600000 -4.000000 3.270851e-01
-2.600000 -3.900000 4.688734e-01
-2.600000 -3.800000 6.494232e-01
-2.600000 -3.700000 8.827124e-01
-2.600000 -3.600000 1.188716e+00
-2.600000 -3.500000 1.596405e+00
-2.600000 -3.400000 2.148586e+00
-2.600000 -3.300000 2.910044e+00
-2.600000 -3.200000 3.982028e+00
-2.600000 -3.100000 5.529854e+00
-2.600000 -3.000000 7.840133e+00
-2.600000 -2.900000 1.145209e+01
-2.600000 -2.800000 1.749632e+01
-2.600000 -2.700000 2.866588e+01
-2.600000 -2.600000 5.138093e+01
-2.600000 -2.500000 7.698779e+01
-2.600000 -2.400000 4.981183e+01
-2.600000 -2.300000 2.536622e+01
-2.600000 -2.200000 1.210933e+01
-2.600000 -2.100000 3.343163e+00
-2.600000 -2.000000 -4.075970e+00
-2.600000 -1.900000 -1.210221e+01
-2.600000 -1.800000 -2.298160e+01
-2.600000 -1.700000 -4.104924e+01
-2.600000 -1.600000 -7.610944e+01
-2.600000 -1.500000 -1.152931e+02
-2.600000 -1.400000 -7.516686e+01
-2.600000 -1.300000 -3.906283e+01
-2.600000 -1.200000 -1.972686e+01
-2.600000 -1.100000 -7.177690e+00
-2.600000 -1.000000 3.210102e+00
-2.600000 -0.900000 1.421880e+01
-2.600000 -0.800000 2.892415e+01
-2.600000 -0.700000 5.314793e+01
-2.600000 -0.600000 9.998676e+01
-2.600000 -0.500000 1.522987e+02
-2.600000 -0.400000 9.885376e+01
-2.600000 -0.300000 5.077774e+01
-2.600000 -0.200000 2.508622e+01
-2.600000 -0.100000 8.502050e+00
-2.600000 0.000000 -5.091131e+00
-2.600000 0.100000 -1.931066e+01
-2.600000 0.200000 -3.806735e+01
-2.600000 0.300000 -6.867399e+01
-2.600000 0.400000 -1.275232e+02
-2.600000 0.500000 -1.932033e+02
-2.600000 0.600000 -1.266911e+02
-2.600000 0.700000 -6.690878e+01
-2.600000 0.800000 -3.514477e+01
-2.600000 0.900000 -1.482933e+01
-2.600000 1.000000 1.641202e+00
-2.600000 1.100000 1.871513e+01
-2.600000 1.200000 4.113364e+01
-2.600000 1.300000 7.769492e+01
-2.600000 1.400000 1.480809e+02
-2.600000 1.500000 2.266022e+02
-2.600000 1.600000 1.464320e+02
-2.600000 1.700000 7.427654e+01
-2.600000 1.800000 3.568097e+01
-2.600000 1.900000 1.076226e+01
-2.600000 2.000000 -9.597626e+00
-2.600000 2.100000 -3.071386e+01
-2.600000 2.200000 -5.820625e+01
-2.600000 2.300000 -1.024244e+02
-2.600000 2.400000 -1.864312e+02
-2.600000 2.500000 -2.803891e+02
-2.600000 2.600000 -1.898554e+02
-2.600000 2.700000 -1.095995e+02
-2.600000 2.800000 -6.985309e+01
-2.600000 2.900000 -4.811319e+01
-2.600000 3.000000 -3.493665e+01
-2.600000 3.100000 -2.635768e+01
-2.600000 3.200000 -2.048502e+01
-2.600000 3.300000 -1.631366e+01
-2.600000 3.400000 -1.326377e+01
-2.600000 3.500000 -1.097965e+01
-2.600000 3.600000 -9.232904e+00
-2.600000 3.700000 -7.871720e+00
-2.600000 3.800000 -6.792451e+00
-2.600000 3.900000 -5.922807e+00
-2.600000 4.000000 -5.211473e+00
-2.600000 4.100000 -4.621455e+00
-2.600000 4.200000 -4.125721e+00
-2.600000 4.300000 -3.704262e+00
-2.600000 4.400000 -3.342092e+00
-2.600000 4.500000 -3.027852e+00
-2.600000 4.600000 -2.752835e+00
-2.600000 4.700000 -2.510291e+00
-2.600000 4.800000 -2.294925e+00
-2.600000 4.900000 -2.102543e+00
-2.600000 5.000000 -1.929783e+00

-2.500000 -5.000000 -2.520638e-01
-2.500000 -4.900000 -2.305006e-01
-2.500000 -4.800000 -2.057056e-01
-2.500000 -4.700000 -1.770767e-01
-2.500000 -4.600000 -1.438374e-01
-2.500000 -4.500000 -1.049720e-01
-2.500000 -4.400000 -5.913376e-02
-2.500000 -4.300000 -4.513254e-03
-2.500000 -4.200000 6.135086e-02
-2.500000 -4.100000 1.418461e-01
-2.500000 -4.000000 2.416871e-01
-2.500000 -3.900000 3.675083e-01
-2.500000 -3.800000 5.287492e-01
-2.500000 -3.700000 7.389990e-01
-2.500000 -3.600000 1.018074e+00
-2.500000 -3.500000 1.395314e+00
-2.500000 -3.400000 1.914975e+00
-2.500000 -3.300000 2.645466e+00
-2.500000 -3.200000 3.696102e+00
-2.500000 -3.100000 5.249956e+00
-2.500000 -3.000000 7.635223e+00
-2.500000 -2.900000 1.150273e+01
-2.500000 -2.800000 1.835866e+01
-2.500000 -2.700000 3.270014e+01
-2.500000 -2.600000 7.698779e+01
-2.500000 -2.500000 nan
-2.500000 -2.400000 7.550293e+01
-2.500000 -2.300000 2.956124e+01
-2.500000 -2.200000 1.318858e+01
-2.500000 -2.100000 3.620317e+00
-2.500000 -2.000000 -4.152638e+00
-2.500000 -1.900000 -1.262586e+01
-2.500000 -1.800000 -2.471845e+01
-2.500000 -1.700000 -4.751122e+01
-2.500000 -1.600000 -1.148850e+02
-2.500000 -1.500000 nan
-2.500000 -1.400000 -1.139641e+02
-2.500000 -1.300000 -4.556214e+01
-2.500000 -1.200000 -2.150177e+01
-2.500000 -1.100000 -7.707237e+00
-2.500000 -1.000000 3.233458e+00
-2.500000 -0.900000 1.488585e+01
-2.500000 -0.800000 3.124051e+01
-2.500000 -0.700000 6.178603e+01
-2.500000 -0.600000 1.517233e+02
-2.500000 -0.500000 nan
-2.500000 -0.400000 1.506265e+02
-2.500000 -0.300000 5.948274e+01
-2.500000 -0.200000 2.748602e+01
-2.500000 -0.100000 9.237503e+00
-2.500000 0.000000 -5.086374e+00
-2.500000 0.100000 -2.012742e+01
-2.500000 0.200000 -4.095255e+01
-2.500000 0.300000 -7.946195e+01
-2.500000 0.400000 -1.921798e+02
-2.500000 0.500000 nan
-2.500000 0.600000 -1.913709e+02
-2.500000 0.700000 -7.773722e+01
-2.500000 0.800000 -3.807318e+01
-2.500000 0.900000 -1.565974e+01
-2.500000 1.000000 1.734912e+00
-2.500000 1.100000 1.982513e+01
-2.500000 1.200000 4.474983e+01
-2.500000 1.300000 9.081576e+01
-2.500000 1.400000 2.258643e+02
-2.500000 1.500000 nan
-2.500000 1.600000 2.242837e+02
-2.500000 1.700000 8.752992e+01
-2.500000 1.800000 3.948242e+01
-2.500000 1.900000 1.208274e+01
-2.500000 2.000000 -9.334667e+00
-2.500000 2.100000 -3.159093e+01
-2.500000 2.200000 -6.194350e+01
-2.500000 2.300000 -1.171701e+02
-2.500000 2.400000 -2.765203e+02
-2.500000 2.500000 nan
-2.500000 2.600000 -2.797960e+02
-2.500000 2.700000 -1.240635e+02
-2.500000 2.800000 -7.321580e+01
-2.500000 2.900000 -4.861508e+01
-2.500000 3.000000 -3.451134e+01
-2.500000 3.100000 -2.563089e+01
-2.500000 3.200000 -1.969693e+01
-2.500000 3.300000 -1.556222e+01
-2.500000 3.400000 -1.258668e+01
-2.500000 3.500000 -1.038719e+01
-2.500000 3.600000 -8.722735e+00
-2.500000 3.700000 -7.436095e+00
-2.500000 3.800000 -6.421790e+00
-2.500000 3.900000 -5.607473e+00
-2.500000 4.000000 -4.942587e+00
-2.500000 4.100000 -4.391223e+00
-2.500000 4.200000 -3.927492e+00
-2.500000 4.300000 -3.532465e+00
-2.500000 4.400000 -3.192118e+00
-2.500000 4.500000 -2.895917e+00
-2.500000 4.600000 -2.635849e+00
-2.500000 4.700000 -2.405738e+00
-2.500000 4.800000 -2.200761e+00
-2.500000 4.900000 -2.017107e+00
-2.500000 5.000000 -1.851723e+00

-2.400000 -5.000000 -2.776511e-01
-2.400000 -4.900000 -2.585382e-01
-2.400000 -4.800000 -2.367116e-01
-2.400000 -4.700000 -2.117103e-01
-2.400000 -4.600000 -1.829394e-01
-2.400000 -4.500000 -1.496175e-01
-2.400000 -4.400000 -1.106987e-01
-2.400000 -4.300000 -6.476076e-02
-2.400000 -4.200000 -9.838691e-03
-2.400000 -4.100000 5.681961e-02
-2.400000 -4.000000 1.391187e-01
-2.400000 -3.900000 2.426641e-01
-2.400000 -3.800000 3.755957e-01
-2.400000 -3.700000 5.498669e-01
-2.400000 -3.600000 7.832409e-01
-2.400000 -3.500000 1.102462e+00
-2.400000 -3.400000 1.548422e+00
-2.400000 -3.300000 2.184866e+00
-2.400000 -3.200000 3.113736e+00
-2.400000 -3.100000 4.503955e+00
-2.400000 -3.000000 6.650037e+00
-2.400000 -2.900000 1.010460e+01
-2.400000 -2.800000 1.601743e+01
-2.400000 -2.700000 2.710510e+01
-2.400000 -2.600000 4.981183e+01
-2.400000 -2.500000 7.550293e+01
-2.400000 -2.400000 4.851235e+01
-2.400000 -2.300000 2.434867e+01
-2.400000 -2.200000 1.145334e+01
-2.400000 -2.100000 3.102557e+00
-2.400000 -2.000000 -3.878659e+00
-2.400000 -1.900000 -1.147903e+01
-2.400000 -1.800000 -2.198143e+01
-2.400000 -1.700000 -3.975841e+01
-2.400000 -1.600000 -7.464838e+01
-2.400000 -1.500000 -1.138070e+02
-2.400000 -1.400000 -7.381013e+01
-2.400000 -1.300000 -3.798113e+01
-2.400000 -1.200000 -1.904056e+01
-2.400000 -1.100000 -6.970439e+00
-2.400000 -1.000000 2.897857e+00
-2.400000 -0.900000 1.339328e+01
-2.400000 -0.800000 2.764028e+01
-2.400000 -0.700000 5.150929e+01
-2.400000 -0.600000 9.814084e+01
-2.400000 -0.500000 1.504246e+02
-2.400000 -0.400000 9.714296e+01
-2.400000 -0.300000 4.941079e+01
-2.400000 -0.200000 2.421250e+01
-2.400000 -0.100000 8.225546e+00
-2.400000 0.000000 -4.719617e+00
-2.400000 0.100000 -1.829742e+01
-2.400000 0.200000 -3.647781e+01
-2.400000 0.300000 -6.663228e+01
-2.400000 0.400000 -1.252061e+02
-2.400000 0.500000 -1.908255e+02
-2.400000 0.600000 -1.244814e+02
-2.400000 0.700000 -6.508260e+01
-2.400000 0.800000 -3.387984e+01
-2.400000 0.900000 -1.424855e+01
-2.400000 1.000000 1.478837e+00
-2.400000 1.100000 1.781895e+01
-2.400000 1.200000 3.958345e+01
-2.400000 1.300000 7.564043e+01
-2.400000 1.400000 1.457346e+02
-2.400000 1.500000 2.242221e+02
-2.400000 1.600000 1.442944e+02
-2.400000 1.700000 7.264432e+01
-2.400000 1.800000 3.477572e+01
-2.400000 1.900000 1.074520e+01
-2.400000 2.000000 -8.635244e+00
-2.400000 2.100000 -2.875466e+01
-2.400000 2.200000 -5.530797e+01
-2.400000 2.300000 -9.871792e+01
-2.400000 2.400000 -1.821114e+02
-2.400000 2.500000 -2.756947e+02
-2.400000 2.600000 -1.850383e+02
-2.400000 2.700000 -1.048905e+02
-2.400000 2.800000 -6.543484e+01
-2.400000 2.900000 -4.410636e+01
-2.400000 3.000000 -3.140126e+01
-2.400000 3.100000 -2.330428e+01
-2.400000 3.200000 -1.788984e+01
-2.400000 3.300000 -1.413297e+01
-2.400000 3.400000 -1.144507e+01
-2.400000 3.500000 -9.469284e+00
-2.400000 3.600000 -7.980505e+00
-2.400000 3.700000 -6.832444e+00
-2.400000 3.800000 -5.927733e+00
-2.400000 3.900000 -5.200258e+00
-2.400000 4.000000 -4.604334e+00
-2.400000 4.100000 -4.107877e+00
-2.400000 4.200000 -3.688003e+00
-2.400000 4.300000 -3.328144e+00
-2.400000 4.400000 -3.016123e+00
-2.400000 4.500000 -2.742856e+00
-2.400000 4.600000 -2.501463e+00
-2.400000 4.700000 -2.286656e+00
-2.400000 4.800000 -2.094306e+00
-2.400000 4.900000 -1.921146e+00
-2.400000 5.000000 -1.764551e+00

-2.300000 -5.000000 -3.047789e-01
-2.300000 -4.900000 -2.883165e-01
-2.300000 -4.800000 -2.697183e-01
-2.300000 -4.700000 -2.486902e-01
-2.300000 -4.600000 -2.248567e-01
-2.300000 -4.500000 -1.977246e-01
-2.300000 -4.400000 -1.666293e-01
-2.300000 -4.300000 -1.306518e-01
-2.300000 -4.200000 -8.849550e-02
-2.300000 -4.100000 -3.829595e-02
-2.300000 -4.000000 2.266790e-02
-2.300000 -3.900000 9.841843e-02
-2.300000 -3.800000 1.949666e-01
-2.300000 -3.700000 3.213816e-01
-2.300000 -3.600000 4.914699e-01
-2.300000 -3.500000 7.264350e-01
-2.300000 -3.400000 1.059136e+00
-2.300000 -3.300000 1.540991e+00
-2.300000 -3.200000 2.253330e+00
-2.300000 -3.100000 3.326283e+00
-2.300000 -3.000000 4.970346e+00
-2.300000 -2.900000 7.526826e+00
-2.300000 -2.800000 1.152759e+01
-2.300000 -2.700000 1.761158e+01
-2.300000 -2.600000 2.536622e+01
-2.300000 -2.500000 2.956124e+01
-2.300000 -2.400000 2.434867e+01
-2.300000 -2.300000 1.544877e+01
-2.300000 -2.200000 7.937243e+00
-2.300000 -2.100000 2.010985e+00
-2.300000 -2.000000 -3.296540e+00
-2.300000 -1.900000 -9.034460e+00
-2.300000 -1.800000 -1.634224e+01
-2.300000 -1.700000 -2.638607e+01
-2.300000 -1.600000 -3.867407e+01
-2.300000 -1.500000 -4.544221e+01
-2.300000 -1.400000 -3.797701e+01
-2.300000 -1.300000 -2.490874e+01
-2.300000 -1.200000 -1.390129e+01
-2.300000 -1.100000 -5.307735e+00
-2.300000 -1.000000 2.248258e+00
-2.300000 -0.900000 1.023819e+01
-2.300000 -0.800000 2.022489e+01
-2.300000 -0.700000 3.378745e+01
-2.300000 -0.600000 5.028379e+01
-2.300000 -0.500000 5.937183e+01
-2.300000 -0.400000 4.944458e+01
-2.300000 -0.300000 3.202451e+01
-2.300000 -0.200000 1.735215e+01
-2.300000 -0.100000 5.929143e+00
-2.300000 0.000000 -4.035786e+00
-2.300000 0.100000 -1.444017e+01
-2.300000 0.200000 -2.727291e+01
-2.300000 0.300000 -4.452823e+01
-2.300000 0.400000 -6.541573e+01
-2.300000 0.500000 -7.701705e+01
-2.300000 0.600000 -6.483348e+01
-2.300000 0.700000 -4.328150e+01
-2.300000 0.800000 -2.518027e+01
-2.300000 0.900000 -1.118215e+01
-2.300000 1.000000 9.166533e-01
-2.300000 1.100000 1.343695e+01
-2.300000 1.200000 2.879054e+01
-2.300000 1.300000 4.938307e+01
-2.300000 1.400000 7.427144e+01
-2.300000 1.500000 8.795572e+01
-2.300000 1.600000 7.303897e+01
-2.300000 1.700000 4.682358e+01
-2.300000 1.800000 2.469701e+01
-2.300000 1.900000 7.448922e+00
-2.300000 2.000000 -7.554834e+00
-2.300000 2.100000 -2.308246e+01
-2.300000 2.200000 -4.200199e+01
-2.300000 2.300000 -6.717734e+01
-2.300000 2.400000 -9.757996e+01
-2.300000 2.500000 -1.152265e+02
-2.300000 2.600000 -9.996777e+01
-2.300000 2.700000 -7.221301e+01
-2.300000 2.800000 -5.025867e+01
-2.300000 2.900000 -3.556704e+01
-2.300000 3.000000 -2.592951e+01
-2.300000 3.100000 -1.951014e+01
-2.300000 3.200000 -1.513265e+01
-2.300000 3.300000 -1.207065e+01
-2.300000 3.400000 -9.872505e+00
-2.300000 3.500000 -8.252857e+00
-2.300000 3.600000 -7.028279e+00
-2.300000 3.700000 -6.078890e+00
-2.300000 3.800000 -5.325086e+00
-2.300000 3.900000 -4.713179e+00
-2.300000 4.000000 -4.206406e+00
-2.300000 4.100000 -3.779195e+00
-2.300000 4.200000 -3.413472e+00
-2.300000 4.300000 -3.096255e+00
-2.300000 4.400000 -2.818053e+00
-2.300000 4.500000 -2.571809e+00
-2.300000 4.600000 -2.352176e+00
-2.300000 4.700000 -2.155034e+00
-2.300000 4.800000 -1.977145e+00
-2.300000 4.900000 -1.815927e+00
-2.300000 5.000000 -1.669282e+00

-2.200000 -5.000000 -3.331144e-01
-2.200000 -4.900000 -3.194038e-01
-2.200000 -4.800000 -3.041656e-01
-2.200000 -4.700000 -2.872887e-01
-2.200000 -4.600000 -2.686420e-01
-2.200000 -4.500000 -2.480597e-01
-2.200000 -4.400000 -2.253168e-01
-2.200000 -4.300000 -2.000881e-01
-2.200000 -4.200000 -1.718810e-01
-2.200000 -4.100000 -1.399261e-01
-2.200000 -4.000000 -1.029992e-01
-2.200000 -3.900000 -5.913720e-02
-2.200000 -3.800000 -5.179760e-03
-2.200000 -3.700000 6.396265e-02
-2.200000 -3.600000 1.564795e-01
-2.200000 -3.500000 2.855250e-01
-2.200000 -3.400000 4.721696e-01
-2.200000 -3.300000 7.499994e-01
-2.200000 -3.200000 1.172045e+00
-2.200000 -3.100000 1.820417e+00
-2.200000 -3.000000 2.816987e+00
-2.200000 -2.900000 4.325339e+00
-2.200000 -2.800000 6.507646e+00
-2.200000 -2.700000 9.333895e+00
-2.200000 -2.600000 1.210933e+01
-2.200000 -2.500000 1.318858e+01
-2.200000 -2.400000 1.145334e+01
-2.200000 -2.300000 7.937243e+00
-2.200000 -2.200000 4.184320e+00
-2.200000 -2.100000 7.532357e-01
-2.200000 -2.000000 -2.514699e+00
-2.200000 -1.900000 -6.026552e+00
-2.200000 -1.800000 -1.018260e+01
-2.200000 -1.700000 -1.504807e+01
-2.200000 -1.600000 -1.964945e+01
-2.200000 -1.500000 -2.156191e+01
-2.200000 -1.400000 -1.914186e+01
-2.200000 -1.300000 -1.397499e+01
-2.200000 -1.200000 -8.418184e+00
-2.200000 -1.100000 -3.356146e+00
-2.200000 -1.000000 1.396329e+00
-2.200000 -0.900000 6.391088e+00
-2.200000 -0.800000 1.217364e+01
-2.200000 -0.700000 1.883729e+01
-2.200000 -0.600000 2.508557e+01
-2.200000 -0.500000 2.768645e+01
-2.200000 -0.400000 2.445405e+01
-2.200000 -0.300000 1.751579e+01
-2.200000 -0.200000 1.003514e+01
-2.200000 -0.100000 3.219075e+00
-2.200000 0.000000 -3.146526e+00
-2.200000 0.100000 -9.759904e+00
-2.200000 0.200000 -1.731303e+01
-2.200000 0.300000 -2.592834e+01
-2.200000 0.400000 -3.398743e+01
-2.200000 0.500000 -3.745217e+01
-2.200000 0.600000 -3.359553e+01
-2.200000 0.700000 -2.508804e+01
-2.200000 0.800000 -1.590125e+01
-2.200000 0.900000 -7.566100e+00
-2.200000 1.000000 1.585486e-01
-2.200000 1.100000 8.115149e+00
-2.200000 1.200000 1.713965e+01
-2.200000 1.300000 2.738076e+01
-2.200000 1.400000 3.689483e+01
-2.200000 1.500000 4.083373e+01
-2.200000 1.600000 3.592463e+01
-2.200000 1.700000 2.537542e+01
-2.200000 1.800000 1.395860e+01
-2.200000 1.900000 3.519912e+00
-2.200000 2.000000 -6.220784e+00
-2.200000 2.100000 -1.626636e+01
-2.200000 2.200000 -2.761911e+01
-2.200000 2.300000 -4.048559e+01
-2.200000 2.400000 -5.264252e+01
-2.200000 2.500000 -5.849863e+01
-2.200000 2.600000 -5.433490e+01
-2.200000 2.700000 -4.404643e+01
-2.200000 2.800000 -3.343272e+01
-2.200000 2.900000 -2.499234e+01
-2.200000 3.000000 -1.889506e+01
-2.200000 3.100000 -1.462121e+01
-2.200000 3.200000 -1.162693e+01
-2.200000 3.300000 -9.498725e+00
-2.200000 3.400000 -7.951714e+00
-2.200000 3.500000 -6.796628e+00
-2.200000 3.600000 -5.909173e+00
-2.200000 3.700000 -5.207713e+00
-2.200000 3.800000 -4.638292e+00
-2.200000 3.900000 -4.164874e+00
-2.200000 4.000000 -3.763080e+00
-2.200000 4.100000 -3.416150e+00
-2.200000 4.200000 -3.112361e+00
-2.200000 4.300000 -2.843341e+00
-2.200000 4.400000 -2.602983e+00
-2.200000 4.500000 -2.386722e+00
-2.200000 4.600000 -2.191067e+00
-2.200000 4.700000 -2.013283e+00
-2.200000 4.800000 -1.851175e+00
-2.200000 4.900000 -1.702947e+00
-2.200000 5.000000 -1.567100e+00

-2.100000 -5.000000 -3.623098e-01
-2.100000 -4.900000 -3.513453e-01
-2.100000 -4.800000 -3.394561e-01
-2.100000 -4.700000 -3.267190e-01
-2.100000 -4.600000 -3.132566e-01
-2.100000 -4.500000 -2.992474e-01
-2.100000 -4.400000 -2.849361e-01
-2.100000 -4.300000 -2.706413e-01
-2.100000 -4.200000 -2.567574e-01
-2.100000 -4.100000 -2.437428e-01
-2.100000 -4.000000 -2.320837e-01
-2.100000 -3.900000 -2.222120e-01
-2.100000 -3.800000 -2.143440e-01
-2.100000 -3.700000 -2.081840e-01
-2.100000 -3.600000 -2.024011e-01
-2.100000 -3.500000 -1.937372e-01
-2.100000 -3.400000 -1.755329e-01
-2.100000 -3.300000 -1.353888e-01
-2.100000 -3.200000 -5.171413e-02
-2.100000 -3.100000 1.106333e-01
-2.100000 -3.000000 4.036170e-01
-2.100000 -2.900000 8.910475e-01
-2.100000 -2.800000 1.617538e+00
-2.100000 -2.700000 2.525814e+00
-2.100000 -2.600000 3.343163e+00
-2.100000 -2.500000 3.620317e+00
-2.100000 -2.400000 3.102557e+00
-2.100000 -2.300000 2.010985e+00
-2.100000 -2.200000 7.532357e-01
-2.100000 -2.100000 -4.554368e-01
-2.100000 -2.000000 -1.635754e+00
-2.100000 -1.900000 -2.921903e+00
-2.100000 -1.800000 -4.430006e+00
-2.100000 -1.700000 -6.101725e+00
-2.100000 -1.600000 -7.531955e+00
-2.100000 -1.500000 -8.040469e+00
-2.100000 -1.400000 -7.246783e+00
-2.100000 -1.300000 -5.502806e+00
-2.100000 -1.200000 -3.455754e+00
-2.100000 -1.100000 -1.469404e+00
-2.100000 -1.000000 4.485757e-01
-2.100000 -0.900000 2.465151e+00
-2.100000 -0.800000 4.729057e+00
-2.100000 -0.700000 7.153147e+00
-2.100000 -0.600000 9.183347e+00
-2.100000 -0.500000 9.899851e+00
-2.100000 -0.400000 8.792645e+00
-2.100000 -0.300000 6.343376e+00
-2.100000 -0.200000 3.439096e+00
-2.100000 -0.100000 5.928833e-01
-2.100000 0.000000 -2.158343e+00
-2.100000 0.100000 -5.013600e+00
-2.100000 0.200000 -8.153761e+00
-2.100000 0.300000 -1.146267e+01
-2.100000 0.400000 -1.423736e+01
-2.100000 0.500000 -1.531879e+01
-2.100000 0.600000 -1.406802e+01
-2.100000 0.700000 -1.109723e+01
-2.100000 0.800000 -7.534331e+00
-2.100000 0.900000 -4.042923e+00
-2.100000 1.000000 -6.905738e-01
-2.100000 1.100000 2.752212e+00
-2.100000 1.200000 6.496675e+00
-2.100000 1.300000 1.039570e+01
-2.100000 1.400000 1.359526e+01
-2.100000 1.500000 1.469466e+01
-2.100000 1.600000 1.292332e+01
-2.100000 1.700000 9.020906e+00
-2.100000 1.800000 4.352580e+00
-2.100000 1.900000 -2.718589e-01
-2.100000 2.000000 -4.759574e+00
-2.100000 2.100000 -9.377534e+00
-2.100000 2.200000 -1.437686e+01
-2.100000 2.300000 -1.959288e+01
-2.100000 2.400000 -2.404015e+01
-2.100000 2.500000 -2.610569e+01
-2.100000 2.600000 -2.493192e+01
-2.100000 2.700000 -2.145414e+01
-2.100000 2.800000 -1.737784e+01
-2.100000 2.900000 -1.380954e+01
-2.100000 3.000000 -1.107001e+01
-2.100000 3.100000 -9.076934e+00
-2.100000 3.200000 -7.641996e+00
-2.100000 3.300000 -6.593031e+00
-2.100000 3.400000 -5.802840e+00
-2.100000 3.500000 -5.185218e+00
-2.100000 3.600000 -4.684006e+00
-2.100000 3.700000 -4.263237e+00
-2.100000 3.800000 -3.899979e+00
-2.100000 3.900000 -3.579550e+00
-2.100000 4.000000 -3.292430e+00
-2.100000 4.100000 -3.032318e+00
-2.100000 4.200000 -2.794916e+00
-2.100000 4.300000 -2.577178e+00
-2.100000 4.400000 -2.376839e+00
-2.100000 4.500000 -2.192138e+00
-2.100000 4.600000 -2.021636e+00
-2.100000 4.700000 -1.864113e+00
-2.100000 4.800000 -1.718503e+00
-2.100000 4.900000 -1.583854e+00
-2.100000 5.000000 -1.459305e+00

-2.000000 -5.000000 -3.920253e-01
-2.000000 -4.900000 -3.836917e-01
-2.000000 -4.800000 -3.749938e-01
-2.000000 -4.700000 -3.661872e-01
-2.000000 -4.600000 -3.576389e-01
-2.000000 -4.500000 -3.498631e-01
-2.000000 -4.400000 -3.435684e-01
-2.000000 -4.300000 -3.397182e-01
-2.000000 -4.200000 -3.396073e-01
-2.000000 -4.100000 -3.449598e-01
-2.000000 -4.000000 -3.580501e-01
-2.000000 -3.900000 -3.818520e-01
-2.000000 -3.800000 -4.202174e-01
-2.000000 -3.700000 -4.780821e-01
-2.000000 -3.600000 -5.616872e-01
-2.000000 -3.500000 -6.787873e-01
-2.000000 -3.400000 -8.387745e-01
-2.000000 -3.300000 -1.052570e+00
-2.000000 -3.200000 -1.331974e+00
-2.000000 -3.100000 -1.687858e+00
-2.000000 -3.000000 -2.126072e+00
-2.000000 -2.900000 -2.639348e+00
-2.000000 -2.800000 -3.193810e+00
-2.000000 -2.700000 -3.713147e+00
-2.000000 -2.600000 -4.075970e+00
-2.000000 -2.500000 -4.152638e+00
-2.000000 -2.400000 -3.878659e+00
-2.000000 -2.300000 -3.296540e+00
-2.000000 -2.200000 -2.514699e+00
-2.000000 -2.100000 -1.635754e+00
-2.000000 -2.000000 -7.236256e-01
-2.000000 -1.900000 1.858831e-01
-2.000000 -1.800000 1.055877e+00
-2.000000 -1.700000 1.819108e+00
-2.000000 -1.600000 2.367256e+00
-2.000000 -1.500000 2.583662e+00
-2.000000 -1.400000 2.414940e+00
-2.000000 -1.300000 1.912224e+00
-2.000000 -1.200000 1.190069e+00
-2.000000 -1.100000 3.550317e-01
-2.000000 -1.000000 -5.268246e-01
-2.000000 -0.900000 -1.418881e+00
-2.000000 -0.800000 -2.284292e+00
-2.000000 -0.700000 -3.056286e+00
-2.000000 -0.600000 -3.627072e+00
-2.000000 -0.500000 -3.880271e+00
-2.000000 -0.400000 -3.762306e+00
-2.000000 -0.300000 -3.323540e+00
-2.000000 -0.200000 -2.677165e+00
-2.000000 -0.100000 -1.927857e+00
-2.000000 0.000000 -1.139445e+00
-2.000000 0.100000 -3.461605e-01
-2.000000 0.200000 4.174407e-01
-2.000000 0.300000 1.086547e+00
-2.000000 0.400000 1.554763e+00
-2.000000 0.500000 1.706367e+00
-2.000000 0.600000 1.487586e+00
-2.000000 0.700000 9.476981e-01
-2.000000 0.800000 1.979700e-01
-2.000000 0.900000 -6.595506e-01
-2.000000 1.000000 -1.564170e+00
-2.000000 1.100000 -2.485040e+00
-2.000000 1.200000 -3.390957e+00
-2.000000 1.300000 -4.220138e+00
-2.000000 1.400000 -4.868612e+00
-2.000000 1.500000 -5.222228e+00
-2.000000 1.600000 -5.227729e+00
-2.000000 1.700000 -4.933701e+00
-2.000000 1.800000 -4.449428e+00
-2.000000 1.900000 -3.873623e+00
-2.000000 2.000000 -3.262269e+00
-2.000000 2.100000 -2.640097e+00
-2.000000 2.200000 -2.030723e+00
-2.000000 2.300000 -1.486763e+00
-2.000000 2.400000 -1.101274e+00
-2.000000 2.500000 -9.755422e-01
-2.000000 2.600000 -1.147823e+00
-2.000000 2.700000 -1.552397e+00
-2.000000 2.800000 -2.061244e+00
-2.000000 2.900000 -2.557001e+00
-2.000000 3.000000 -2.969168e+00
-2.000000 3.100000 -3.270772e+00
-2.000000 3.200000 -3.461878e+00
-2.000000 3.300000 -3.555542e+00
-2.000000 3.400000 -3.569309e+00
-2.000000 3.500000 -3.520853e+00
-2.000000 3.600000 -3.426054e+00
-2.000000 3.700000 -3.298318e+00
-2.000000 3.800000 -3.148526e+00
-2.000000 3.900000 -2.985252e+00
-2.000000 4.000000 -2.815082e+00
-2.000000 4.100000 -2.642960e+00
-2.000000 4.200000 -2.472502e+00
-2.000000 4.300000 -2.306276e+00
-2.000000 4.400000 -2.146038e+00
-2.000000 4.500000 -1.992921e+00
-2.000000 4.600000 -1.847592e+00
-2.000000 4.700000 -1.710372e+00
-2.000000 4.800000 -1.581332e+00
-2.000000 4.900000 -1.460364e+00
-2.000000 5.000000 -1.347238e+00

-1.900000 -5.000000 -4.219521e-01
-1.900000 -4.900000 -4.160314e-01
-1.900000 -4.800000 -4.102271e-01
-1.900000 -4.700000 -4.049506e-01
-1.900000 -4.600000 -4.007837e-01
-1.900000 -4.500000 -3.985403e-01
-1.900000 -4.400000 -3.993481e-01
-1.900000 -4.300000 -4.047606e-01
-1.900000 -4.200000 -4.169094e-01
-1.900000 -4.100000 -4.387102e-01
-1.900000 -4.000000 -4.741461e-01
-1.900000 -3.900000 -5.286552e-01
-1.900000 -3.800000 -6.096649e-01
-1.900000 -3.700000 -7.273323e-01
-1.900000 -3.600000 -8.955694e-01
-1.900000 -3.500000 -1.133462e+00
-1.900000 -3.400000 -1.467202e+00
-1.900000 -3.300000 -1.932592e+00
-1.900000 -3.200000 -2.577906e+00
-1.900000 -3.100000 -3.465864e+00
-1.900000 -3.000000 -4.670538e+00
-1.900000 -2.900000 -6.257675e+00
-1.900000 -2.800000 -8.223370e+00
-1.900000 -2.700000 -1.036075e+01
-1.900000 -2.600000 -1.210221e+01
-1.900000 -2.500000 -1.262586e+01
-1.900000 -2.400000 -1.147903e+01
-1.900000 -2.300000 -9.034460e+00
-1.900000 -2.200000 -6.026552e+00
-1.900000 -2.100000 -2.921903e+00
-1.900000 -2.000000 1.858831e-01
-1.900000 -1.900000 3.395160e+00
-1.900000 -1.800000 6.784043e+00
-1.900000 -1.700000 1.017321e+01
-1.900000 -1.600000 1.289471e+01
-1.900000 -1.500000 1.392475e+01
-1.900000 -1.400000 1.270867e+01
-1.900000 -1.300000 9.767889e+00
-1.900000 -1.200000 6.088806e+00
-1.900000 -1.100000 2.294261e+00
-1.900000 -1.000000 -1.489775e+00
-1.900000 -0.900000 -5.393189e+00
-1.900000 -0.800000 -9.527202e+00
-1.900000 -0.700000 -1.368501e+01
-1.900000 -0.600000 -1.705106e+01
-1.900000 -0.500000 -1.836275e+01
-1.900000 -0.400000 -1.693559e+01
-1.900000 -0.300000 -1.341921e+01
-1.900000 -0.200000 -9.036990e+00
-1.900000 -0.100000 -4.557093e+00
-1.900000 0.000000 -1.299967e-01
-1.900000 0.100000 4.411315e+00
-1.900000 0.200000 9.215095e+00
-1.900000 0.300000 1.404973e+01
-1.900000 0.400000 1.795379e+01
-1.900000 0.500000 1.942691e+01
-1.900000 0.600000 1.765530e+01
-1.900000 0.700000 1.341690e+01
-1.900000 0.800000 8.171924e+00
-1.900000 0.900000 2.833540e+00
-1.900000 1.000000 -2.423718e+00
-1.900000 1.100000 -7.804468e+00
-1.900000 1.200000 -1.349441e+01
-1.900000 1.300000 -1.923736e+01
-1.900000 1.400000 -2.392602e+01
-1.900000 1.500000 -2.582171e+01
-1.900000 1.600000 -2.398024e+01
-1.900000 1.700000 -1.930570e+01
-1.900000 1.800000 -1.349159e+01
-1.900000 1.900000 -7.590586e+00
-1.900000 2.000000 -1.792984e+00
-1.900000 2.100000 4.155634e+00
-1.900000 2.200000 1.049610e+01
-1.900000 2.300000 1.697315e+01
-1.900000 2.400000 2.236998e+01
-1.900000 2.500000 2.476172e+01
-1.900000 2.600000 2.314786e+01
-1.900000 2.700000 1.866390e+01
-1.900000 2.800000 1.338421e+01
-1.900000 2.900000 8.701378e+00
-1.900000 3.000000 5.073275e+00
-1.900000 3.100000 2.451481e+00
-1.900000 3.200000 6.303512e-01
-1.900000 3.300000 -5.993468e-01
-1.900000 3.400000 -1.406103e+00
-1.900000 3.500000 -1.914762e+00
-1.900000 3.600000 -2.214876e+00
-1.900000 3.700000 -2.369957e+00
-1.900000 3.800000 -2.424938e+00
-1.900000 3.900000 -2.411636e+00
-1.900000 4.000000 -2.352614e+00
-1.900000 4.100000 -2.263877e+00
-1.900000 4.200000 -2.156764e+00
-1.900000 4.300000 -2.039280e+00
-1.900000 4.400000 -1.917038e+00
-1.900000 4.500000 -1.793933e+00
-1.900000 4.600000 -1.672623e+00
-1.900000 4.700000 -1.554878e+00
-1.900000 4.800000 -1.441829e+00
-1.900000 4.900000 -1.334157e+00
-1.900000 5.000000 -1.232216e+00

-1.800000 -5.000000 -4.518353e-01
-1.800000 -4.900000 -4.480217e-01
-1.800000 -4.800000 -4.446920e-01
-1.800000 -4.700000 -4.423767e-01
-1.800000 -4.600000 -4.418245e-01
-1.800000 -4.500000 -4.440849e-01
-1.800000 -4.400000 -4.506210e-01
-1.800000 -4.300000 -4.634668e-01
-1.800000 -4.200000 -4.854455e-01
-1.800000 -4.100000 -5.204759e-01
-1.800000 -4.000000 -5.740031e-01
-1.800000 -3.900000 -6.536095e-01
-1.800000 -3.800000 -7.698892e-01
-1.800000 -3.700000 -9.377074e-01
-1.800000 -3.600000 -1.178036e+00
-1.800000 -3.500000 -1.520647e+00
-1.800000 -3.400000 -2.008086e+00
-1.800000 -3.300000 -2.701515e+00
-1.800000 -3.200000 -3.689076e+00
-1.800000 -3.100000 -5.096926e+00
-1.800000 -3.000000 -7.100183e+00
-1.800000 -2.900000 -9.919538e+00
-1.800000 -2.800000 -1.375104e+01
-1.800000 -2.700000 -1.847972e+01
-1.800000 -2.600000 -2.298160e+01
-1.800000 -2.500000 -2.471845e+01
-1.800000 -2.400000 -2.198143e+01
-1.800000 -2.300000 -1.634224e+01
-1.800000 -2.200000 -1.018260e+01
-1.800000 -2.100000 -4.430006e+00
-1.800000 -2.000000 1.055877e+00
-1.800000 -1.900000 6.784043e+00
-1.800000 -1.800000 1.325455e+01
-1.800000 -1.700000 2.050772e+01
-1.800000 -1.600000 2.718953e+01
-1.800000 -1.500000 3.001993e+01
-1.800000 -1.400000 2.679264e+01
-1.800000 -1.300000 1.965093e+01
-1.800000 -1.200000 1.180198e+01
-1.800000 -1.100000 4.506492e+00
-1.800000 -1.000000 -2.399450e+00
-1.800000 -0.900000 -9.569584e+00
-1.800000 -0.800000 -1.765096e+01
-1.800000 -0.700000 -2.671444e+01
-1.800000 -0.600000 -3.508537e+01
-1.800000 -0.500000 -3.867795e+01
-1.800000 -0.400000 -3.474360e+01
-1.800000 -0.300000 -2.596575e+01
-1.800000 -0.200000 -1.635494e+01
-1.800000 -0.100000 -7.489487e+00
-1.800000 0.000000 8.290579e-01
-1.800000 0.100000 9.406870e+00
-1.800000 0.200000 1.904333e+01
-1.800000 0.300000 2.984350e+01
-1.800000 0.400000 3.981456e+01
-1.800000 0.500000 4.406648e+01
-1.800000 0.600000 3.930936e+01
-1.800000 0.700000 2.876725e+01
-1.800000 0.800000 1.725422e+01
-1.800000 0.900000 6.666217e+00
-1.800000 1.000000 -3.229802e+00
-1.800000 1.100000 -1.339248e+01
-1.800000 1.200000 -2.477339e+01
-1.800000 1.300000 -3.751136e+01
-1.800000 1.400000 -4.929446e+01
-1.800000 1.500000 -5.442675e+01
-1.800000 1.600000 -4.907423e+01
-1.800000 1.700000 -3.699725e+01
-1.800000 1.800000 -2.380687e+01
-1.800000 1.900000 -1.170695e+01
-1.800000 2.000000 -4.156889e-01
-1.800000 2.100000 1.119858e+01
-1.800000 2.200000 2.426929e+01
-1.800000 2.300000 3.901185e+01
-1.800000 2.400000 5.285699e+01
-1.800000 2.500000 5.939248e+01
-1.800000 2.600000 5.437060e+01
-1.800000 2.700000 4.227859e+01
-1.800000 2.800000 2.980334e+01
-1.800000 2.900000 1.986137e+01
-1.800000 3.000000 1.269216e+01
-1.800000 3.100000 7.724894e+00
-1.800000 3.200000 4.341009e+00
-1.800000 3.300000 2.057127e+00
-1.800000 3.400000 5.295148e-01
-1.800000 3.500000 -4.787492e-01
-1.800000 3.600000 -1.129711e+00
-1.800000 3.700000 -1.534402e+00
-1.800000 3.800000 -1.769307e+00
-1.800000 3.900000 -1.887439e+00
-1.800000 4.000000 -1.925751e+00
-1.800000 4.100000 -1.910118e+00
-1.800000 4.200000 -1.858709e+00
-1.800000 4.300000 -1.784300e+00
-1.800000 4.400000 -1.695864e+00
-1.800000 4.500000 -1.599686e+00
-1.800000 4.600000 -1.500137e+00
-1.800000 4.700000 -1.400225e+00
-1.800000 4.800000 -1.301992e+00
-1.800000 4.900000 -1.206782e+00
-1.800000 5.000000 -1.115452e+00

-1.700000 -5.000000 -4.814948e-01
-1.700000 -4.900000 -4.794174e-01
-1.700000 -4.800000 -4.780519e-01
-1.700000 -4.700000 -4.779995e-01
-1.700000 -4.600000 -4.801114e-01
-1.700000 -4.500000 -4.855849e-01
-1.700000 -4.400000 -4.961002e-01
-1.700000 -4.300000 -5.140107e-01
-1.700000 -4.200000 -5.426130e-01
-1.700000 -4.100000 -5.865309e-01
-1.700000 -4.000000 -6.522650e-01
-1.700000 -3.900000 -7.489865e-01
-1.700000 -3.800000 -8.896949e-01
-1.700000 -3.700000 -1.092926e+00
-1.700000 -3.600000 -1.385310e+00
-1.700000 -3.500000 -1.805463e+00
-1.700000 -3.400000 -2.410035e+00
-1.700000 -3.300000 -3.283330e+00
-1.700000 -3.200000 -4.552998e+00
-1.700000 -3.100000 -6.416328e+00
-1.700000 -3.000000 -9.184823e+00
-1.700000 -2.900000 -1.335693e+01
-1.700000 -2.800000 -1.970583e+01
-1.700000 -2.700000 -2.915553e+01
-1.700000 -2.600000 -4.104924e+01
-1.700000 -2.500000 -4.751122e+01
-1.700000 -2.400000 -3.975841e+01
-1.700000 -2.300000 -2.638607e+01
-1.700000 -2.200000 -1.504807e+01
-1.700000 -2.100000 -6.101725e+00
-1.700000 -2.000000 1.819108e+00
-1.700000 -1.900000 1.017321e+01
-1.700000 -1.800000 2.050772e+01
-1.700000 -1.700000 3.438222e+01
-1.700000 -1.600000 5.113300e+01
-1.700000 -1.500000 6.039969e+01
-1.700000 -1.400000 5.056679e+01
-1.700000 -1.300000 3.316086e+01
-1.700000 -1.200000 1.843639e+01
-1.700000 -1.100000 6.912608e+00
-1.700000 -1.000000 -3.185449e+00
-1.700000 -0.900000 -1.374117e+01
-1.700000 -0.800000 -2.672908e+01
-1.700000 -0.700000 -4.412624e+01
-1.700000 -0.600000 -6.512278e+01
-1.700000 -0.500000 -7.678288e+01
-1.700000 -0.400000 -6.459815e+01
-1.700000 -0.300000 -4.298563e+01
-1.700000 -0.200000 -2.477246e+01
-1.700000 -0.100000 -1.062057e+01
-1.700000 0.000000 1.667149e+00
-1.700000 0.100000 1.440791e+01
-1.700000 0.200000 3.000997e+01
-1.700000 0.300000 5.087220e+01
-1.700000 0.400000 7.604148e+01
-1.700000 0.500000 9.000847e+01
-1.700000 0.600000 7.537307e+01
-1.700000 0.700000 4.944351e+01
-1.700000 0.800000 2.762002e+01
-1.700000 0.900000 1.070747e+01
-1.700000 1.000000 -3.913190e+00
-1.700000 1.100000 -1.899269e+01
-1.700000 1.200000 -3.737246e+01
-1.700000 1.300000 -6.187222e+01
-1.700000 1.400000 -9.139397e+01
-1.700000 1.500000 -1.078523e+02
-1.700000 1.600000 -9.095129e+01
-1.700000 1.700000 -6.088449e+01
-1.700000 1.800000 -3.561634e+01
-1.700000 1.900000 -1.608173e+01
-1.700000 2.000000 7.790002e-01
-1.700000 2.100000 1.817714e+01
-1.700000 2.200000 3.942628e+01
-1.700000 2.300000 6.782350e+01
-1.700000 2.400000 1.022080e+02
-1.700000 2.500000 1.220385e+02
-1.700000 2.600000 1.043012e+02
-1.700000 2.700000 7.234089e+01
-1.700000 2.800000 4.709057e+01
-1.700000 2.900000 3.024073e+01
-1.700000 3.000000 1.927730e+01
-1.700000 3.100000 1.210093e+01
-1.700000 3.200000 7.356654e+00
-1.700000 3.300000 4.197583e+00
-1.700000 3.400000 2.088355e+00
-1.700000 3.500000 6.838887e-01
-1.700000 3.600000 -2.424690e-01
-1.700000 3.700000 -8.420237e-01
-1.700000 3.800000 -1.217149e+00
-1.700000 3.900000 -1.437875e+00
-1.700000 4.000000 -1.552528e+00
-1.700000 4.100000 -1.594682e+00
-1.700000 4.200000 -1.587784e+00
-1.700000 4.300000 -1.548260e+00
-1.700000 4.400000 -1.487639e+00
-1.700000 4.500000 -1.414006e+00
-1.700000 4.600000 -1.333020e+00
-1.700000 4.700000 -1.248618e+00
-1.700000 4.800000 -1.163517e+00
-1.700000 4.900000 -1.079564e+00
-1.700000 5.000000 -9.979883e-01

-1.600000 -5.000000 -5.108405e-01
-1.600000 -4.900000 -5.100932e-01
-1.600000 -4.800000 -5.101295e-01
-1.600000 -4.700000 -5.115656e-01
-1.600000 -4.600000 -5.152777e-01
-1.600000 -4.500000 -5.225060e-01
-1.600000 -4.400000 -5.350023e-01
-1.600000 -4.300000 -5.552390e-01
-1.600000 -4.200000 -5.867079e-01
-1.600000 -4.100000 -6.343511e-01
-1.600000 -4.000000 -7.051837e-01
-1.600000 -3.900000 -8.092057e-01
-1.600000 -3.800000 -9.607483e-01
-1.600000 -3.700000 -1.180492e+00
-1.600000 -3.600000 -1.498541e+00
-1.600000 -3.500000 -1.959211e+00
-1.600000 -3.400000 -2.628717e+00
-1.600000 -3.300000 -3.607993e+00
-1.600000 -3.200000 -5.055231e+00
-1.600000 -3.100000 -7.228251e+00
-1.600000 -3.000000 -1.057133e+01
-1.600000 -2.900000 -1.591285e+01
-1.600000 -2.800000 -2.497316e+01
-1.600000 -2.700000 -4.181948e+01
-1.600000 -2.600000 -7.610944e+01
-1.600000 -2.500000 -1.148850e+02
-1.600000 -2.400000 -7.464838e+01
-1.600000 -2.300000 -3.867407e+01
-1.600000 -2.200000 -1.964945e+01
-1.600000 -2.100000 -7.531955e+00
-1.600000 -2.000000 2.367256e+00
-1.600000 -1.900000 1.289471e+01
-1.600000 -1.800000 2.718953e+01
-1.600000 -1.700000 5.113300e+01
-1.600000 -1.600000 9.787204e+01
-1.600000 -1.500000 1.502988e+02
-1.600000 -1.400000 9.719464e+01
-1.600000 -1.300000 4.967108e+01
-1.600000 -1.200000 2.470552e+01
-1.600000 -1.100000 8.964310e+00
-1.600000 -1.000000 -3.737481e+00
-1.600000 -0.900000 -1.709247e+01
-1.600000 -0.800000 -3.508894e+01
-1.600000 -0.700000 -6.511392e+01
-1.600000 -0.600000 -1.236232e+02
-1.600000 -0.500000 -1.892475e+02
-1.600000 -0.400000 -1.229760e+02
-1.600000 -0.300000 -6.370993e+01
-1.600000 -0.200000 -3.268528e+01
-1.600000 -0.100000 -1.325591e+01
-1.600000 0.000000 2.273757e+00
-1.600000 0.100000 1.845238e+01
-1.600000 0.200000 4.012420e+01
-1.600000 0.300000 7.618657e+01
-1.600000 0.400000 1.464072e+02
-1.600000 0.500000 2.251575e+02
-1.600000 0.600000 1.456358e+02
-1.600000 0.700000 7.453373e+01
-1.600000 0.800000 3.734643e+01
-1.600000 0.900000 1.411565e+01
-1.600000 1.000000 -4.364436e+00
-1.600000 1.100000 -2.349804e+01
-1.600000 1.200000 -4.898455e+01
-1.600000 1.300000 -9.123037e+01
-1.600000 1.400000 -1.733131e+02
-1.600000 1.500000 -2.653416e+02
-1.600000 1.600000 -1.727186e+02
-1.600000 1.700000 -8.991935e+01
-1.600000 1.800000 -4.668775e+01
-1.600000 1.900000 -1.973868e+01
-1.600000 2.000000 1.665397e+00
-1.600000 2.100000 2.381515e+01
-1.600000 2.200000 5.330988e+01
-1.600000 2.300000 1.021300e+02
-1.600000 2.400000 1.967581e+02
-1.600000 2.500000 3.031806e+02
-1.600000 2.600000 1.992143e+02
-1.600000 2.700000 1.074372e+02
-1.600000 2.800000 6.234130e+01
-1.600000 2.900000 3.812408e+01
-1.600000 3.000000 2.390203e+01
-1.600000 3.100000 1.505949e+01
-1.600000 3.200000 9.367526e+00
-1.600000 3.300000 5.627840e+00
-1.600000 3.400000 3.144067e+00
-1.600000 3.500000 1.488814e+00
-1.600000 3.600000 3.895557e-01
-1.600000 3.700000 -3.322517e-01
-1.600000 3.800000 -7.958865e-01
-1.600000 3.900000 -1.082196e+00
-1.600000 4.000000 -1.246582e+00
-1.600000 4.100000 -1.327323e+00
-1.600000 4.200000 -1.351035e+00
-1.600000 4.300000 -1.336309e+00
-1.600000 4.400000 -1.296165e+00
-1.600000 4.500000 -1.239738e+00
-1.600000 4.600000 -1.173428e+00
-1.600000 4.700000 -1.101711e+00
-1.600000 4.800000 -1.027694e+00
-1.600000 4.900000 -9.535197e-01
-1.600000 5.000000 -8.806394e-01

-1.500000 -5.000000 -5.398827e-01
-1.500000 -4.900000 -5.400585e-01
-1.500000 -4.800000 -5.409290e-01
-1.500000 -4.700000 -5.430653e-01
-1.500000 -4.600000 -5.472863e-01
-1.500000 -4.500000 -5.547601e-01
-1.500000 -4.400000 -5.671497e-01
-1.500000 -4.300000 -5.868220e-01
-1.500000 -4.200000 -6.171492e-01
-1.500000 -4.100000 -6.629464e-01
-1.500000 -4.000000 -7.311116e-01
-1.500000 -3.900000 -8.315707e-01
-1.500000 -3.800000 -9.786866e-01
-1.500000 -3.700000 -1.193390e+00
-1.500000 -3.600000 -1.506456e+00
-1.500000 -3.500000 -1.963665e+00
-1.500000 -3.400000 -2.634183e+00
-1.500000 -3.300000 -3.624767e+00
-1.500000 -3.200000 -5.105313e+00
-1.500000 -3.100000 -7.358552e+00
-1.500000 -3.000000 -1.088741e+01
-1.500000 -2.900000 -1.668131e+01
-1.500000 -2.800000 -2.701479e+01
-1.500000 -2.700000 -4.864983e+01
-1.500000 -2.600000 -1.152931e+02
-1.500000 -2.500000 nan
-1.500000 -2.400000 -1.138070e+02
-1.500000 -2.300000 -4.544221e+01
-1.500000 -2.200000 -2.156191e+01
-1.500000 -2.100000 -8.040469e+00
-1.500000 -2.000000 2.583662e+00
-1.500000 -1.900000 1.392475e+01
-1.500000 -1.800000 3.001993e+01
-1.500000 -1.700000 6.039969e+01
-1.500000 -1.600000 1.502988e+02
-1.500000 -1.500000 nan
-1.500000 -1.400000 1.495801e+02
-1.500000 -1.300000 5.884855e+01
-1.500000 -1.200000 2.738284e+01
-1.500000 -1.100000 9.744588e+00
-1.500000 -1.000000 -3.938434e+00
-1.500000 -0.900000 -1.836173e+01
-1.500000 -0.800000 -3.864677e+01
-1.500000 -0.700000 -7.674450e+01
-1.500000 -0.600000 -1.892205e+02
-1.500000 -0.500000 nan
-1.500000 -0.400000 -1.885229e+02
-1.500000 -0.300000 -7.523312e+01
-1.500000 -0.200000 -3.606335e+01
-1.500000 -0.100000 -1.424093e+01
-1.500000 0.000000 2.531478e+00
-1.500000 0.100000 2.004036e+01
-1.500000 0.200000 4.449810e+01
-1.500000 0.300000 9.028051e+01
-1.500000 0.400000 2.252870e+02
-1.500000 0.500000 nan
-1.500000 0.600000 2.244844e+02
-1.500000 0.700000 8.855909e+01
-1.500000 0.800000 4.159900e+01
-1.500000 0.900000 1.549769e+01
-1.500000 1.000000 -4.466902e+00
-1.500000 1.100000 -2.517168e+01
-1.500000 1.200000 -5.391904e+01
-1.500000 1.300000 -1.075083e+02
-1.500000 1.400000 -2.651704e+02
-1.500000 1.500000 nan
-1.500000 1.600000 -2.645075e+02
-1.500000 1.700000 -1.060539e+02
-1.500000 1.800000 -5.138778e+01
-1.500000 1.900000 -2.105365e+01
-1.500000 2.000000 2.117351e+00
-1.500000 2.100000 2.612445e+01
-1.500000 2.200000 5.940628e+01
-1.500000 2.300000 1.212529e+02
-1.500000 2.400000 3.023256e+02
-1.500000 2.500000 nan
-1.500000 2.600000 3.048852e+02
-1.500000 2.700000 1.267887e+02
-1.500000 2.800000 6.884541e+01
-1.500000 2.900000 4.113322e+01
-1.500000 3.000000 2.559432e+01
-1.500000 3.100000 1.614498e+01
-1.500000 3.200000 1.013365e+01
-1.500000 3.300000 6.209581e+00
-1.500000 3.400000 3.611718e+00
-1.500000 3.500000 1.881636e+00
-1.500000 3.600000 7.305550e-01
-1.500000 3.700000 -2.911125e-02
-1.500000 3.800000 -5.218724e-01
-1.500000 3.900000 -8.316752e-01
-1.500000 4.000000 -1.015783e+00
-1.500000 4.100000 -1.113608e+00
-1.500000 4.200000 -1.152460e+00
-1.500000 4.300000 -1.151361e+00
-1.500000 4.400000 -1.123611e+00
-1.500000 4.500000 -1.078524e+00
-1.500000 4.600000 -1.022632e+00
-1.500000 4.700000 -9.605035e-01
-1.500000 4.800000 -8.953261e-01
-1.500000 4.900000 -8.293053e-01
-1.500000 5.000000 -7.639503e-01

-1.400000 -5.000000 -5.687340e-01
-1.400000 -4.900000 -5.694612e-01
-1.400000 -4.800000 -5.706424e-01
-1.400000 -4.700000 -5.727457e-01
-1.400000 -4.600000 -5.764509e-01
-1.400000 -4.500000 -5.827394e-01
-1.400000 -4.400000 -5.930245e-01
-1.400000 -4.300000 -6.093396e-01
-1.400000 -4.200000 -6.346129e-01
-1.400000 -4.100000 -6.730695e-01
-1.400000 -4.000000 -7.308262e-01
-1.400000 -3.900000 -8.167747e-01
-1.400000 -3.800000 -9.439100e-01
-1.400000 -3.700000 -1.131349e+00
-1.400000 -3.600000 -1.407443e+00
-1.400000 -3.500000 -1.814676e+00
-1.400000 -3.400000 -2.417562e+00
-1.400000 -3.300000 -3.315843e+00
-1.400000 -3.200000 -4.667599e+00
-1.400000 -3.100000 -6.732424e+00
-1.400000 -3.000000 -9.959191e+00
-1.400000 -2.900000 -1.518451e+01
-1.400000 -2.800000 -2.414088e+01
-1.400000 -2.700000 -4.091060e+01
-1.400000 -2.600000 -7.516686e+01
-1.400000 -2.500000 -1.139641e+02
-1.400000 -2.400000 -7.381013e+01
-1.400000 -2.300000 -3.797701e+01
-1.400000 -2.200000 -1.914186e+01
-1.400000 -2.100000 -7.246783e+00
-1.400000 -2.000000 2.414940e+00
-1.400000 -1.900000 1.270867e+01
-1.400000 -1.800000 2.679264e+01
-1.400000 -1.700000 5.056679e+01
-1.400000 -1.600000 9.719464e+01
-1.400000 -1.500000 1.495801e+02
-1.400000 -1.400000 9.650886e+01
-1.400000 -1.300000 4.908792e+01
-1.400000 -1.200000 2.428275e+01
-1.400000 -1.100000 8.742745e+00
-1.400000 -1.000000 -3.736199e+00
-1.400000 -0.900000 -1.686657e+01
-1.400000 -0.800000 -3.465653e+01
-1.400000 -0.700000 -6.451239e+01
-1.400000 -0.600000 -1.229070e+02
-1.400000 -0.500000 -1.884832e+02
-1.400000 -0.400000 -1.222350e+02
-1.400000 -0.300000 -6.305935e+01
-1.400000 -0.200000 -3.218072e+01
-1.400000 -0.100000 -1.293643e+01
-1.400000 0.000000 2.387858e+00
-1.400000 0.100000 1.836028e+01
-1.400000 0.200000 3.984460e+01
-1.400000 0.300000 7.575715e+01
-1.400000 0.400000 1.458825e+02
-1.400000 0.500000 2.246040e+02
-1.400000 0.600000 1.451248e+02
-1.400000 0.700000 7.413241e+01
-1.400000 0.800000 3.711068e+01
-1.400000 0.900000 1.408511e+01
-1.400000 1.000000 -4.168559e+00
-1.400000 1.100000 -2.307360e+01
-1.400000 1.200000 -4.834858e+01
-1.400000 1.300000 -9.041857e+01
-1.400000 1.400000 -1.723779e+02
-1.400000 1.500000 -2.643473e+02
-1.400000 1.600000 -1.717343e+02
-1.400000 1.700000 -8.901069e+01
-1.400000 1.800000 -4.590958e+01
-1.400000 1.900000 -1.913056e+01
-1.400000 2.000000 2.081070e+00
-1.400000 2.100000 2.403351e+01
-1.400000 2.200000 5.334327e+01
-1.400000 2.300000 1.020072e+02
-1.400000 2.400000 1.965219e+02
-1.400000 2.500000 3.028831e+02
-1.400000 2.600000 1.989095e+02
-1.400000 2.700000 1.071731e+02
-1.400000 2.800000 6.215367e+01
-1.400000 2.900000 3.803355e+01
-1.400000 3.000000 2.391482e+01
-1.400000 3.100000 1.517055e+01
-1.400000 3.200000 9.564552e+00
-1.400000 3.300000 5.894914e+00
-1.400000 3.400000 3.464464e+00
-1.400000 3.500000 1.846801e+00
-1.400000 3.600000 7.713633e-01
-1.400000 3.700000 6.195247e-02
-1.400000 3.800000 -3.983595e-01
-1.400000 3.900000 -6.882734e-01
-1.400000 4.000000 -8.613411e-01
-1.400000 4.100000 -9.543165e-01
-1.400000 4.200000 -9.925975e-01
-1.400000 4.300000 -9.938290e-01
-1.400000 4.400000 -9.703186e-01
-1.400000 4.500000 -9.306741e-01
-1.400000 4.600000 -8.809220e-01
-1.400000 4.700000 -8.252791e-01
-1.400000 4.800000 -7.666872e-01
-1.400000 4.900000 -7.071861e-01
-1.400000 5.000000 -6.481760e-01

-1.300000 -5.000000 -5.976028e-01
-1.300000 -4.900000 -5.985803e-01
-1.300000 -4.800000 -5.996419e-01
-1.300000 -4.700000 -6.011011e-01
-1.300000 -4.600000 -6.034262e-01
-1.300000 -4.500000 -6.073090e-01
-1.300000 -4.400000 -6.137659e-01
-1.300000 -4.300000 -6.242869e-01
-1.300000 -4.200000 -6.410542e-01
-1.300000 -4.100000 -6.672681e-01
-1.300000 -4.000000 -7.076332e-01
-1.300000 -3.900000 -7.690878e-01
-1.300000 -3.800000 -8.619103e-01
-1.300000 -3.700000 -1.001407e+00
-1.300000 -3.600000 -1.210519e+00
-1.300000 -3.500000 -1.523882e+00
-1.300000 -3.400000 -1.994255e+00
-1.300000 -3.300000 -2.702842e+00
-1.300000 -3.200000 -3.776145e+00
-1.300000 -3.100000 -5.413951e+00
-1.300000 -3.000000 -7.936115e+00
-1.300000 -2.900000 -1.185752e+01
-1.300000 -2.800000 -1.797706e+01
-1.300000 -2.700000 -2.725239e+01
-1.300000 -2.600000 -3.906283e+01
-1.300000 -2.500000 -4.556214e+01
-1.300000 -2.400000 -3.798113e+01
-1.300000 -2.300000 -2.490874e+01
-1.300000 -2.200000 -1.397499e+01
-1.300000 -2.100000 -5.502806e+00
-1.300000 -2.000000 1.912224e+00
-1.300000 -1.900000 9.767889e+00
-1.300000 -1.800000 1.965093e+01
-1.300000 -1.700000 3.316086e+01
-1.300000 -1.600000 4.967108e+01
-1.300000 -1.500000 5.884855e+01
-1.300000 -1.400000 4.908792e+01
-1.300000 -1.300000 3.190534e+01
-1.300000 -1.200000 1.752755e+01
-1.300000 -1.100000 6.436078e+00
-1.300000 -1.000000 -3.184983e+00
-1.300000 -0.900000 -1.326011e+01
-1.300000 -0.800000 -2.580495e+01
-1.300000 -0.700000 -4.283770e+01
-1.300000 -0.600000 -6.358646e+01
-1.300000 -0.500000 -7.514355e+01
-1.300000 -0.400000 -6.301142e+01
-1.300000 -0.300000 -4.159743e+01
-1.300000 -0.200000 -2.370176e+01
-1.300000 -0.100000 -9.949447e+00
-1.300000 0.000000 1.896711e+00
-1.300000 0.100000 1.419419e+01
-1.300000 0.200000 2.939160e+01
-1.300000 0.300000 4.992831e+01
-1.300000 0.400000 7.488872e+01
-1.300000 0.500000 8.879135e+01
-1.300000 0.600000 7.424695e+01
-1.300000 0.700000 4.855431e+01
-1.300000 0.800000 2.708714e+01
-1.300000 0.900000 1.061406e+01
-1.300000 1.000000 -3.523309e+00
-1.300000 1.100000 -1.811514e+01
-1.300000 1.200000 -3.604245e+01
-1.300000 1.300000 -6.016481e+01
-1.300000 1.400000 -8.942131e+01
-1.300000 1.500000 -1.057542e+02
-1.300000 1.600000 -8.887897e+01
-1.300000 1.700000 -5.898018e+01
-1.300000 1.800000 -3.399713e+01
-1.300000 1.900000 -1.483032e+01
-1.300000 2.000000 1.616743e+00
-1.300000 2.100000 1.859159e+01
-1.300000 2.200000 3.944352e+01
-1.300000 2.300000 6.750474e+01
-1.300000 2.400000 1.016462e+02
-1.300000 2.500000 1.213485e+02
-1.300000 2.600000 1.036030e+02
-1.300000 2.700000 7.174000e+01
-1.300000 2.800000 4.666332e+01
-1.300000 2.900000 3.002831e+01
-1.300000 3.000000 1.928873e+01
-1.300000 3.100000 1.232136e+01
-1.300000 3.200000 7.756807e+00
-1.300000 3.300000 4.741918e+00
-1.300000 3.400000 2.740806e+00
-1.300000 3.500000 1.411346e+00
-1.300000 3.600000 5.315489e-01
-1.300000 3.700000 -4.469946e-02
-1.300000 3.800000 -4.147598e-01
-1.300000 3.900000 -6.441905e-01
-1.300000 4.000000 -7.775323e-01
-1.300000 4.100000 -8.452779e-01
-1.300000 4.200000 -8.684376e-01
-1.300000 4.300000 -8.615650e-01
-1.300000 4.400000 -8.347832e-01
-1.300000 4.500000 -7.951544e-01
-1.300000 4.600000 -7.476122e-01
-1.300000 4.700000 -6.956022e-01
-1.300000 4.800000 -6.415237e-01
-1.300000 4.900000 -5.870380e-01
-1.300000 5.000000 -5.332829e-01

-1.200000 -5.000000 -6.267793e-01
-1.200000 -4.900000 -6.278074e-01
-1.200000 -4.800000 -6.284551e-01
-1.200000 -4.700000 -6.288421e-01
-1.200000 -4.600000 -6.291686e-01
-1.200000 -4.500000 -6.297555e-01
-1.200000 -4.400000 -6.311051e-01
-1.200000 -4.300000 -6.339931e-01
-1.200000 -4.200000 -6.396081e-01
-1.200000 -4.100000 -6.497632e-01
-1.200000 -4.000000 -6.672195e-01
-1.200000 -3.900000 -6.961815e-01
-1.200000 -3.800000 -7.430591e-01
-1.200000 -3.700000 -8.176451e-01
-1.200000 -3.600000 -9.349416e-01
-1.200000 -3.500000 -1.117997e+00
-1.200000 -3.400000 -1.402307e+00
-1.200000 -3.300000 -1.842556e+00
-1.200000 -3.200000 -2.522646e+00
-1.200000 -3.100000 -3.569468e+00
-1.200000 -3.000000 -5.167853e+00
-1.200000 -2.900000 -7.562124e+00
-1.200000 -2.800000 -1.099010e+01
-1.200000 -2.700000 -1.539666e+01
-1.200000 -2.600000 -1.972686e+01
-1.200000 -2.500000 -2.150177e+01
-1.200000 -2.400000 -1.904056e+01
-1.200000 -2.300000 -1.390129e+01
-1.200000 -2.200000 -8.418184e+00
-1.200000 -2.100000 -3.455754e+00
-1.200000 -2.000000 1.190069e+00
-1.200000 -1.900000 6.088806e+00
-1.200000 -1.800000 1.180198e+01
-1.200000 -1.700000 1.843639e+01
-1.200000 -1.600000 2.470552e+01
-1.200000 -1.500000 2.738284e+01
-1.200000 -1.400000 2.428275e+01
-1.200000 -1.300000 1.752755e+01
-1.200000 -1.200000 1.027044e+01
-1.200000 -1.100000 3.703820e+00
-1.200000 -1.000000 -2.404098e+00
-1.200000 -0.900000 -8.770664e+00
-1.200000 -0.800000 -1.610663e+01
-1.200000 -0.700000 -2.455098e+01
-1.200000 -0.600000 -3.249783e+01
-1.200000 -0.500000 -3.591593e+01
-1.200000 -0.400000 -3.207843e+01
-1.200000 -0.300000 -2.364887e+01
-1.200000 -0.200000 -1.458497e+01
-1.200000 -0.100000 -6.398031e+00
-1.200000 0.000000 1.176922e+00
-1.200000 0.100000 9.008345e+00
-1.200000 0.200000 1.795809e+01
-1.200000 0.300000 2.819830e+01
-1.200000 0.400000 3.780415e+01
-1.200000 0.500000 4.193976e+01
-1.200000 0.600000 3.733693e+01
-1.200000 0.700000 2.720019e+01
-1.200000 0.800000 1.629156e+01
-1.200000 0.900000 6.440986e+00
-1.200000 1.000000 -2.649816e+00
-1.200000 1.100000 -1.200043e+01
-1.200000 1.200000 -2.262361e+01
-1.200000 1.300000 -3.472416e+01
-1.200000 1.400000 -4.605738e+01
-1.200000 1.500000 -5.098124e+01
-1.200000 1.600000 -4.568375e+01
-1.200000 1.700000 -3.390679e+01
-1.200000 1.800000 -2.121125e+01
-1.200000 1.900000 -9.737782e+00
-1.200000 2.000000 8.568984e-01
-1.200000 2.100000 1.176054e+01
-1.200000 2.200000 2.416175e+01
-1.200000 2.300000 3.833468e+01
-1.200000 2.400000 5.176881e+01
-1.200000 2.500000 5.809625e+01
-1.200000 2.600000 5.308094e+01
-1.200000 2.700000 4.118145e+01
-1.200000 2.800000 2.902591e+01
-1.200000 2.900000 1.946346e+01
-1.200000 3.000000 1.267617e+01
-1.200000 3.100000 8.054495e+00
-1.200000 3.200000 4.959511e+00
-1.200000 3.300000 2.901433e+00
-1.200000 3.400000 1.538925e+00
-1.200000 3.500000 6.421141e-01
-1.200000 3.600000 5.783675e-02
-1.200000 3.700000 -3.159136e-01
-1.200000 3.800000 -5.473560e-01
-1.200000 3.900000 -6.823895e-01
-1.200000 4.000000 -7.520997e-01
-1.200000 4.100000 -7.776768e-01
-1.200000 4.200000 -7.736520e-01
-1.200000 4.300000 -7.500426e-01
-1.200000 4.400000 -7.137836e-01
-1.200000 4.500000 -6.696910e-01
-1.200000 4.600000 -6.211138e-01
-1.200000 4.700000 -5.703794e-01
-1.200000 4.800000 -5.190995e-01
-1.200000 4.900000 -4.683813e-01
-1.200000 5.000000 -4.189748e-01

-1.100000 -5.000000 -6.566133e-01
-1.100000 -4.900000 -6.576171e-01
-1.100000 -4.800000 -6.577260e-01
-1.100000 -4.700000 -6.568428e-01
-1.100000 -4.600000 -6.548657e-01
-1.100000 -4.500000 -6.516941e-01
-1.100000 -4.400000 -6.472410e-01
-1.100000 -4.300000 -6.414565e-01
-1.100000 -4.200000 -6.343684e-01
-1.100000 -4.100000 -6.261538e-01
-1.100000 -4.000000 -6.172578e-01
-1.100000 -3.900000 -6.085936e-01
-1.100000 -3.800000 -6.018696e-01
-1.100000 -3.700000 -6.001247e-01
-1.100000 -3.600000 -6.085948e-01
-1.100000 -3.500000 -6.361010e-01
-1.100000 -3.400000 -6.972354e-01
-1.100000 -3.300000 -8.156880e-01
-1.100000 -3.200000 -1.028961e+00
-1.100000 -3.100000 -1.393964e+00
-1.100000 -3.000000 -1.990253e+00
-1.100000 -2.900000 -2.910007e+00
-1.100000 -2.800000 -4.208350e+00
-1.100000 -2.700000 -5.777278e+00
-1.100000 -2.600000 -7.177690e+00
-1.100000 -2.500000 -7.707237e+00
-1.100000 -2.400000 -6.970439e+00
-1.100000 -2.300000 -5.307735e+00
-1.100000 -2.200000 -3.356146e+00
-1.100000 -2.100000 -1.469404e+00
-1.100000 -2.000000 3.550317e-01
-1.100000 -1.900000 2.294261e+00
-1.100000 -1.800000 4.506492e+00
-1.100000 -1.700000 6.912608e+00
-1.100000 -1.600000 8.964310e+00
-1.100000 -1.500000 9.744588e+00
-1.100000 -1.400000 8.742745e+00
-1.100000 -1.300000 6.436078e+00
-1.100000 -1.200000 3.703820e+00
-1.100000 -1.100000 1.048323e+00
-1.100000 -1.000000 -1.506242e+00
-1.100000 -0.900000 -4.172528e+00
-1.100000 -0.800000 -7.144643e+00
-1.100000 -0.700000 -1.031793e+01
-1.100000 -0.600000 -1.299795e+01
-1.100000 -0.500000 -1.403010e+01
-1.100000 -0.400000 -1.277516e+01
-1.100000 -0.300000 -9.839987e+00
-1.100000 -0.200000 -6.342429e+00
-1.100000 -0.100000 -2.931981e+00
-1.100000 0.000000 3.407428e-01
-1.100000 0.100000 3.723573e+00
-1.100000 0.200000 7.445817e+00
-1.100000 0.300000 1.137646e+01
-1.100000 0.400000 1.467402e+01
-1.100000 0.500000 1.594551e+01
-1.100000 0.600000 1.442235e+01
-1.100000 0.700000 1.084029e+01
-1.100000 0.800000 6.555099e+00
-1.100000 0.900000 2.362860e+00
-1.100000 1.000000 -1.659851e+00
-1.100000 1.100000 -5.796422e+00
-1.100000 1.200000 -1.031161e+01
-1.100000 1.300000 -1.504813e+01
-1.100000 1.400000 -1.901735e+01
-1.100000 1.500000 -2.058745e+01
-1.100000 1.600000 -1.885970e+01
-1.100000 1.700000 -1.469731e+01
-1.100000 1.800000 -9.691776e+00
-1.100000 1.900000 -4.782358e+00
-1.100000 2.000000 -6.645673e-02
-1.100000 2.100000 4.782551e+00
-1.100000 2.200000 1.007635e+01
-1.100000 2.300000 1.564849e+01
-1.100000 2.400000 2.038887e+01
-1.100000 2.500000 2.246537e+01
-1.100000 2.600000 2.090701e+01
-1.100000 2.700000 1.679132e+01
-1.100000 2.800000 1.207413e+01
-1.100000 2.900000 8.022127e+00
-1.100000 3.000000 4.998115e+00
-1.100000 3.100000 2.899177e+00
-1.100000 3.200000 1.498092e+00
-1.100000 3.300000 5.849493e-01
-1.100000 3.400000 1.531983e-03
-1.100000 3.500000 -3.622931e-01
-1.100000 3.600000 -5.806531e-01
-1.100000 3.700000 -7.028020e-01
-1.100000 3.800000 -7.613768e-01
-1.100000 3.900000 -7.780528e-01
-1.100000 4.000000 -7.672939e-01
-1.100000 4.100000 -7.388070e-01
-1.100000 4.200000 -6.991456e-01
-1.100000 4.300000 -6.527588e-01
-1.100000 4.400000 -6.026807e-01
-1.100000 4.500000 -5.509865e-01
-1.100000 4.600000 -4.990960e-01
-1.100000 4.700000 -4.479769e-01
-1.100000 4.800000 -3.982821e-01
-1.100000 4.900000 -3.504440e-01
-1.100000 5.000000 -3.047383e-01

-1.000000 -5.000000 -6.874863e-01
-1.000000 -4.900000 -6.885292e-01
-1.000000 -4.800000 -6.881634e-01
-1.000000 -4.700000 -6.860713e-01
-1.000000 -4.600000 -6.818416e-01
-1.000000 -4.500000 -6.749390e-01
-1.000000 -4.400000 -6.646647e-01
-1.000000 -4.300000 -6.501040e-01
-1.000000 -4.200000 -6.300604e-01
-1.000000 -4.100000 -6.029694e-01
-1.000000 -4.000000 -5.667919e-01
-1.000000 -3.900000 -5.188805e-01
-1.000000 -3.800000 -4.558177e-01
-1.000000 -3.700000 -3.732283e-01
-1.000000 -3.600000 -2.655740e-01
-1.000000 -3.500000 -1.259581e-01
-1.000000 -3.400000 5.399256e-02
-1.000000 -3.300000 2.840264e-01
-1.000000 -3.200000 5.746412e-01
-1.000000 -3.100000 9.353264e-01
-1.000000 -3.000000 1.370551e+00
-1.000000 -2.900000 1.871779e+00
-1.000000 -2.800000 2.404125e+00
-1.000000 -2.700000 2.890694e+00
-1.000000 -2.600000 3.210102e+00
-1.000000 -2.500000 3.233458e+00
-1.000000 -2.400000 2.897857e+00
-1.000000 -2.300000 2.248258e+00
-1.000000 -2.200000 1.396329e+00
-1.000000 -2.100000 4.485757e-01
-1.000000 -2.000000 -5.268246e-01
-1.000000 -1.900000 -1.489775e+00
-1.000000 -1.800000 -2.399450e+00
-1.000000 -1.700000 -3.185449e+00
-1.000000 -1.600000 -3.737481e+00
-1.000000 -1.500000 -3.938434e+00
-1.000000 -1.400000 -3.736199e+00
-1.000000 -1.300000 -3.184983e+00
-1.000000 -1.200000 -2.404098e+00
-1.000000 -1.100000 -1.506242e+00
-1.000000 -1.000000 -5.645512e-01
-1.000000 -0.900000 3.769389e-01
-1.000000 -0.800000 1.274284e+00
-1.000000 -0.700000 2.054627e+00
-1.000000 -0.600000 2.605739e+00
-1.000000 -0.500000 2.808985e+00
-1.000000 -0.400000 2.611062e+00
-1.000000 -0.300000 2.065239e+00
-1.000000 -0.200000 1.290095e+00
-1.000000 -0.100000 3.977465e-01
-1.000000 0.000000 -5.391355e-01
-1.000000 0.100000 -1.476896e+00
-1.000000 0.200000 -2.371918e+00
-1.000000 0.300000 -3.151634e+00
-1.000000 0.400000 -3.704095e+00
-1.000000 0.500000 -3.910945e+00
-1.000000 0.600000 -3.719170e+00
-1.000000 0.700000 -3.182345e+00
-1.000000 0.800000 -2.419376e+00
-1.000000 0.900000 -1.542727e+00
-1.000000 1.000000 -6.254377e-01
-1.000000 1.100000 2.884478e-01
-1.000000 1.200000 1.154903e+00
-1.000000 1.300000 1.900926e+00
-1.000000 1.400000 2.414099e+00
-1.000000 1.500000 2.575538e+00
-1.000000 1.600000 2.331616e+00
-1.000000 1.700000 1.735164e+00
-1.000000 1.800000 9.041389e-01
-1.000000 1.900000 -5.022700e-02
-1.000000 2.000000 -1.056532e+00
-1.000000 2.100000 -2.072924e+00
-1.000000 2.200000 -3.058300e+00
-1.000000 2.300000 -3.943536e+00
-1.000000 2.400000 -4.621282e+00
-1.000000 2.500000 -4.979157e+00
-1.000000 2.600000 -4.971646e+00
-1.000000 2.700000 -4.661276e+00
-1.000000 2.800000 -4.176741e+00
-1.000000 2.900000 -3.639406e+00
-1.000000 3.000000 -3.126320e+00
-1.000000 3.100000 -2.672669e+00
-1.000000 3.200000 -2.287420e+00
-1.000000 3.300000 -1.966636e+00
-1.000000 3.400000 -1.701431e+00
-1.000000 3.500000 -1.481960e+00
-1.000000 3.600000 -1.299149e+00
-1.000000 3.700000 -1.145295e+00
-1.000000 3.800000 -1.014156e+00
-1.000000 3.900000 -9.008121e-01
-1.000000 4.000000 -8.014627e-01
-1.000000 4.100000 -7.132120e-01
-1.000000 4.200000 -6.338776e-01
-1.000000 4.300000 -5.618274e-01
-1.000000 4.400000 -4.958467e-01
-1.000000 4.500000 -4.350328e-01
-1.000000 4.600000 -3.787136e-01
-1.000000 4.700000 -3.263849e-01
-1.000000 4.800000 -2.776628e-01
-1.000000 4.900000 -2.322496e-01
-1.000000 5.000000 -1.899074e-01

-0.900000 -5.000000 -7.197801e-01
-0.900000 -4.900000 -7.210656e-01
-0.900000 -4.800000 -7.204820e-01
-0.900000 -4.700000 -7.175080e-01
-0.900000 -4.600000 -7.114446e-01
-0.900000 -4.500000 -7.013495e-01
-0.900000 -4.400000 -6.859461e-01
-0.900000 -4.300000 -6.634977e-01
-0.900000 -4.200000 -6.316334e-01
-0.900000 -4.100000 -5.871062e-01
-0.900000 -4.000000 -5.254552e-01
-0.900000 -3.900000 -4.405330e-01
-0.900000 -3.800000 -3.238398e-01
-0.900000 -3.700000 -1.635827e-01
-0.900000 -3.600000 5.665815e-02
-0.900000 -3.500000 3.598142e-01
-0.900000 -3.400000 7.779535e-01
-0.900000 -3.300000 1.355783e+00
-0.900000 -3.200000 2.154814e+00
-0.900000 -3.100000 3.256664e+00
-0.900000 -3.000000 4.760089e+00
-0.900000 -2.900000 6.756491e+00
-0.900000 -2.800000 9.250255e+00
-0.900000 -2.700000 1.198240e+01
-0.900000 -2.600000 1.421880e+01
-0.900000 -2.500000 1.488585e+01
-0.900000 -2.400000 1.339328e+01
-0.900000 -2.300000 1.023819e+01
-0.900000 -2.200000 6.391088e+00
-0.900000 -2.100000 2.465151e+00
-0.900000 -2.000000 -1.418881e+00
-0.900000 -1.900000 -5.393189e+00
-0.900000 -1.800000 -9.569584e+00
-0.900000 -1.700000 -1.374117e+01
-0.900000 -1.600000 -1.709247e+01
-0.900000 -1.500000 -1.836173e+01
-0.900000 -1.400000 -1.686657e+01
-0.900000 -1.300000 -1.326011e+01
-0.900000 -1.200000 -8.770664e+00
-0.900000 -1.100000 -4.172528e+00
-0.900000 -1.000000 3.769389e-01
-0.900000 -0.900000 5.037637e+00
-0.900000 -0.800000 9.951102e+00
-0.900000 -0.700000 1.488004e+01
-0.900000 -0.600000 1.885901e+01
-0.900000 -0.500000 2.038568e+01
-0.900000 -0.400000 1.864678e+01
-0.900000 -0.300000 1.442318e+01
-0.900000 -0.200000 9.180370e+00
-0.900000 -0.100000 3.838641e+00
-0.900000 0.000000 -1.419099e+00
-0.900000 0.100000 -6.788666e+00
-0.900000 0.200000 -1.244743e+01
-0.900000 0.300000 -1.813230e+01
-0.900000 0.400000 -2.273135e+01
-0.900000 0.500000 -2.450440e+01
-0.900000 0.600000 -2.250941e+01
-0.900000 0.700000 -1.765673e+01
-0.900000 0.800000 -1.165045e+01
-0.900000 0.900000 -5.558143e+00
-0.900000 1.000000 4.105800e-01
-0.900000 1.100000 6.486308e+00
-0.900000 1.200000 1.288104e+01
-0.900000 1.300000 1.930455e+01
-0.900000 1.400000 2.449682e+01
-0.900000 1.500000 2.647782e+01
-0.900000 1.600000 2.417415e+01
-0.900000 1.700000 1.862217e+01
-0.900000 1.800000 1.175986e+01
-0.900000 1.900000 4.795561e+00
-0.900000 2.000000 -2.043475e+00
-0.900000 2.100000 -9.035378e+00
-0.900000 2.200000 -1.644485e+01
-0.900000 2.300000 -2.398023e+01
-0.900000 2.400000 -3.027022e+01
-0.900000 2.500000 -3.314777e+01
-0.900000 2.600000 -3.148411e+01
-0.900000 2.700000 -2.655079e+01
-0.900000 2.800000 -2.067449e+01
-0.900000 2.900000 -1.541691e+01
-0.900000 3.000000 -1.129216e+01
-0.900000 3.100000 -8.248693e+00
-0.900000 3.200000 -6.060950e+00
-0.900000 3.300000 -4.500917e+00
-0.900000 3.400000 -3.386916e+00
-0.900000 3.500000 -2.586138e+00
-0.900000 3.600000 -2.004814e+00
-0.900000 3.700000 -1.577582e+00
-0.900000 3.800000 -1.259021e+00
-0.900000 3.900000 -1.017525e+00
-0.900000 4.000000 -8.310363e-01
-0.900000 4.100000 -6.841063e-01
-0.900000 4.200000 -5.658813e-01
-0.900000 4.300000 -4.687123e-01
-0.900000 4.400000 -3.871930e-01
-0.900000 4.500000 -3.174910e-01
-0.900000 4.600000 -2.568810e-01
-0.900000 4.700000 -2.034168e-01
-0.900000 4.800000 -1.557006e-01
-0.900000 4.900000 -1.127211e-01
-0.900000 5.000000 -7.373871e-02

-0.800000 -5.000000 -7.538439e-01
-0.800000 -4.900000 -7.557052e-01
-0.800000 -4.800000 -7.553401e-01
-0.800000 -4.700000 -7.520600e-01
-0.800000 -4.600000 -7.449284e-01
-0.800000 -4.500000 -7.326634e-01
-0.800000 -4.400000 -7.135025e-01
-0.800000 -4.300000 -6.850104e-01
-0.800000 -4.200000 -6.438094e-01
-0.800000 -4.100000 -5.851948e-01
-0.800000 -4.000000 -5.025870e-01
-0.800000 -3.900000 -3.867443e-01
-0.800000 -3.800000 -2.246234e-01
-0.800000 -3.700000 2.283311e-03
-0.800000 -3.600000 3.203925e-01
-0.800000 -3.500000 7.676533e-01
-0.800000 -3.400000 1.398935e+00
-0.800000 -3.300000 2.293998e+00
-0.800000 -3.200000 3.568973e+00
-0.800000 -3.100000 5.391610e+00
-0.800000 -3.000000 7.996638e+00
-0.800000 -2.900000 1.168221e+01
-0.800000 -2.800000 1.671718e+01
-0.800000 -2.700000 2.295945e+01
-0.800000 -2.600000 2.892415e+01
-0.800000 -2.500000 3.124051e+01
-0.800000 -2.400000 2.764028e+01
-0.800000 -2.300000 2.022489e+01
-0.800000 -2.200000 1.217364e+01
-0.800000 -2.100000 4.729057e+00
-0.800000 -2.000000 -2.284292e+00
-0.800000 -1.900000 -9.527202e+00
-0.800000 -1.800000 -1.765096e+01
-0.800000 -1.700000 -2.672908e+01
-0.800000 -1.600000 -3.508894e+01
-0.800000 -1.500000 -3.864677e+01
-0.800000 -1.400000 -3.465653e+01
-0.800000 -1.300000 -2.580495e+01
-0.800000 -1.200000 -1.610663e+01
-0.800000 -1.100000 -7.144643e+00
-0.800000 -1.000000 1.274284e+00
-0.800000 -0.900000 9.951102e+00
-0.800000 -0.800000 1.968034e+01
-0.800000 -0.700000 3.056302e+01
-0.800000 -0.600000 4.060350e+01
-0.800000 -0.500000 4.491046e+01
-0.800000 -0.400000 4.019439e+01
-0.800000 -0.300000 2.968152e+01
-0.800000 -0.200000 1.818965e+01
-0.800000 -0.100000 7.619712e+00
-0.800000 0.000000 -2.255580e+00
-0.800000 0.100000 -1.238895e+01
-0.800000 0.200000 -2.372660e+01
-0.800000 0.300000 -3.640324e+01
-0.800000 0.400000 -4.810478e+01
-0.800000 0.500000 -5.313580e+01
-0.800000 0.600000 -4.766600e+01
-0.800000 0.700000 -3.546322e+01
-0.800000 0.800000 -2.215020e+01
-0.800000 0.900000 -9.947277e+00
-0.800000 1.000000 1.405414e+00
-0.800000 1.100000 1.301091e+01
-0.800000 1.200000 2.596549e+01
-0.800000 1.300000 4.043567e+01
-0.800000 1.400000 5.378656e+01
-0.800000 1.500000 5.951561e+01
-0.800000 1.600000 5.324763e+01
-0.800000 1.700000 3.928646e+01
-0.800000 1.800000 2.405206e+01
-0.800000 1.900000 1.007325e+01
-0.800000 2.000000 -2.957780e+00
-0.800000 2.100000 -1.631627e+01
-0.800000 2.200000 -3.127989e+01
-0.800000 2.300000 -4.809204e+01
-0.800000 2.400000 -6.386238e+01
-0.800000 2.500000 -7.137636e+01
-0.800000 2.600000 -6.585334e+01
-0.800000 2.700000 -5.233852e+01
-0.800000 2.800000 -3.835151e+01
-0.800000 2.900000 -2.717136e+01
-0.800000 3.000000 -1.906753e+01
-0.800000 3.100000 -1.340014e+01
-0.800000 3.200000 -9.477426e+00
-0.800000 3.300000 -6.760913e+00
-0.800000 3.400000 -4.869746e+00
-0.800000 3.500000 -3.543251e+00
-0.800000 3.600000 -2.604650e+00
-0.800000 3.700000 -1.934004e+00
-0.800000 3.800000 -1.449578e+00
-0.800000 3.900000 -1.095356e+00
-0.800000 4.000000 -8.327304e-01
-0.800000 4.100000 -6.349491e-01
-0.800000 4.200000 -4.833886e-01
-0.800000 4.300000 -3.650318e-01
-0.800000 4.400000 -2.707467e-01
-0.800000 4.500000 -1.941058e-01
-0.800000 4.600000 -1.305703e-01
-0.800000 4.700000 -7.692370e-02
-0.800000 4.800000 -3.087703e-02
-0.800000 4.900000 9.206933e-03
-0.800000 5.000000 4.450722e-02

-0.700000 -5.000000 -7.899647e-01
-0.700000 -4.900000 -7.928421e-01
-0.700000 -4.800000 -7.932803e-01
-0.700000 -4.700000 -7.904779e-01
-0.700000 -4.600000 -7.833352e-01
-0.700000 -4.500000 -7.703345e-01
-0.700000 -4.400000 -7.493695e-01
-0.700000 -4.300000 -7.175045e-01
-0.700000 -4.200000 -6.706282e-01
-0.700000 -4.100000 -6.029585e-01
-0.700000 -4.000000 -5.063255e-01
-0.700000 -3.900000 -3.691290e-01
-0.700000 -3.800000 -1.748055e-01
-0.700000 -3.700000 1.004460e-01
-0.700000 -3.600000 4.910882e-01
-0.700000 -3.500000 1.047477e+00
-0.700000 -3.400000 1.844012e+00
-0.700000 -3.300000 2.992115e+00
-0.700000 -3.200000 4.661406e+00
-0.700000 -3.100000 7.115118e+00
-0.700000 -3.000000 1.077000e+01
-0.700000 -2.900000 1.629383e+01
-0.700000 -2.800000 2.472280e+01
-0.700000 -2.700000 3.729638e+01
-0.700000 -2.600000 5.314793e+01
-0.700000 -2.500000 6.178603e+01
-0.700000 -2.400000 5.150929e+01
-0.700000 -2.300000 3.378745e+01
-0.700000 -2.200000 1.883729e+01
-0.700000 -2.100000 7.153147e+00
-0.700000 -2.000000 -3.056286e+00
-0.700000 -1.900000 -1.368501e+01
-0.700000 -1.800000 -2.671444e+01
-0.700000 -1.700000 -4.412624e+01
-0.700000 -1.600000 -6.511392e+01
-0.700000 -1.500000 -7.674450e+01
-0.700000 -1.400000 -6.451239e+01
-0.700000 -1.300000 -4.283770e+01
-0.700000 -1.200000 -2.455098e+01
-0.700000 -1.100000 -1.031793e+01
-0.700000 -1.000000 2.054627e+00
-0.700000 -0.900000 1.488004e+01
-0.700000 -0.800000 3.056302e+01
-0.700000 -0.700000 5.149955e+01
-0.700000 -0.600000 7.673449e+01
-0.700000 -0.500000 9.075762e+01
-0.700000 -0.400000 7.616917e+01
-0.700000 -0.300000 5.027889e+01
-0.700000 -0.200000 2.848964e+01
-0.700000 -0.100000 1.160972e+01
-0.700000 0.000000 -2.976038e+00
-0.700000 0.100000 -1.801452e+01
-0.700000 0.200000 -3.634387e+01
-0.700000 0.300000 -6.078169e+01
-0.700000 0.400000 -9.022957e+01
-0.700000 0.500000 -1.066040e+02
-0.700000 0.600000 -8.961399e+01
-0.700000 0.700000 -5.946139e+01
-0.700000 0.800000 -3.412327e+01
-0.700000 0.900000 -1.455224e+01
-0.700000 1.000000 2.287217e+00
-0.700000 1.100000 1.957387e+01
-0.700000 1.200000 4.057741e+01
-0.700000 1.300000 6.853478e+01
-0.700000 1.400000 1.022014e+02
-0.700000 1.500000 1.209166e+02
-0.700000 1.600000 1.014930e+02
-0.700000 1.700000 6.701726e+01
-0.700000 1.800000 3.803060e+01
-0.700000 1.900000 1.561566e+01
-0.700000 2.000000 -3.703731e+00
-0.700000 2.100000 -2.356724e+01
-0.700000 2.200000 -4.771788e+01
-0.700000 2.300000 -7.987242e+01
-0.700000 2.400000 -1.187284e+02
-0.700000 2.500000 -1.411777e+02
-0.700000 2.600000 -1.213298e+02
-0.700000 2.700000 -8.544620e+01
-0.700000 2.800000 -5.707566e+01
-0.700000 2.900000 -3.811952e+01
-0.700000 3.000000 -2.575024e+01
-0.700000 3.100000 -1.760814e+01
-0.700000 3.200000 -1.217213e+01
-0.700000 3.300000 -8.493519e+00
-0.700000 3.400000 -5.974502e+00
-0.700000 3.500000 -4.231428e+00
-0.700000 3.600000 -3.013693e+00
-0.700000 3.700000 -2.155108e+00
-0.700000 3.800000 -1.544079e+00
-0.700000 3.900000 -1.104896e+00
-0.700000 4.000000 -7.857687e-01
-0.700000 4.100000 -5.510253e-01
-0.700000 4.200000 -3.759550e-01
-0.700000 4.300000 -2.433600e-01
-0.700000 4.400000 -1.412226e-01
-0.700000 4.500000 -6.111431e-02
-0.700000 4.600000 2.895824e-03
-0.700000 4.700000 5.499550e-02
-0.700000 4.800000 9.815252e-02
-0.700000 4.900000 1.344793e-01
-0.700000 5.000000 1.654873e-01

-0.600000 -5.000000 -8.283410e-01
-0.600000 -4.900000 -8.327492e-01
-0.600000 -4.800000 -8.346796e-01
-0.600000 -4.700000 -8.332850e-01
-0.600000 -4.600000 -8.273962e-01
-0.600000 -4.500000 -8.153896e-01
-0.600000 -4.400000 -7.949984e-01
-0.600000 -4.300000 -7.630416e-01
-0.600000 -4.200000 -7.150341e-01
-0.600000 -4.100000 -6.446223e-01
-0.600000 -4.000000 -5.427614e-01
-0.600000 -3.900000 -3.965074e-01
-0.600000 -3.800000 -1.872238e-01
-0.600000 -3.700000 1.121119e-01
-0.600000 -3.600000 5.410228e-01
-0.600000 -3.500000 1.157953e+00
-0.600000 -3.400000 2.050576e+00
-0.600000 -3.300000 3.352994e+00
-0.600000 -3.200000 5.275934e+00
-0.600000 -3.100000 8.163464e+00
-0.600000 -3.000000 1.260902e+01
-0.600000 -2.900000 1.971920e+01
-0.600000 -2.800000 3.179121e+01
-0.600000 -2.700000 5.425275e+01
-0.600000 -2.600000 9.998676e+01
-0.600000 -2.500000 1.517233e+02
-0.600000 -2.400000 9.814084e+01
-0.600000 -2.300000 5.028379e+01
-0.600000 -2.200000 2.508557e+01
-0.600000 -2.100000 9.183347e+00
-0.600000 -2.000000 -3.627072e+00
-0.600000 -1.900000 -1.705106e+01
-0.600000 -1.800000 -3.508537e+01
-0.600000 -1.700000 -6.512278e+01
-0.600000 -1.600000 -1.236232e+02
-0.600000 -1.500000 -1.892205e+02
-0.600000 -1.400000 -1.229070e+02
-0.600000 -1.300000 -6.358646e+01
-0.600000 -1.200000 -3.249783e+01
-0.600000 -1.100000 -1.299795e+01
-0.600000 -1.000000 2.605739e+00
-0.600000 -0.900000 1.885901e+01
-0.600000 -0.800000 4.060350e+01
-0.600000 -0.700000 7.673449e+01
-0.600000 -0.600000 1.470183e+02
-0.600000 -0.500000 2.258256e+02
-0.600000 -0.400000 1.463550e+02
-0.600000 -0.300000 7.529921e+01
-0.600000 -0.200000 3.815523e+01
-0.600000 -0.100000 1.496709e+01
-0.600000 0.000000 -3.468481e+00
-0.600000 0.100000 -2.255329e+01
-0.600000 0.200000 -4.798490e+01
-0.600000 0.300000 -9.016891e+01
-0.600000 0.400000 -1.721837e+02
-0.600000 0.500000 -2.641410e+02
-0.600000 0.600000 -1.714488e+02
-0.600000 0.700000 -8.859136e+01
-0.600000 0.800000 -4.532549e+01
-0.600000 0.900000 -1.838430e+01
-0.600000 1.000000 2.944537e+00
-0.600000 1.100000 2.491708e+01
-0.600000 1.200000 5.408476e+01
-0.600000 1.300000 1.023611e+02
-0.600000 1.400000 1.961333e+02
-0.600000 1.500000 3.012496e+02
-0.600000 1.600000 1.953220e+02
-0.600000 1.700000 1.006176e+02
-0.600000 1.800000 5.114181e+01
-0.600000 1.900000 2.030044e+01
-0.600000 2.000000 -4.151180e+00
-0.600000 2.100000 -2.935681e+01
-0.600000 2.200000 -6.277006e+01
-0.600000 2.300000 -1.178825e+02
-0.600000 2.400000 -2.244933e+02
-0.600000 2.500000 -3.443399e+02
-0.600000 2.600000 -2.274671e+02
-0.600000 2.700000 -1.242755e+02
-0.600000 2.800000 -7.356876e+01
-0.600000 2.900000 -4.631971e+01
-0.600000 3.000000 -3.028573e+01
-0.600000 3.100000 -2.027627e+01
-0.600000 3.200000 -1.378658e+01
-0.600000 3.300000 -9.471845e+00
-0.600000 3.400000 -6.552191e+00
-0.600000 3.500000 -4.550410e+00
-0.600000 3.600000 -3.163395e+00
-0.600000 3.700000 -2.193530e+00
-0.600000 3.800000 -1.509551e+00
-0.600000 3.900000 -1.023062e+00
-0.600000 4.000000 -6.739227e-01
-0.600000 4.100000 -4.208840e-01
-0.600000 4.200000 -2.354766e-01
-0.600000 4.300000 -9.794828e-02
-0.600000 4.400000 5.464587e-03
-0.600000 4.500000 8.438944e-02
-0.600000 4.600000 1.455840e-01
-0.600000 4.700000 1.938079e-01
-0.600000 4.800000 2.324255e-01
-0.600000 4.900000 2.638243e-01
-0.600000 5.000000 2.897069e-01

-0.500000 -5.000000 -8.690659e-01
-0.500000 -4.900000 -8.755535e-01
-0.500000 -4.800000 -8.797130e-01
-0.500000 -4.700000 -8.807254e-01
-0.500000 -4.600000 -8.774558e-01
-0.500000 -4.500000 -8.683211e-01
-0.500000 -4.400000 -8.510999e-01
-0.500000 -4.300000 -8.226580e-01
-0.500000 -4.200000 -7.785497e-01
-0.500000 -4.100000 -7.124383e-01
-0.500000 -4.000000 -6.152444e-01
-0.500000 -3.900000 -4.738874e-01
-0.500000 -3.800000 -2.694046e-01
-0.500000 -3.700000 2.589441e-02
-0.500000 -3.600000 4.528082e-01
-0.500000 -3.500000 1.072140e+00
-0.500000 -3.400000 1.975897e+00
-0.500000 -3.300000 3.306275e+00
-0.500000 -3.200000 5.289769e+00
-0.500000 -3.100000 8.303514e+00
-0.500000 -3.000000 1.301853e+01
-0.500000 -2.900000 2.075492e+01
-0.500000 -2.800000 3.454691e+01
-0.500000 -2.700000 6.341287e+01
-0.500000 -2.600000 1.522987e+02
-0.500000 -2.500000 nan
-0.500000 -2.400000 1.504246e+02
-0.500000 -2.300000 5.937183e+01
-0.500000 -2.200000 2.768645e+01
-0.500000 -2.100000 9.899851e+00
-0.500000 -2.000000 -3.880271e+00
-0.500000 -1.900000 -1.836275e+01
-0.500000 -1.800000 -3.867795e+01
-0.500000 -1.700000 -7.678288e+01
-0.500000 -1.600000 -1.892475e+02
-0.500000 -1.500000 nan
-0.500000 -1.400000 -1.884832e+02
-0.500000 -1.300000 -7.514355e+01
-0.500000 -1.200000 -3.591593e+01
-0.500000 -1.100000 -1.403010e+01
-0.500000 -1.000000 2.808985e+00
-0.500000 -0.900000 2.038568e+01
-0.500000 -0.800000 4.491046e+01
-0.500000 -0.700000 9.075762e+01
-0.500000 -0.600000 2.258256e+02
-0.500000 -0.500000 nan
-0.500000 -0.400000 2.251349e+02
-0.500000 -0.300000 8.926083e+01
-0.500000 -0.200000 4.235048e+01
-0.500000 -0.100000 1.629886e+01
-0.500000 0.000000 -3.614426e+00
-0.500000 0.100000 -2.426487e+01
-0.500000 0.200000 -5.295398e+01
-0.500000 0.300000 -1.064811e+02
-0.500000 0.400000 -2.640785e+02
-0.500000 0.500000 nan
-0.500000 0.600000 -2.632941e+02
-0.500000 0.700000 -1.047977e+02
-0.500000 0.800000 -5.011632e+01
-0.500000 0.900000 -1.981207e+01
-0.500000 1.000000 3.259204e+00
-0.500000 1.100000 2.706240e+01
-0.500000 1.200000 5.998804e+01
-0.500000 1.300000 1.212580e+02
-0.500000 1.400000 3.014354e+02
-0.500000 1.500000 nan
-0.500000 1.600000 3.006016e+02
-0.500000 1.700000 1.194623e+02
-0.500000 1.800000 5.694642e+01
-0.500000 1.900000 2.226617e+01
-0.500000 2.000000 -4.170333e+00
-0.500000 2.100000 -3.145202e+01
-0.500000 2.200000 -6.910856e+01
-0.500000 2.300000 -1.388575e+02
-0.500000 2.400000 -3.427002e+02
-0.500000 2.500000 nan
-0.500000 2.600000 -3.457573e+02
-0.500000 2.700000 -1.454434e+02
-0.500000 2.800000 -8.027359e+01
-0.500000 2.900000 -4.908720e+01
-0.500000 3.000000 -3.157093e+01
-0.500000 3.100000 -2.088283e+01
-0.500000 3.200000 -1.404243e+01
-0.500000 3.300000 -9.532962e+00
-0.500000 3.400000 -6.501088e+00
-0.500000 3.500000 -4.433959e+00
-0.500000 3.600000 -3.009461e+00
-0.500000 3.700000 -2.019141e+00
-0.500000 3.800000 -1.325268e+00
-0.500000 3.900000 -8.354833e-01
-0.500000 4.000000 -4.871629e-01
-0.500000 4.100000 -2.374908e-01
-0.500000 4.200000 -5.699797e-02
-0.500000 4.300000 7.470723e-02
-0.500000 4.400000 1.717994e-01
-0.500000 4.500000 2.441704e-01
-0.500000 4.600000 2.987484e-01
-0.500000 4.700000 3.404031e-01
-0.500000 4.800000 3.725694e-01
-0.500000 4.900000 3.976802e-01
-0.500000 5.000000 4.174667e-01

-0.400000 -5.000000 -9.121183e-01
-0.400000 -4.900000 -9.212238e-01
-0.400000 -4.800000 -9.283358e-01
-0.400000 -4.700000 -9.327372e-01
-0.400000 -4.600000 -9.334320e-01
-0.400000 -4.500000 -9.290262e-01
-0.400000 -4.400000 -9.175545e-01
-0.400000 -4.300000 -8.962294e-01
-0.400000 -4.200000 -8.610739e-01
-0.400000 -4.100000 -8.063827e-01
-0.400000 -4.000000 -7.239274e-01
-0.400000 -3.900000 -6.017732e-01
-0.400000 -3.800000 -4.225035e-01
-0.400000 -3.700000 -1.605231e-01
-0.400000 -3.600000 2.220963e-01
-0.400000 -3.500000 7.821429e-01
-0.400000 -3.400000 1.605786e+00
-0.400000 -3.300000 2.826142e+00
-0.400000 -3.200000 4.654045e+00
-0.400000 -3.100000 7.435544e+00
-0.400000 -3.000000 1.176886e+01
-0.400000 -2.900000 1.876899e+01
-0.400000 -2.800000 3.074537e+01
-0.400000 -2.700000 5.314081e+01
-0.400000 -2.600000 9.885376e+01
-0.400000 -2.500000 1.506265e+02
-0.400000 -2.400000 9.714296e+01
-0.400000 -2.300000 4.944458e+01
-0.400000 -2.200000 2.445405e+01
-0.400000 -2.100000 8.792645e+00
-0.400000 -2.000000 -3.762306e+00
-0.400000 -1.900000 -1.693559e+01
-0.400000 -1.800000 -3.474360e+01
-0.400000 -1.700000 -6.459815e+01
-0.400000 -1.600000 -1.229760e+02
-0.400000 -1.500000 -1.885229e+02
-0.400000 -1.400000 -1.222350e+02
-0.400000 -1.300000 -6.301142e+01
-0.400000 -1.200000 -3.207843e+01
-0.400000 -1.100000 -1.277516e+01
-0.400000 -1.000000 2.611062e+00
-0.400000 -0.900000 1.864678e+01
-0.400000 -0.800000 4.019439e+01
-0.400000 -0.700000 7.616917e+01
-0.400000 -0.600000 1.463550e+02
-0.400000 -0.500000 2.251349e+02
-0.400000 -0.400000 1.457120e+02
-0.400000 -0.300000 7.477464e+01
-0.400000 -0.200000 3.780732e+01
-0.400000 -0.100000 1.483664e+01
-0.400000 0.000000 -3.360633e+00
-0.400000 0.100000 -2.220694e+01
-0.400000 0.200000 -4.742050e+01
-0.400000 0.300000 -8.942684e+01
-0.400000 0.400000 -1.713218e+02
-0.400000 0.500000 -2.632294e+02
-0.400000 0.600000 -1.705622e+02
-0.400000 0.700000 -8.779973e+01
-0.400000 0.800000 -4.468651e+01
-0.400000 0.900000 -1.793803e+01
-0.400000 1.000000 3.178034e+00
-0.400000 1.100000 2.493851e+01
-0.400000 1.200000 5.391562e+01
-0.400000 1.300000 1.020429e+02
-0.400000 1.400000 1.957252e+02
-0.400000 1.500000 3.008234e+02
-0.400000 1.600000 1.949542e+02
-0.400000 1.700000 1.003804e+02
-0.400000 1.800000 5.109557e+01
-0.400000 1.900000 2.048852e+01
-0.400000 2.000000 -3.704669e+00
-0.400000 2.100000 -2.864755e+01
-0.400000 2.200000 -6.181332e+01
-0.400000 2.300000 -1.167122e+02
-0.400000 2.400000 -2.231594e+02
-0.400000 2.500000 -3.429031e+02
-0.400000 2.600000 -2.259913e+02
-0.400000 2.700000 -1.228192e+02
-0.400000 2.800000 -7.217818e+01
-0.400000 2.900000 -4.502566e+01
-0.400000 3.000000 -2.910386e+01
-0.400000 3.100000 -1.920997e+01
-0.400000 3.200000 -1.283076e+01
-0.400000 3.300000 -8.616544e+00
-0.400000 3.400000 -5.785380e+00
-0.400000 3.500000 -3.859840e+00
-0.400000 3.600000 -2.537684e+00
-0.400000 3.700000 -1.622687e+00
-0.400000 3.800000 -9.851222e-01
-0.400000 3.900000 -5.380785e-01
-0.400000 4.000000 -2.227356e-01
-0.400000 4.100000 1.032866e-03
-0.400000 4.200000 1.607760e-01
-0.400000 4.300000 2.755090e-01
-0.400000 4.400000 3.584166e-01
-0.400000 4.500000 4.186780e-01
-0.400000 4.600000 4.627081e-01
-0.400000 4.700000 4.950061e-01
-0.400000 4.800000 5.187405e-01
-0.400000 4.900000 5.361514e-01
-0.400000 5.000000 5.488312e-01

-0.300000 -5.000000 -9.573662e-01
-0.300000 -4.900000 -9.695738e-01
-0.300000 -4.800000 -9.802861e-01
-0.300000 -4.700000 -9.889544e-01
-0.300000 -4.600000 -9.948167e-01
-0.300000 -4.500000 -9.968034e-01
-0.300000 -4.400000 -9.934003e-01
-0.300000 -4.300000 -9.824455e-01
-0.300000 -4.200000 -9.608324e-01
-0.300000 -4.100000 -9.240678e-01
-0.300000 -4.000000 -8.656152e-01
-0.300000 -3.900000 -7.759113e-01
-0.300000 -3.800000 -6.408815e-01
-0.300000 -3.700000 -4.396807e-01
-0.300000 -3.600000 -1.412211e-01
-0.300000 -3.500000 3.012317e-01
-0.300000 -3.400000 9.585836e-01
-0.300000 -3.300000 1.939584e+00
-0.300000 -3.200000 3.413149e+00
-0.300000 -3.100000 5.645450e+00
-0.300000 -3.000000 9.061997e+00
-0.300000 -2.900000 1.434732e+01
-0.300000 -2.800000 2.256358e+01
-0.300000 -2.700000 3.498395e+01
-0.300000 -2.600000 5.077774e+01
-0.300000 -2.500000 5.948274e+01
-0.300000 -2.400000 4.941079e+01
-0.300000 -2.300000 3.202451e+01
-0.300000 -2.200000 1.751579e+01
-0.300000 -2.100000 6.343376e+00
-0.300000 -2.000000 -3.323540e+00
-0.300000 -1.900000 -1.341921e+01
-0.300000 -1.800000 -2.596575e+01
-0.300000 -1.700000 -4.298563e+01
-0.300000 -1.600000 -6.370993e+01
-0.300000 -1.500000 -7.523312e+01
-0.300000 -1.400000 -6.305935e+01
-0.300000 -1.300000 -4.159743e+01
-0.300000 -1.200000 -2.364887e+01
-0.300000 -1.100000 -9.839987e+00
-0.300000 -1.000000 2.065239e+00
-0.300000 -0.900000 1.442318e+01
-0.300000 -0.800000 2.968152e+01
-0.300000 -0.700000 5.027889e+01
-0.300000 -0.600000 7.529921e+01
-0.300000 -0.500000 8.926083e+01
-0.300000 -0.400000 7.477464e+01
-0.300000 -0.300000 4.913979e+01
-0.300000 -0.200000 2.773062e+01
-0.300000 -0.100000 1.131646e+01
-0.300000 0.000000 -2.760355e+00
-0.300000 0.100000 -1.728951e+01
-0.300000 0.200000 -3.515191e+01
-0.300000 0.300000 -5.920763e+01
-0.300000 0.400000 -8.839720e+01
-0.300000 0.500000 -1.046655e+02
-0.300000 0.600000 -8.773221e+01
-0.300000 0.700000 -5.778830e+01
-0.300000 0.800000 -3.278223e+01
-0.300000 0.900000 -1.362752e+01
-0.300000 1.000000 2.754064e+00
-0.300000 1.100000 1.958425e+01
-0.300000 1.200000 4.017574e+01
-0.300000 1.300000 6.780823e+01
-0.300000 1.400000 1.012764e+02
-0.300000 1.500000 1.199485e+02
-0.300000 1.600000 1.006482e+02
-0.300000 1.700000 6.645218e+01
-0.300000 1.800000 3.787388e+01
-0.300000 1.900000 1.595807e+01
-0.300000 2.000000 -2.812594e+00
-0.300000 2.100000 -2.211882e+01
-0.300000 2.200000 -4.574419e+01
-0.300000 2.300000 -7.744533e+01
-0.300000 2.400000 -1.159556e+02
-0.300000 2.500000 -1.381922e+02
-0.300000 2.600000 -1.182717e+02
-0.300000 2.700000 -8.244262e+01
-0.300000 2.800000 -5.422457e+01
-0.300000 2.900000 -3.548296e+01
-0.300000 3.000000 -2.335651e+01
-0.300000 3.100000 -1.545949e+01
-0.300000 3.200000 -1.025389e+01
-0.300000 3.300000 -6.782111e+00
-0.300000 3.400000 -4.443198e+00
-0.300000 3.500000 -2.853980e+00
-0.300000 3.600000 -1.766294e+00
-0.300000 3.700000 -1.017204e+00
-0.300000 3.800000 -4.985014e-01
-0.300000 3.900000 -1.376259e-01
-0.300000 4.000000 1.144704e-01
-0.300000 4.100000 2.911693e-01
-0.300000 4.200000 4.153228e-01
-0.300000 4.300000 5.026547e-01
-0.300000 4.400000 5.640330e-01
-0.300000 4.500000 6.070012e-01
-0.300000 4.600000 6.368163e-01
-0.300000 4.700000 6.571571e-01
-0.300000 4.800000 6.706091e-01
-0.300000 4.900000 6.789982e-01
-0.300000 5.000000 6.836215e-01

-0.200000 -5.000000 -1.004580e+00
-0.200000 -4.900000 -1.020281e+00
-0.200000 -4.800000 -1.035110e+00
-0.200000 -4.700000 -1.048739e+00
-0.200000 -4.600000 -1.060717e+00
-0.200000 -4.500000 -1.070408e+00
-0.200000 -4.400000 -1.076904e+00
-0.200000 -4.300000 -1.078901e+00
-0.200000 -4.200000 -1.074495e+00
-0.200000 -4.100000 -1.060890e+00
-0.200000 -4.000000 -1.033951e+00
-0.200000 -3.900000 -9.875250e-01
-0.200000 -3.800000 -9.124074e-01
-0.200000 -3.700000 -7.947542e-01
-0.200000 -3.600000 -6.136419e-01
-0.200000 -3.500000 -3.372986e-01
-0.200000 -3.400000 8.270504e-02
-0.200000 -3.300000 7.203196e-01
-0.200000 -3.200000 1.688138e+00
-0.200000 -3.100000 3.155348e+00
-0.200000 -3.000000 5.367057e+00
-0.200000 -2.900000 8.645616e+00
-0.200000 -2.800000 1.330203e+01
-0.200000 -2.700000 1.925423e+01
-0.200000 -2.600000 2.508622e+01
-0.200000 -2.500000 2.748602e+01
-0.200000 -2.400000 2.421250e+01
-0.200000 -2.300000 1.735215e+01
-0.200000 -2.200000 1.003514e+01
-0.200000 -2.100000 3.439096e+00
-0.200000 -2.000000 -2.677165e+00
-0.200000 -1.900000 -9.036990e+00
-0.200000 -1.800000 -1.635494e+01
-0.200000 -1.700000 -2.477246e+01
-0.200000 -1.600000 -3.268528e+01
-0.200000 -1.500000 -3.606335e+01
-0.200000 -1.400000 -3.218072e+01
-0.200000 -1.300000 -2.370176e+01
-0.200000 -1.200000 -1.458497e+01
-0.200000 -1.100000 -6.342429e+00
-0.200000 -1.000000 1.290095e+00
-0.200000 -0.900000 9.180370e+00
-0.200000 -0.800000 1.818965e+01
-0.200000 -0.700000 2.848964e+01
-0.200000 -0.600000 3.815523e+01
-0.200000 -0.500000 4.235048e+01
-0.200000 -0.400000 3.780732e+01
-0.200000 -0.300000 2.773062e+01
-0.200000 -0.200000 1.688285e+01
-0.200000 -0.100000 7.094544e+00
-0.200000 0.000000 -1.932080e+00
-0.200000 0.100000 -1.121621e+01
-0.200000 0.200000 -2.177049e+01
-0.200000 0.300000 -3.380006e+01
-0.200000 0.400000 -4.506119e+01
-0.200000 0.500000 -4.991364e+01
-0.200000 0.600000 -4.454836e+01
-0.200000 0.700000 -3.271164e+01
-0.200000 0.800000 -1.997071e+01
-0.200000 0.900000 -8.475257e+00
-0.200000 1.000000 2.105318e+00
-0.200000 1.100000 1.294081e+01
-0.200000 1.200000 2.519428e+01
-0.200000 1.300000 3.910308e+01
-0.200000 1.400000 5.210318e+01
-0.200000 1.500000 5.774784e+01
-0.200000 1.600000 5.168393e+01
-0.200000 1.700000 3.819478e+01
-0.200000 1.800000 2.364619e+01
-0.200000 1.900000 1.049810e+01
-0.200000 2.000000 -1.625748e+00
-0.200000 2.100000 -1.406443e+01
-0.200000 2.200000 -2.815869e+01
-0.200000 2.300000 -4.421820e+01
-0.200000 2.400000 -5.941796e+01
-0.200000 2.500000 -6.659291e+01
-0.200000 2.600000 -6.097771e+01
-0.200000 2.700000 -4.759061e+01
-0.200000 2.800000 -3.389255e+01
-0.200000 2.900000 -2.309374e+01
-0.200000 3.000000 -1.540355e+01
-0.200000 3.100000 -1.013980e+01
-0.200000 3.200000 -6.586303e+00
-0.200000 3.300000 -4.193934e+00
-0.200000 3.400000 -2.580085e+00
-0.200000 3.500000 -1.487270e+00
-0.200000 3.600000 -7.441597e-01
-0.200000 3.700000 -2.368843e-01
-0.200000 3.800000 1.104752e-01
-0.200000 3.900000 3.487882e-01
-0.200000 4.000000 5.123259e-01
-0.200000 4.100000 6.243025e-01
-0.200000 4.200000 7.005233e-01
-0.200000 4.300000 7.518014e-01
-0.200000 4.400000 7.855691e-01
-0.200000 4.500000 8.069578e-01
-0.200000 4.600000 8.195274e-01
-0.200000 4.700000 8.257599e-01
-0.200000 4.800000 8.273955e-01
-0.200000 4.900000 8.256622e-01
-0.200000 5.000000 8.214336e-01

-0.100000 -5.000000 -1.053457e+00
-0.100000 -4.900000 -1.072917e+00
-0.100000 -4.800000 -1.092204e+00
-0.100000 -4.700000 -1.111244e+00
-0.100000 -4.600000 -1.129940e+00
-0.100000 -4.500000 -1.148161e+00
-0.100000 -4.400000 -1.165715e+00
-0.100000 -4.300000 -1.182303e+00
-0.100000 -4.200000 -1.197454e+00
-0.100000 -4.100000 -1.210408e+00
-0.100000 -4.000000 -1.219932e+00
-0.100000 -3.900000 -1.224027e+00
-0.100000 -3.800000 -1.219458e+00
-0.100000 -3.700000 -1.201008e+00
-0.100000 -3.600000 -1.160295e+00
-0.100000 -3.500000 -1.083910e+00
-0.100000 -3.400000 -9.505396e-01
-0.100000 -3.300000 -7.266566e-01
-0.100000 -3.200000 -3.605211e-01
-0.100000 -3.100000 2.247037e-01
-0.100000 -3.000000 1.134249e+00
-0.100000 -2.900000 2.486821e+00
-0.100000 -2.800000 4.346492e+00
-0.100000 -2.700000 6.553486e+00
-0.100000 -2.600000 8.502050e+00
-0.100000 -2.500000 9.237503e+00
-0.100000 -2.400000 8.225546e+00
-0.100000 -2.300000 5.929143e+00
-0.100000 -2.200000 3.219075e+00
-0.100000 -2.100000 5.928833e-01
-0.100000 -2.000000 -1.927857e+00
-0.100000 -1.900000 -4.557093e+00
-0.100000 -1.800000 -7.489487e+00
-0.100000 -1.700000 -1.062057e+01
-0.100000 -1.600000 -1.325591e+01
-0.100000 -1.500000 -1.424093e+01
-0.100000 -1.400000 -1.293643e+01
-0.100000 -1.300000 -9.949447e+00
-0.100000 -1.200000 -6.398031e+00
-0.100000 -1.100000 -2.931981e+00
-0.100000 -1.000000 3.977465e-01
-0.100000 -0.900000 3.838641e+00
-0.100000 -0.800000 7.619712e+00
-0.100000 -0.700000 1.160972e+01
-0.100000 -0.600000 1.496709e+01
-0.100000 -0.500000 1.629886e+01
-0.100000 -0.400000 1.483664e+01
-0.100000 -0.300000 1.131646e+01
-0.100000 -0.200000 7.094544e+00
-0.100000 -0.100000 2.967438e+00
-0.100000 0.000000 -9.877912e-01
-0.100000 0.100000 -5.054108e+00
-0.100000 0.200000 -9.496006e+00
-0.100000 0.300000 -1.415616e+01
-0.100000 0.400000 -1.804626e+01
-0.100000 0.500000 -1.953527e+01
-0.100000 0.600000 -1.772576e+01
-0.100000 0.700000 -1.348304e+01
-0.100000 0.800000 -8.401645e+00
-0.100000 0.900000 -3.425114e+00
-0.100000 1.000000 1.343107e+00
-0.100000 1.100000 6.221132e+00
-0.100000 1.200000 1.150852e+01
-0.100000 1.300000 1.702132e+01
-0.100000 1.400000 2.162380e+01
-0.100000 1.500000 2.344582e+01
-0.100000 1.600000 2.145965e+01
-0.100000 1.700000 1.665789e+01
-0.100000 1.800000 1.087073e+01
-0.100000 1.900000 5.184743e+00
-0.100000 2.000000 -2.760007e-01
-0.100000 2.100000 -5.873248e+00
-0.100000 2.200000 -1.195422e+01
-0.100000 2.300000 -1.832711e+01
-0.100000 2.400000 -2.373693e+01
-0.100000 2.500000 -2.611685e+01
-0.100000 2.600000 -2.437268e+01
-0.100000 2.700000 -1.972029e+01
-0.100000 2.800000 -1.436759e+01
-0.100000 2.900000 -9.747942e+00
-0.100000 3.000000 -6.276131e+00
-0.100000 3.100000 -3.840714e+00
-0.100000 3.200000 -2.188520e+00
-0.100000 3.300000 -1.084668e+00
-0.100000 3.400000 -3.518103e-01
-0.100000 3.500000 1.335786e-01
-0.100000 3.600000 4.545977e-01
-0.100000 3.700000 6.663636e-01
-0.100000 3.800000 8.052744e-01
-0.100000 3.900000 8.953764e-01
-0.100000 4.000000 9.525986e-01
-0.100000 4.100000 9.875314e-01
-0.100000 4.200000 1.007246e+00
-0.100000 4.300000 1.016487e+00
-0.100000 4.400000 1.018453e+00
-0.100000 4.500000 1.015315e+00
-0.100000 4.600000 1.008554e+00
-0.100000 4.700000 9.991956e-01
-0.100000 4.800000 9.879512e-01
-0.100000 4.900000 9.753252e-01
-0.100000 5.000000 9.616800e-01

0.000000 -5.000000 -1.103651e+00
0.000000 -4.900000 -1.126995e+00
0.000000 -4.800000 -1.150880e+00
0.000000 -4.700000 -1.175492e+00
0.000000 -4.600000 -1.201105e+00
0.000000 -4.500000 -1.228116e+00
0.000000 -4.400000 -1.257081e+00
0.000000 -4.300000 -1.288772e+00
0.000000 -4.200000 -1.324244e+00
0.000000 -4.100000 -1.364923e+00
0.000000 -4.000000 -1.412713e+00
0.000000 -3.900000 -1.470135e+00
0.000000 -3.800000 -1.540488e+00
0.000000 -3.700000 -1.628037e+00
0.000000 -3.600000 -1.738222e+00
0.000000 -3.500000 -1.877853e+00
0.000000 -3.400000 -2.055228e+00
0.000000 -3.300000 -2.280030e+00
0.000000 -3.200000 -2.562701e+00
0.000000 -3.100000 -2.912684e+00
0.000000 -3.000000 -3.334405e+00
0.000000 -2.900000 -3.819287e+00
0.000000 -2.800000 -4.332408e+00
0.000000 -2.700000 -4.796830e+00
0.000000 -2.600000 -5.091131e+00
0.000000 -2.500000 -5.086374e+00
0.000000 -2.400000 -4.719617e+00
0.000000 -2.300000 -4.035786e+00
0.000000 -2.200000 -3.146526e+00
0.000000 -2.100000 -2.158343e+00
0.000000 -2.000000 -1.139445e+00
0.000000 -1.900000 -1.299967e-01
0.000000 -1.800000 8.290579e-01
0.000000 -1.700000 1.667149e+00
0.000000 -1.600000 2.273757e+00
0.000000 -1.500000 2.531478e+00
0.000000 -1.400000 2.387858e+00
0.000000 -1.300000 1.896711e+00
0.000000 -1.200000 1.176922e+00
0.000000 -1.100000 3.407428e-01
0.000000 -1.000000 -5.391355e-01
0.000000 -0.900000 -1.419099e+00
0.000000 -0.800000 -2.255580e+00
0.000000 -0.700000 -2.976038e+00
0.000000 -0.600000 -3.468481e+00
0.000000 -0.500000 -3.614426e+00
0.000000 -0.400000 -3.360633e+00
0.000000 -0.300000 -2.760355e+00
0.000000 -0.200000 -1.932080e+00
0.000000 -0.100000 -9.877912e-01
0.000000 0.000000 -1.065814e-14
0.000000 0.100000 9.877912e-01
0.000000 0.200000 1.932080e+00
0.000000 0.300000 2.760355e+00
0.000000 0.400000 3.360633e+00
0.000000 0.500000 3.614426e+00
0.000000 0.600000 3.468481e+00
0.000000 0.700000 2.976038e+00
0.000000 0.800000 2.255580e+00
0.000000 0.900000 1.419099e+00
0.000000 1.000000 5.391355e-01
0.000000 1.100000 -3.407428e-01
0.000000 1.200000 -1.176922e+00
0.000000 1.300000 -1.896711e+00
0.000000 1.400000 -2.387858e+00
0.000000 1.500000 -2.531478e+00
0.000000 1.600000 -2.273757e+00
0.000000 1.700000 -1.667149e+00
0.000000 1.800000 -8.290579e-01
0.000000 1.900000 1.299967e-01
0.000000 2.000000 1.139445e+00
0.000000 2.100000 2.158343e+00
0.000000 2.200000 3.146526e+00
0.000000 2.300000 4.035786e+00
0.000000 2.400000 4.719617e+00
0.000000 2.500000 5.086374e+00
0.000000 2.600000 5.091131e+00
0.000000 2.700000 4.796830e+00
0.000000 2.800000 4.332408e+00
0.000000 2.900000 3.819287e+00
0.000000 3.000000 3.334405e+00
0.000000 3.100000 2.912684e+00
0.000000 3.200000 2.562701e+00
0.000000 3.300000 2.280030e+00
0.000000 3.400000 2.055228e+00
0.000000 3.500000 1.877853e+00
0.000000 3.600000 1.738222e+00
0.000000 3.700000 1.628037e+00
0.000000 3.800000 1.540488e+00
0.000000 3.900000 1.470135e+00
0.000000 4.000000 1.412713e+00
0.000000 4.100000 1.364923e+00
0.000000 4.200000 1.324244e+00
0.000000 4.300000 1.288772e+00
0.000000 4.400000 1.257081e+00
0.000000 4.500000 1.228116e+00
0.000000 4.600000 1.201105e+00
0.000000 4.700000 1.175492e+00
0.000000 4.800000 1.150880e+00
0.000000 4.900000 1.126995e+00
0.000000 5.000000 1.103651e+00

0.100000 -5.000000 -1.154814e+00
0.100000 -4.900000 -1.182020e+00
0.100000 -4.800000 -1.210433e+00
0.100000 -4.700000 -1.240482e+00
0.100000 -4.600000 -1.272788e+00
0.100000 -4.500000 -1.308245e+00
0.100000 -4.400000 -1.348124e+00
0.100000 -4.300000 -1.394221e+00
0.100000 -4.200000 -1.449065e+00
0.100000 -4.100000 -1.516208e+00
0.100000 -4.000000 -1.600626e+00
0.100000 -3.900000 -1.709297e+00
0.100000 -3.800000 -1.852007e+00
0.100000 -3.700000 -2.042508e+00
0.100000 -3.600000 -2.300170e+00
0.100000 -3.500000 -2.652337e+00
0.100000 -3.400000 -3.137647e+00
0.100000 -3.300000 -3.810518e+00
0.100000 -3.200000 -4.746590e+00
0.100000 -3.100000 -6.047314e+00
0.100000 -3.000000 -7.837040e+00
0.100000 -2.900000 -1.023362e+01
0.100000 -2.800000 -1.325031e+01
0.100000 -2.700000 -1.657628e+01
0.100000 -2.600000 -1.931066e+01
0.100000 -2.500000 -2.012742e+01
0.100000 -2.400000 -1.829742e+01
0.100000 -2.300000 -1.444017e+01
0.100000 -2.200000 -9.759904e+00
0.100000 -2.100000 -5.013600e+00
0.100000 -2.000000 -3.461605e-01
0.100000 -1.900000 4.411315e+00
0.100000 -1.800000 9.406870e+00
0.100000 -1.700000 1.440791e+01
0.100000 -1.600000 1.845238e+01
0.100000 -1.500000 2.004036e+01
0.100000 -1.400000 1.836028e+01
0.100000 -1.300000 1.419419e+01
0.100000 -1.200000 9.008345e+00
0.100000 -1.100000 3.723573e+00
0.100000 -1.000000 -1.476896e+00
0.100000 -0.900000 -6.788666e+00
0.100000 -0.800000 -1.238895e+01
0.100000 -0.700000 -1.801452e+01
0.100000 -0.600000 -2.255329e+01
0.100000 -0.500000 -2.426487e+01
0.100000 -0.400000 -2.220694e+01
0.100000 -0.300000 -1.728951e+01
0.100000 -0.200000 -1.121621e+01
0.100000 -0.100000 -5.054108e+00
0.100000 0.000000 9.877912e-01
0.100000 0.100000 7.140779e+00
0.100000 0.200000 1.361767e+01
0.100000 0.300000 2.012920e+01
0.100000 0.400000 2.541657e+01
0.100000 0.500000 2.750128e+01
0.100000 0.600000 2.531196e+01
0.100000 0.700000 1.988784e+01
0.100000 0.800000 1.317088e+01
0.100000 0.900000 6.375139e+00
0.100000 1.000000 -2.639571e-01
0.100000 1.100000 -7.012723e+00
0.100000 1.200000 -1.411884e+01
0.100000 1.300000 -2.126606e+01
0.100000 1.400000 -2.704765e+01
0.100000 1.500000 -2.924526e+01
0.100000 1.600000 -2.665612e+01
0.100000 1.700000 -2.044524e+01
0.100000 1.800000 -1.278811e+01
0.100000 1.900000 -5.038965e+00
0.100000 2.000000 2.550019e+00
0.100000 2.100000 1.029396e+01
0.100000 2.200000 1.849505e+01
0.100000 2.300000 2.683814e+01
0.100000 2.400000 3.380880e+01
0.100000 2.500000 3.700677e+01
0.100000 2.600000 3.518129e+01
0.100000 2.700000 2.974308e+01
0.100000 2.800000 2.327141e+01
0.100000 2.900000 1.749474e+01
0.100000 3.000000 1.297892e+01
0.100000 3.100000 9.663324e+00
0.100000 3.200000 7.295632e+00
0.100000 3.300000 5.621843e+00
0.100000 3.400000 4.439997e+00
0.100000 3.500000 3.602667e+00
0.100000 3.600000 3.005867e+00
0.100000 3.700000 2.577153e+00
0.100000 3.800000 2.266191e+00
0.100000 3.900000 2.037947e+00
0.100000 4.000000 1.867959e+00
0.100000 4.100000 1.739084e+00
0.100000 4.200000 1.639273e+00
0.100000 4.300000 1.560037e+00
0.100000 4.400000 1.495385e+00
0.100000 4.500000 1.441092e+00
0.100000 4.600000 1.394173e+00
0.100000 4.700000 1.352530e+00
0.100000 4.800000 1.314686e+00
0.100000 4.900000 1.279612e+00
0.100000 5.000000 1.246590e+00

0.200000 -5.000000 -1.206629e+00
0.200000 -4.900000 -1.237543e+00
0.200000 -4.800000 -1.270222e+00
0.200000 -4.700000 -1.305293e+00
0.200000 -4.600000 -1.343668e+00
0.200000 -4.500000 -1.386657e+00
0.200000 -4.400000 -1.436133e+00
0.200000 -4.300000 -1.494769e+00
0.200000 -4.200000 -1.566366e+00
0.200000 -4.100000 -1.656325e+00
0.200000 -4.000000 -1.772321e+00
0.200000 -3.900000 -1.925282e+00
0.200000 -3.800000 -2.130804e+00
0.200000 -3.700000 -2.411219e+00
0.200000 -3.600000 -2.798669e+00
0.200000 -3.500000 -3.339651e+00
0.200000 -3.400000 -4.101823e+00
0.200000 -3.300000 -5.184085e+00
0.200000 -3.200000 -6.731159e+00
0.200000 -3.100000 -8.953006e+00
0.200000 -3.000000 -1.214456e+01
0.200000 -2.900000 -1.668193e+01
0.200000 -2.800000 -2.290708e+01
0.200000 -2.700000 -3.065089e+01
0.200000 -2.600000 -3.806735e+01
0.200000 -2.500000 -4.095255e+01
0.200000 -2.400000 -3.647781e+01
0.200000 -2.300000 -2.727291e+01
0.200000 -2.200000 -1.731303e+01
0.200000 -2.100000 -8.153761e+00
0.200000 -2.000000 4.174407e-01
0.200000 -1.900000 9.215095e+00
0.200000 -1.800000 1.904333e+01
0.200000 -1.700000 3.000997e+01
0.200000 -1.600000 4.012420e+01
0.200000 -1.500000 4.449810e+01
0.200000 -1.400000 3.984460e+01
0.200000 -1.300000 2.939160e+01
0.200000 -1.200000 1.795809e+01
0.200000 -1.100000 7.445817e+00
0.200000 -1.000000 -2.371918e+00
0.200000 -0.900000 -1.244743e+01
0.200000 -0.800000 -2.372660e+01
0.200000 -0.700000 -3.634387e+01
0.200000 -0.600000 -4.798490e+01
0.200000 -0.500000 -5.295398e+01
0.200000 -0.400000 -4.742050e+01
0.200000 -0.300000 -3.515191e+01
0.200000 -0.200000 -2.177049e+01
0.200000 -0.100000 -9.496006e+00
0.200000 0.000000 1.932080e+00
0.200000 0.100000 1.361767e+01
0.200000 0.200000 2.665812e+01
0.200000 0.300000 4.122136e+01
0.200000 0.400000 5.467437e+01
0.200000 0.500000 6.051714e+01
0.200000 0.600000 5.437804e+01
0.200000 0.700000 4.056587e+01
0.200000 0.800000 2.550766e+01
0.200000 0.900000 1.174232e+01
0.200000 1.000000 -1.023495e+00
0.200000 1.100000 -1.404420e+01
0.200000 1.200000 -2.856739e+01
0.200000 1.300000 -4.479292e+01
0.200000 1.400000 -5.976706e+01
0.200000 1.500000 -6.618260e+01
0.200000 1.600000 -5.912284e+01
0.200000 1.700000 -4.343229e+01
0.200000 1.800000 -2.633457e+01
0.200000 1.900000 -1.067620e+01
0.200000 2.000000 3.885473e+00
0.200000 2.100000 1.877909e+01
0.200000 2.200000 3.543658e+01
0.200000 2.300000 5.413896e+01
0.200000 2.400000 7.168326e+01
0.200000 2.500000 8.005944e+01
0.200000 2.600000 7.395884e+01
0.200000 2.700000 5.898727e+01
0.200000 2.800000 4.349760e+01
0.200000 2.900000 3.113005e+01
0.200000 3.000000 2.218105e+01
0.200000 3.100000 1.593745e+01
0.200000 3.200000 1.162932e+01
0.200000 3.300000 8.657700e+00
0.200000 3.400000 6.599202e+00
0.200000 3.500000 5.164220e+00
0.200000 3.600000 4.156471e+00
0.200000 3.700000 3.442858e+00
0.200000 3.800000 2.932736e+00
0.200000 3.900000 2.564019e+00
0.200000 4.000000 2.293946e+00
0.200000 4.100000 2.092912e+00
0.200000 4.200000 1.940338e+00
0.200000 4.300000 1.821869e+00
0.200000 4.400000 1.727468e+00
0.200000 4.500000 1.650106e+00
0.200000 4.600000 1.584858e+00
0.200000 4.700000 1.528273e+00
0.200000 4.800000 1.477936e+00
0.200000 4.900000 1.432161e+00
0.200000 5.000000 1.389775e+00

0.300000 -5.000000 -1.258851e+00
0.300000 -4.900000 -1.293212e+00
0.300000 -4.800000 -1.329737e+00
0.300000 -4.700000 -1.369190e+00
0.300000 -4.600000 -1.412677e+00
0.300000 -4.500000 -1.461799e+00
0.300000 -4.400000 -1.518859e+00
0.300000 -4.300000 -1.587158e+00
0.300000 -4.200000 -1.671431e+00
0.300000 -4.100000 -1.778452e+00
0.300000 -4.000000 -1.917937e+00
0.300000 -3.900000 -2.103837e+00
0.300000 -3.800000 -2.356259e+00
0.300000 -3.700000 -2.704312e+00
0.300000 -3.600000 -3.190405e+00
0.300000 -3.500000 -3.876819e+00
0.300000 -3.400000 -4.855955e+00
0.300000 -3.300000 -6.266668e+00
0.300000 -3.200000 -8.320904e+00
0.300000 -3.100000 -1.134820e+01
0.300000 -3.000000 -1.587092e+01
0.300000 -2.900000 -2.272642e+01
0.300000 -2.800000 -3.321409e+01
0.300000 -2.700000 -4.888886e+01
0.300000 -2.600000 -6.867399e+01
0.300000 -2.500000 -7.946195e+01
0.300000 -2.400000 -6.663228e+01
0.300000 -2.300000 -4.452823e+01
0.300000 -2.200000 -2.592834e+01
0.300000 -2.100000 -1.146267e+01
0.300000 -2.000000 1.086547e+00
0.300000 -1.900000 1.404973e+01
0.300000 -1.800000 2.984350e+01
0.300000 -1.700000 5.087220e+01
0.300000 -1.600000 7.618657e+01
0.300000 -1.500000 9.028051e+01
0.300000 -1.400000 7.575715e+01
0.300000 -1.300000 4.992831e+01
0.300000 -1.200000 2.819830e+01
0.300000 -1.100000 1.137646e+01
0.300000 -1.000000 -3.151634e+00
0.300000 -0.900000 -1.813230e+01
0.300000 -0.800000 -3.640324e+01
0.300000 -0.700000 -6.078169e+01
0.300000 -0.600000 -9.016891e+01
0.300000 -0.500000 -1.064811e+02
0.300000 -0.400000 -8.942684e+01
0.300000 -0.300000 -5.920763e+01
0.300000 -0.200000 -3.380006e+01
0.300000 -0.100000 -1.415616e+01
0.300000 0.000000 2.760355e+00
0.300000 0.100000 2.012920e+01
0.300000 0.200000 4.122136e+01
0.300000 0.300000 6.927548e+01
0.300000 0.400000 1.030494e+02
0.300000 0.500000 1.218858e+02
0.300000 0.600000 1.026019e+02
0.300000 0.700000 6.829110e+01
0.300000 0.800000 3.950395e+01
0.300000 0.900000 1.733663e+01
0.300000 1.000000 -1.667670e+00
0.300000 1.100000 -2.112072e+01
0.300000 1.200000 -4.472517e+01
0.300000 1.300000 -7.613911e+01
0.300000 1.400000 -1.139742e+02
0.300000 1.500000 -1.349959e+02
0.300000 1.600000 -1.131248e+02
0.300000 1.700000 -7.433875e+01
0.300000 1.800000 -4.175163e+01
0.300000 1.900000 -1.658858e+01
0.300000 2.000000 5.049588e+00
0.300000 2.100000 2.723811e+01
0.300000 2.200000 5.415674e+01
0.300000 2.300000 8.994905e+01
0.300000 2.400000 1.331771e+02
0.300000 2.500000 1.581714e+02
0.300000 2.600000 1.361679e+02
0.300000 2.700000 9.634753e+01
0.300000 2.800000 6.487508e+01
0.300000 2.900000 4.386206e+01
0.300000 3.000000 3.016543e+01
0.300000 3.100000 2.116224e+01
0.300000 3.200000 1.516164e+01
0.300000 3.300000 1.110920e+01
0.300000 3.400000 8.340569e+00
0.300000 3.500000 6.429567e+00
0.300000 3.600000 5.097920e+00
0.300000 3.700000 4.161197e+00
0.300000 3.800000 3.495641e+00
0.300000 3.900000 3.017374e+00
0.300000 4.000000 2.669082e+00
0.300000 4.100000 2.411351e+00
0.300000 4.200000 2.216940e+00
0.300000 4.300000 2.066949e+00
0.300000 4.400000 1.948226e+00
0.300000 4.500000 1.851602e+00
0.300000 4.600000 1.770678e+00
0.300000 4.700000 1.700987e+00
0.300000 4.800000 1.639415e+00
0.300000 4.900000 1.583787e+00
0.300000 5.000000 1.532595e+00

0.400000 -5.000000 -1.311335e+00
0.400000 -4.900000 -1.348816e+00
0.400000 -4.800000 -1.388671e+00
0.400000 -4.700000 -1.431712e+00
0.400000 -4.600000 -1.479128e+00
0.400000 -4.500000 -1.532647e+00
0.400000 -4.400000 -1.594773e+00
0.400000 -4.300000 -1.669121e+00
0.400000 -4.200000 -1.760905e+00
0.400000 -4.100000 -1.877642e+00
0.400000 -4.000000 -2.030185e+00
0.400000 -3.900000 -2.234232e+00
0.400000 -3.800000 -2.512574e+00
0.400000 -3.700000 -2.898472e+00
0.400000 -3.600000 -3.440820e+00
0.400000 -3.500000 -4.212192e+00
0.400000 -3.400000 -5.321780e+00
0.400000 -3.300000 -6.936960e+00
0.400000 -3.200000 -9.321141e+00
0.400000 -3.100000 -1.290480e+01
0.400000 -3.000000 -1.843069e+01
0.400000 -2.900000 -2.728377e+01
0.400000 -2.800000 -4.233811e+01
0.400000 -2.700000 -7.038189e+01
0.400000 -2.600000 -1.275232e+02
0.400000 -2.500000 -1.921798e+02
0.400000 -2.400000 -1.252061e+02
0.400000 -2.300000 -6.541573e+01
0.400000 -2.200000 -3.398743e+01
0.400000 -2.100000 -1.423736e+01
0.400000 -2.000000 1.554763e+00
0.400000 -1.900000 1.795379e+01
0.400000 -1.800000 3.981456e+01
0.400000 -1.700000 7.604148e+01
0.400000 -1.600000 1.464072e+02
0.400000 -1.500000 2.252870e+02
0.400000 -1.400000 1.458825e+02
0.400000 -1.300000 7.488872e+01
0.400000 -1.200000 3.780415e+01
0.400000 -1.100000 1.467402e+01
0.400000 -1.000000 -3.704095e+00
0.400000 -0.900000 -2.273135e+01
0.400000 -0.800000 -4.810478e+01
0.400000 -0.700000 -9.022957e+01
0.400000 -0.600000 -1.721837e+02
0.400000 -0.500000 -2.640785e+02
0.400000 -0.400000 -1.713218e+02
0.400000 -0.300000 -8.839720e+01
0.400000 -0.200000 -4.506119e+01
0.400000 -0.100000 -1.804626e+01
0.400000 0.000000 3.360633e+00
0.400000 0.100000 2.541657e+01
0.400000 0.200000 5.467437e+01
0.400000 0.300000 1.030494e+02
0.400000 0.400000 1.969316e+02
0.400000 0.500000 3.021730e+02
0.400000 0.600000 1.963910e+02
0.400000 0.700000 1.018601e+02
0.400000 0.800000 5.259689e+01
0.400000 0.900000 2.202260e+01
0.400000 1.000000 -2.085001e+00
0.400000 1.100000 -2.683738e+01
0.400000 1.200000 -5.964133e+01
0.400000 1.300000 -1.139202e+02
0.400000 1.400000 -2.193727e+02
0.400000 1.500000 -3.375875e+02
0.400000 1.600000 -2.183854e+02
0.400000 1.700000 -1.118237e+02
0.400000 1.800000 -5.616654e+01
0.400000 1.900000 -2.150672e+01
0.400000 2.000000 5.912212e+00
0.400000 2.100000 3.409226e+01
0.400000 2.200000 7.134670e+01
0.400000 2.300000 1.326834e+02
0.400000 2.400000 2.512225e+02
0.400000 2.500000 3.844564e+02
0.400000 2.600000 2.546607e+02
0.400000 2.700000 1.400603e+02
0.400000 2.800000 8.377092e+01
0.400000 2.900000 5.354043e+01
0.400000 3.000000 3.576569e+01
0.400000 3.100000 2.467922e+01
0.400000 3.200000 1.749785e+01
0.400000 3.300000 1.272736e+01
0.400000 3.400000 9.501375e+00
0.400000 3.500000 7.289888e+00
0.400000 3.600000 5.756408e+00
0.400000 3.700000 4.681682e+00
0.400000 3.800000 3.920199e+00
0.400000 3.900000 3.374083e+00
0.400000 4.000000 2.976848e+00
0.400000 4.100000 2.682992e+00
0.400000 4.200000 2.461203e+00
0.400000 4.300000 2.289842e+00
0.400000 4.400000 2.153911e+00
0.400000 4.500000 2.042995e+00
0.400000 4.600000 1.949852e+00
0.400000 4.700000 1.869443e+00
0.400000 4.800000 1.798266e+00
0.400000 4.900000 1.733889e+00
0.400000 5.000000 1.674622e+00

0.500000 -5.000000 -1.364058e+00
0.500000 -4.900000 -1.404320e+00
0.500000 -4.800000 -1.446955e+00
0.500000 -4.700000 -1.492737e+00
0.500000 -4.600000 -1.542806e+00
0.500000 -4.500000 -1.598836e+00
0.500000 -4.400000 -1.663272e+00
0.500000 -4.300000 -1.739676e+00
0.500000 -4.200000 -1.833222e+00
0.500000 -4.100000 -1.951431e+00
0.500000 -4.000000 -2.105235e+00
0.500000 -3.900000 -2.310558e+00
0.500000 -3.800000 -2.590678e+00
0.500000 -3.700000 -2.979790e+00
0.500000 -3.600000 -3.528499e+00
0.500000 -3.500000 -4.312459e+00
0.500000 -3.400000 -5.446392e+00
0.500000 -3.300000 -7.107846e+00
0.500000 -3.200000 -9.579874e+00
0.500000 -3.100000 -1.333400e+01
0.500000 -3.000000 -1.920934e+01
0.500000 -2.900000 -2.885671e+01
0.500000 -2.800000 -4.606998e+01
0.500000 -2.700000 -8.212386e+01
0.500000 -2.600000 -1.932033e+02
0.500000 -2.500000 nan
0.500000 -2.400000 -1.908255e+02
0.500000 -2.300000 -7.701705e+01
0.500000 -2.200000 -3.745217e+01
0.500000 -2.100000 -1.531879e+01
0.500000 -2.000000 1.706367e+00
0.500000 -1.900000 1.942691e+01
0.500000 -1.800000 4.406648e+01
0.500000 -1.700000 9.000847e+01
0.500000 -1.600000 2.251575e+02
0.500000 -1.500000 nan
0.500000 -1.400000 2.246040e+02
0.500000 -1.300000 8.879135e+01
0.500000 -1.200000 4.193976e+01
0.500000 -1.100000 1.594551e+01
0.500000 -1.000000 -3.910945e+00
0.500000 -0.900000 -2.450440e+01
0.500000 -0.800000 -5.313580e+01
0.500000 -0.700000 -1.066040e+02
0.500000 -0.600000 -2.641410e+02
0.500000 -0.500000 nan
0.500000 -0.400000 -2.632294e+02
0.500000 -0.300000 -1.046655e+02
0.500000 -0.200000 -4.991364e+01
0.500000 -0.100000 -1.953527e+01
0.500000 0.000000 3.614426e+00
0.500000 0.100000 2.750128e+01
0.500000 0.200000 6.051714e+01
0.500000 0.300000 1.218858e+02
0.500000 0.400000 3.021730e+02
0.500000 0.500000 nan
0.500000 0.600000 3.016095e+02
0.500000 0.700000 1.206441e+02
0.500000 0.800000 5.834166e+01
0.500000 0.900000 2.393079e+01
0.500000 1.000000 -2.157244e+00
0.500000 1.100000 -2.897781e+01
0.500000 1.200000 -6.601188e+01
0.500000 1.300000 -1.349058e+02
0.500000 1.400000 -3.375562e+02
0.500000 1.500000 nan
0.500000 1.600000 -3.365117e+02
0.500000 1.700000 -1.326879e+02
0.500000 1.800000 -6.233496e+01
0.500000 1.900000 -2.333033e+01
0.500000 2.000000 6.344237e+00
0.500000 2.100000 3.687096e+01
0.500000 2.200000 7.887428e+01
0.500000 2.300000 1.565027e+02
0.500000 2.400000 3.831011e+02
0.500000 2.500000 nan
0.500000 2.600000 3.866620e+02
0.500000 2.700000 1.641544e+02
0.500000 2.800000 9.179665e+01
0.500000 2.900000 5.718898e+01
0.500000 3.000000 3.776174e+01
0.500000 3.100000 2.591331e+01
0.500000 3.200000 1.833254e+01
0.500000 3.300000 1.333453e+01
0.500000 3.400000 9.971583e+00
0.500000 3.500000 7.674278e+00
0.500000 3.600000 6.085152e+00
0.500000 3.700000 4.973036e+00
0.500000 3.800000 4.185351e+00
0.500000 3.900000 3.619929e+00
0.500000 4.000000 3.207642e+00
0.500000 4.100000 2.901360e+00
0.500000 4.200000 2.668769e+00
0.500000 4.300000 2.487626e+00
0.500000 4.400000 2.342573e+00
0.500000 4.500000 2.222987e+00
0.500000 4.600000 2.121513e+00
0.500000 4.700000 2.033059e+00
0.500000 4.800000 1.954099e+00
0.500000 4.900000 1.882193e+00
0.500000 5.000000 1.815657e+00

0.600000 -5.000000 -1.417126e+00
0.600000 -4.900000 -1.459870e+00
0.600000 -4.800000 -1.504788e+00
0.600000 -4.700000 -1.552520e+00
0.600000 -4.600000 -1.604028e+00
0.600000 -4.500000 -1.660745e+00
0.600000 -4.400000 -1.724792e+00
0.600000 -4.300000 -1.799298e+00
0.600000 -4.200000 -1.888861e+00
0.600000 -4.100000 -2.000227e+00
0.600000 -4.000000 -2.143295e+00
0.600000 -3.900000 -2.332602e+00
0.600000 -3.800000 -2.589556e+00
0.600000 -3.700000 -2.945821e+00
0.600000 -3.600000 -3.448515e+00
0.600000 -3.500000 -4.168377e+00
0.600000 -3.400000 -5.212920e+00
0.600000 -3.300000 -6.748368e+00
0.600000 -3.200000 -9.038087e+00
0.600000 -3.100000 -1.251441e+01
0.600000 -3.000000 -1.792479e+01
0.600000 -2.900000 -2.666250e+01
0.600000 -2.800000 -4.161386e+01
0.600000 -2.700000 -6.958218e+01
0.600000 -2.600000 -1.266911e+02
0.600000 -2.500000 -1.913709e+02
0.600000 -2.400000 -1.244814e+02
0.600000 -2.300000 -6.483348e+01
0.600000 -2.200000 -3.359553e+01
0.600000 -2.100000 -1.406802e+01
0.600000 -2.000000 1.487586e+00
0.600000 -1.900000 1.765530e+01
0.600000 -1.800000 3.930936e+01
0.600000 -1.700000 7.537307e+01
0.600000 -1.600000 1.456358e+02
0.600000 -1.500000 2.244844e+02
0.600000 -1.400000 1.451248e+02
0.600000 -1.300000 7.424695e+01
0.600000 -1.200000 3.733693e+01
0.600000 -1.100000 1.442235e+01
0.600000 -1.000000 -3.719170e+00
0.600000 -0.900000 -2.250941e+01
0.600000 -0.800000 -4.766600e+01
0.600000 -0.700000 -8.961399e+01
0.600000 -0.600000 -1.714488e+02
0.600000 -0.500000 -2.632941e+02
0.600000 -0.400000 -1.705622e+02
0.600000 -0.300000 -8.773221e+01
0.600000 -0.200000 -4.454836e+01
0.600000 -0.100000 -1.772576e+01
0.600000 0.000000 3.468481e+00
0.600000 0.100000 2.531196e+01
0.600000 0.200000 5.437804e+01
0.600000 0.300000 1.026019e+02
0.600000 0.400000 1.963910e+02
0.600000 0.500000 3.016095e+02
0.600000 0.600000 1.958794e+02
0.600000 0.700000 1.014709e+02
0.600000 0.800000 5.238798e+01
0.600000 0.900000 2.203470e+01
0.600000 1.000000 -1.831106e+00
0.600000 1.100000 -2.634148e+01
0.600000 1.200000 -5.892387e+01
0.600000 1.300000 -1.130216e+02
0.600000 1.400000 -2.183510e+02
0.600000 1.500000 -3.365135e+02
0.600000 1.600000 -2.173346e+02
0.600000 1.700000 -1.108679e+02
0.600000 1.800000 -5.536579e+01
0.600000 1.900000 -2.090468e+01
0.600000 2.000000 6.290666e+00
0.600000 2.100000 3.424148e+01
0.600000 2.200000 7.128002e+01
0.600000 2.300000 1.324322e+02
0.600000 2.400000 2.508338e+02
0.600000 2.500000 3.839875e+02
0.600000 2.600000 2.541715e+02
0.600000 2.700000 1.396050e+02
0.600000 2.800000 8.339142e+01
0.600000 2.900000 5.326301e+01
0.600000 3.000000 3.560149e+01
0.600000 3.100000 2.462722e+01
0.600000 3.200000 1.754874e+01
0.600000 3.300000 1.286722e+01
0.600000 3.400000 9.714535e+00
0.600000 3.500000 7.560834e+00
0.600000 3.600000 6.070887e+00
0.600000 3.700000 5.027239e+00
0.600000 3.800000 4.286331e+00
0.600000 3.900000 3.752171e+00
0.600000 4.000000 3.359979e+00
0.600000 4.100000 3.065733e+00
0.600000 4.200000 2.839372e+00
0.600000 4.300000 2.660288e+00
0.600000 4.400000 2.514326e+00
0.600000 4.500000 2.391745e+00
0.600000 4.600000 2.285840e+00
0.600000 4.700000 2.191997e+00
0.600000 4.800000 2.107042e+00
0.600000 4.900000 2.028795e+00
0.600000 5.000000 1.955760e+00

0.700000 -5.000000 -1.470771e+00
0.700000 -4.900000 -1.515797e+00
0.700000 -4.800000 -1.562627e+00
0.700000 -4.700000 -1.611687e+00
0.700000 -4.600000 -1.663638e+00
0.700000 -4.500000 -1.719501e+00
0.700000 -4.400000 -1.780830e+00
0.700000 -4.300000 -1.849965e+00
0.700000 -4.200000 -1.930419e+00
0.700000 -4.100000 -2.027433e+00
0.700000 -4.000000 -2.148810e+00
0.700000 -3.900000 -2.306161e+00
0.700000 -3.800000 -2.516775e+00
0.700000 -3.700000 -2.806455e+00
0.700000 -3.600000 -3.213873e+00
0.700000 -3.500000 -3.797322e+00
0.700000 -3.400000 -4.645353e+00
0.700000 -3.300000 -5.893805e+00
0.700000 -3.200000 -7.753613e+00
0.700000 -3.100000 -1.055700e+01
0.700000 -3.000000 -1.483488e+01
0.700000 -2.900000 -2.144126e+01
0.700000 -2.800000 -3.170146e+01
0.700000 -2.700000 -4.720418e+01
0.700000 -2.600000 -6.690878e+01
0.700000 -2.500000 -7.773722e+01
0.700000 -2.400000 -6.508260e+01
0.700000 -2.300000 -4.328150e+01
0.700000 -2.200000 -2.508804e+01
0.700000 -2.100000 -1.109723e+01
0.700000 -2.000000 9.476981e-01
0.700000 -1.900000 1.341690e+01
0.700000 -1.800000 2.876725e+01
0.700000 -1.700000 4.944351e+01
0.700000 -1.600000 7.453373e+01
0.700000 -1.500000 8.855909e+01
0.700000 -1.400000 7.413241e+01
0.700000 -1.300000 4.855431e+01
0.700000 -1.200000 2.720019e+01
0.700000 -1.100000 1.084029e+01
0.700000 -1.000000 -3.182345e+00
0.700000 -0.900000 -1.765673e+01
0.700000 -0.800000 -3.546322e+01
0.700000 -0.700000 -5.946139e+01
0.700000 -0.600000 -8.859136e+01
0.700000 -0.500000 -1.047977e+02
0.700000 -0.400000 -8.779973e+01
0.700000 -0.300000 -5.778830e+01
0.700000 -0.200000 -3.271164e+01
0.700000 -0.100000 -1.348304e+01
0.700000 0.000000 2.976038e+00
0.700000 0.100000 1.988784e+01
0.700000 0.200000 4.056587e+01
0.700000 0.300000 6.829110e+01
0.700000 0.400000 1.018601e+02
0.700000 0.500000 1.206441e+02
0.700000 0.600000 1.014709e+02
0.700000 0.700000 6.742324e+01
0.700000 0.800000 3.902347e+01
0.700000 0.900000 1.732893e+01
0.700000 1.000000 -1.159499e+00
0.700000 1.100000 -2.009623e+01
0.700000 1.200000 -4.322663e+01
0.700000 1.300000 -7.425139e+01
0.700000 1.400000 -1.118214e+02
0.700000 1.500000 -1.327311e+02
0.700000 1.600000 -1.109128e+02
0.700000 1.700000 -7.233453e+01
0.700000 1.800000 -4.008341e+01
0.700000 1.900000 -1.534756e+01
0.700000 2.000000 5.812318e+00
0.700000 2.100000 2.751132e+01
0.700000 2.200000 5.396863e+01
0.700000 2.300000 8.936647e+01
0.700000 2.400000 1.323017e+02
0.700000 2.500000 1.571289e+02
0.700000 2.600000 1.350906e+02
0.700000 2.700000 9.535400e+01
0.700000 2.800000 6.405432e+01
0.700000 2.900000 4.326695e+01
0.700000 3.000000 2.981512e+01
0.700000 3.100000 2.105003e+01
0.700000 3.200000 1.526434e+01
0.700000 3.300000 1.139521e+01
0.700000 3.400000 8.775842e+00
0.700000 3.500000 6.981273e+00
0.700000 3.600000 5.736478e+00
0.700000 3.700000 4.861117e+00
0.700000 3.800000 4.235659e+00
0.700000 3.900000 3.780185e+00
0.700000 4.000000 3.440904e+00
0.700000 4.100000 3.181416e+00
0.700000 4.200000 2.977002e+00
0.700000 4.300000 2.810830e+00
0.700000 4.400000 2.671422e+00
0.700000 4.500000 2.550950e+00
0.700000 4.600000 2.444077e+00
0.700000 4.700000 2.347169e+00
0.700000 4.800000 2.257755e+00
0.700000 4.900000 2.174160e+00
0.700000 5.000000 2.095248e+00

0.800000 -5.000000 -1.525328e+00
0.800000 -4.900000 -1.572585e+00
0.800000 -4.800000 -1.621158e+00
0.800000 -4.700000 -1.671192e+00
0.800000 -4.600000 -1.722954e+00
0.800000 -4.500000 -1.776914e+00
0.800000 -4.400000 -1.833854e+00
0.800000 -4.300000 -1.895038e+00
0.800000 -4.200000 -1.962468e+00
0.800000 -4.100000 -2.039262e+00
0.800000 -4.000000 -2.130234e+00
0.800000 -3.900000 -2.242760e+00
0.800000 -3.800000 -2.388092e+00
0.800000 -3.700000 -2.583367e+00
0.800000 -3.600000 -2.854673e+00
0.800000 -3.500000 -3.241765e+00
0.800000 -3.400000 -3.805301e+00
0.800000 -3.300000 -4.637843e+00
0.800000 -3.200000 -5.880093e+00
0.800000 -3.100000 -7.743039e+00
0.800000 -3.000000 -1.053168e+01
0.800000 -2.900000 -1.464612e+01
0.800000 -2.800000 -2.047044e+01
0.800000 -2.700000 -2.789562e+01
0.800000 -2.600000 -3.514477e+01
0.800000 -2.500000 -3.807318e+01
0.800000 -2.400000 -3.387984e+01
0.800000 -2.300000 -2.518027e+01
0.800000 -2.200000 -1.590125e+01
0.800000 -2.100000 -7.534331e+00
0.800000 -2.000000 1.979700e-01
0.800000 -1.900000 8.171924e+00
0.800000 -1.800000 1.725422e+01
0.800000 -1.700000 2.762002e+01
0.800000 -1.600000 3.734643e+01
0.800000 -1.500000 4.159900e+01
0.800000 -1.400000 3.711068e+01
0.800000 -1.300000 2.708714e+01
0.800000 -1.200000 1.629156e+01
0.800000 -1.100000 6.555099e+00
0.800000 -1.000000 -2.419376e+00
0.800000 -0.900000 -1.165045e+01
0.800000 -0.800000 -2.215020e+01
0.800000 -0.700000 -3.412327e+01
0.800000 -0.600000 -4.532549e+01
0.800000 -0.500000 -5.011632e+01
0.800000 -0.400000 -4.468651e+01
0.800000 -0.300000 -3.278223e+01
0.800000 -0.200000 -1.997071e+01
0.800000 -0.100000 -8.401645e+00
0.800000 0.000000 2.255580e+00
0.800000 0.100000 1.317088e+01
0.800000 0.200000 2.550766e+01
0.800000 0.300000 3.950395e+01
0.800000 0.400000 5.259689e+01
0.800000 0.500000 5.834166e+01
0.800000 0.600000 5.238798e+01
0.800000 0.700000 3.902347e+01
0.800000 0.800000 2.462006e+01
0.800000 0.900000 1.164663e+01
0.800000 1.000000 -2.603224e-01
0.800000 1.100000 -1.242137e+01
0.800000 1.200000 -2.615042e+01
0.800000 1.300000 -4.171785e+01
0.800000 1.400000 -5.624071e+01
0.800000 1.500000 -6.246784e+01
0.800000 1.600000 -5.550512e+01
0.800000 1.700000 -4.017740e+01
0.800000 1.800000 -2.365532e+01
0.800000 1.900000 -8.717968e+00
0.800000 2.000000 5.044102e+00
0.800000 2.100000 1.912154e+01
0.800000 2.200000 3.500750e+01
0.800000 2.300000 5.304742e+01
0.800000 2.400000 7.010195e+01
0.800000 2.500000 7.820902e+01
0.800000 2.600000 7.207396e+01
0.800000 2.700000 5.727469e+01
0.800000 2.800000 4.210477e+01
0.800000 2.900000 3.013527e+01
0.800000 3.000000 2.160256e+01
0.800000 3.100000 1.575156e+01
0.800000 3.200000 1.178855e+01
0.800000 3.300000 9.104759e+00
0.800000 3.400000 7.276112e+00
0.800000 3.500000 6.017363e+00
0.800000 3.600000 5.138931e+00
0.800000 3.700000 4.515088e+00
0.800000 3.800000 4.062293e+00
0.800000 3.900000 3.724860e+00
0.800000 4.000000 3.465551e+00
0.800000 4.100000 3.259406e+00
0.800000 4.200000 3.089666e+00
0.800000 4.300000 2.945080e+00
0.800000 4.400000 2.818103e+00
0.800000 4.500000 2.703683e+00
0.800000 4.600000 2.598452e+00
0.800000 4.700000 2.500175e+00
0.800000 4.800000 2.407375e+00
0.800000 4.900000 2.319083e+00
0.800000 5.000000 2.234665e+00

0.900000 -5.000000 -1.581205e+00
0.900000 -4.900000 -1.630831e+00
0.900000 -4.800000 -1.681236e+00
0.900000 -4.700000 -1.732243e+00
0.900000 -4.600000 -1.783667e+00
0.900000 -4.500000 -1.835334e+00
0.900000 -4.400000 -1.887121e+00
0.900000 -4.300000 -1.939015e+00
0.900000 -4.200000 -1.991212e+00
0.900000 -4.100000 -2.044277e+00
0.900000 -4.000000 -2.099393e+00
0.900000 -3.900000 -2.158761e+00
0.900000 -3.800000 -2.226214e+00
0.900000 -3.700000 -2.308193e+00
0.900000 -3.600000 -2.415262e+00
0.900000 -3.500000 -2.564453e+00
0.900000 -3.400000 -2.782869e+00
0.900000 -3.300000 -3.113000e+00
0.900000 -3.200000 -3.620030e+00
0.900000 -3.100000 -4.400041e+00
0.900000 -3.000000 -5.583401e+00
0.900000 -2.900000 -7.314975e+00
0.900000 -2.800000 -9.667605e+00
0.900000 -2.700000 -1.242978e+01
0.900000 -2.600000 -1.482933e+01
0.900000 -2.500000 -1.565974e+01
0.900000 -2.400000 -1.424855e+01
0.900000 -2.300000 -1.118215e+01
0.900000 -2.200000 -7.566100e+00
0.900000 -2.100000 -4.042923e+00
0.900000 -2.000000 -6.595506e-01
0.900000 -1.900000 2.833540e+00
0.900000 -1.800000 6.666217e+00
0.900000 -1.700000 1.070747e+01
0.900000 -1.600000 1.411565e+01
0.900000 -1.500000 1.549769e+01
0.900000 -1.400000 1.408511e+01
0.900000 -1.300000 1.061406e+01
0.900000 -1.200000 6.440986e+00
0.900000 -1.100000 2.362860e+00
0.900000 -1.000000 -1.542727e+00
0.900000 -0.900000 -5.558143e+00
0.900000 -0.800000 -9.947277e+00
0.900000 -0.700000 -1.455224e+01
0.900000 -0.600000 -1.838430e+01
0.900000 -0.500000 -1.981207e+01
0.900000 -0.400000 -1.793803e+01
0.900000 -0.300000 -1.362752e+01
0.900000 -0.200000 -8.475257e+00
0.900000 -0.100000 -3.425114e+00
0.900000 0.000000 1.419099e+00
0.900000 0.100000 6.375139e+00
0.900000 0.200000 1.174232e+01
0.900000 0.300000 1.733663e+01
0.900000 0.400000 2.202260e+01
0.900000 0.500000 2.393079e+01
0.900000 0.600000 2.203470e+01
0.900000 0.700000 1.732893e+01
0.900000 0.800000 1.164663e+01
0.900000 0.900000 6.078650e+00
0.900000 1.000000 7.552076e-01
0.900000 1.100000 -4.676641e+00
0.900000 1.200000 -1.055136e+01
0.900000 1.300000 -1.665850e+01
0.900000 1.400000 -2.171536e+01
0.900000 1.500000 -2.361378e+01
0.900000 1.600000 -2.119733e+01
0.900000 1.700000 -1.558846e+01
0.900000 1.800000 -8.856488e+00
0.900000 1.900000 -2.235912e+00
0.900000 2.000000 4.121907e+00
0.900000 2.100000 1.061315e+01
0.900000 2.200000 1.761986e+01
0.900000 2.300000 2.492418e+01
0.900000 2.400000 3.112549e+01
0.900000 2.500000 3.392166e+01
0.900000 2.600000 3.209464e+01
0.900000 2.700000 2.699816e+01
0.900000 2.800000 2.109184e+01
0.900000 2.900000 1.597540e+01
0.900000 3.000000 1.211548e+01
0.900000 3.100000 9.392070e+00
0.900000 3.200000 7.526166e+00
0.900000 3.300000 6.258134e+00
0.900000 3.400000 5.391832e+00
0.900000 3.500000 4.790777e+00
0.900000 3.600000 4.363417e+00
0.900000 3.700000 4.049358e+00
0.900000 3.800000 3.809074e+00
0.900000 3.900000 3.616819e+00
0.900000 4.000000 3.455885e+00
0.900000 4.100000 3.315489e+00
0.900000 4.200000 3.188727e+00
0.900000 4.300000 3.071225e+00
0.900000 4.400000 2.960260e+00
0.900000 4.500000 2.854175e+00
0.900000 4.600000 2.751993e+00
0.900000 4.700000 2.653168e+00
0.900000 4.800000 2.557419e+00
0.900000 4.900000 2.464618e+00
0.900000 5.000000 2.374724e+00

1.000000 -5.000000 -1.638838e+00
1.000000 -4.900000 -1.691184e+00
1.000000 -4.800000 -1.743805e+00
1.000000 -4.700000 -1.796193e+00
1.000000 -4.600000 -1.847691e+00
1.000000 -4.500000 -1.897453e+00
1.000000 -4.400000 -1.944397e+00
1.000000 -4.300000 -1.987150e+00
1.000000 -4.200000 -2.023972e+00
1.000000 -4.100000 -2.052672e+00
1.000000 -4.000000 -2.070491e+00
1.000000 -3.900000 -2.073980e+00
1.000000 -3.800000 -2.058836e+00
1.000000 -3.700000 -2.019732e+00
1.000000 -3.600000 -1.950120e+00
1.000000 -3.500000 -1.842069e+00
1.000000 -3.400000 -1.686165e+00
1.000000 -3.300000 -1.471657e+00
1.000000 -3.200000 -1.187121e+00
1.000000 -3.100000 -8.222603e-01
1.000000 -3.000000 -3.719692e-01
1.000000 -2.900000 1.556389e-01
1.000000 -2.800000 7.258467e-01
1.000000 -2.700000 1.261637e+00
1.000000 -2.600000 1.641202e+00
1.000000 -2.500000 1.734912e+00
1.000000 -2.400000 1.478837e+00
1.000000 -2.300000 9.166533e-01
1.000000 -2.200000 1.585486e-01
1.000000 -2.100000 -6.905738e-01
1.000000 -2.000000 -1.564170e+00
1.000000 -1.900000 -2.423718e+00
1.000000 -1.800000 -3.229802e+00
1.000000 -1.700000 -3.913190e+00
1.000000 -1.600000 -4.364436e+00
1.000000 -1.500000 -4.466902e+00
1.000000 -1.400000 -4.168559e+00
1.000000 -1.300000 -3.523309e+00
1.000000 -1.200000 -2.649816e+00
1.000000 -1.100000 -1.659851e+00
1.000000 -1.000000 -6.254377e-01
1.000000 -0.900000 4.105800e-01
1.000000 -0.800000 1.405414e+00
1.000000 -0.700000 2.287217e+00
1.000000 -0.600000 2.944537e+00
1.000000 -0.500000 3.259204e+00
1.000000 -0.400000 3.178034e+00
1.000000 -0.300000 2.754064e+00
1.000000 -0.200000 2.105318e+00
1.000000 -0.100000 1.343107e+00
1.000000 0.000000 5.391355e-01
1.000000 0.100000 -2.639571e-01
1.000000 0.200000 -1.023495e+00
1.000000 0.300000 -1.667670e+00
1.000000 0.400000 -2.085001e+00
1.000000 0.500000 -2.157244e+00
1.000000 0.600000 -1.831106e+00
1.000000 0.700000 -1.159499e+00
1.000000 0.800000 -2.603224e-01
1.000000 0.900000 7.552076e-01
1.000000 1.000000 1.815427e+00
1.000000 1.100000 2.877646e+00
1.000000 1.200000 3.899012e+00
1.000000 1.300000 4.807366e+00
1.000000 1.400000 5.490659e+00
1.000000 1.500000 5.829798e+00
1.000000 1.600000 5.770301e+00
1.000000 1.700000 5.363475e+00
1.000000 1.800000 4.725113e+00
1.000000 1.900000 3.963720e+00
1.000000 2.000000 3.147527e+00
1.000000 2.100000 2.314922e+00
1.000000 2.200000 1.503422e+00
1.000000 2.300000 7.786250e-01
1.000000 2.400000 2.445883e-01
1.000000 2.500000 1.078648e-02
1.000000 2.600000 1.203421e-01
1.000000 2.700000 5.089447e-01
1.000000 2.800000 1.046769e+00
1.000000 2.900000 1.611988e+00
1.000000 3.000000 2.127738e+00
1.000000 3.100000 2.559603e+00
1.000000 3.200000 2.899900e+00
1.000000 3.300000 3.154267e+00
1.000000 3.400000 3.333603e+00
1.000000 3.500000 3.449987e+00
1.000000 3.600000 3.514843e+00
1.000000 3.700000 3.538255e+00
1.000000 3.800000 3.528810e+00
1.000000 3.900000 3.493672e+00
1.000000 4.000000 3.438746e+00
1.000000 4.100000 3.368853e+00
1.000000 4.200000 3.287910e+00
1.000000 4.300000 3.199081e+00
1.000000 4.400000 3.104908e+00
1.000000 4.500000 3.007425e+00
1.000000 4.600000 2.908246e+00
1.000000 4.700000 2.808649e+00
1.000000 4.800000 2.709631e+00
1.000000 4.900000 2.611962e+00
1.000000 5.000000 2.516232e+00

1.100000 -5.000000 -1.698638e+00
1.100000 -4.900000 -1.754275e+00
1.100000 -4.800000 -1.809802e+00
1.100000 -4.700000 -1.864406e+00
1.100000 -4.600000 -1.916985e+00
1.100000 -4.500000 -1.966054e+00
1.100000 -4.400000 -2.009616e+00
1.100000 -4.300000 -2.044982e+00
1.100000 -4.200000 -2.068531e+00
1.100000 -4.100000 -2.075368e+00
1.100000 -4.000000 -2.058854e+00
1.100000 -3.900000 -2.009939e+00
1.100000 -3.800000 -1.916211e+00
1.100000 -3.700000 -1.760545e+00
1.100000 -3.600000 -1.519152e+00
1.100000 -3.500000 -1.158773e+00
1.100000 -3.400000 -6.327119e-01
1.100000 -3.300000 1.245982e-01
1.100000 -3.200000 1.204259e+00
1.100000 -3.100000 2.728728e+00
1.100000 -3.000000 4.848904e+00
1.100000 -2.900000 7.709764e+00
1.100000 -2.800000 1.133378e+01
1.100000 -2.700000 1.535825e+01
1.100000 -2.600000 1.871513e+01
1.100000 -2.500000 1.982513e+01
1.100000 -2.400000 1.781895e+01
1.100000 -2.300000 1.343695e+01
1.100000 -2.200000 8.115149e+00
1.100000 -2.100000 2.752212e+00
1.100000 -2.000000 -2.485040e+00
1.100000 -1.900000 -7.804468e+00
1.100000 -1.800000 -1.339248e+01
1.100000 -1.700000 -1.899269e+01
1.100000 -1.600000 -2.349804e+01
1.100000 -1.500000 -2.517168e+01
1.100000 -1.400000 -2.307360e+01
1.100000 -1.300000 -1.811514e+01
1.100000 -1.200000 -1.200043e+01
1.100000 -1.100000 -5.796422e+00
1.100000 -1.000000 2.884478e-01
1.100000 -0.900000 6.486308e+00
1.100000 -0.800000 1.301091e+01
1.100000 -0.700000 1.957387e+01
1.100000 -0.600000 2.491708e+01
1.100000 -0.500000 2.706240e+01
1.100000 -0.400000 2.493851e+01
1.100000 -0.300000 1.958425e+01
1.100000 -0.200000 1.294081e+01
1.100000 -0.100000 6.221132e+00
1.100000 0.000000 -3.407428e-01
1.100000 0.100000 -7.012723e+00
1.100000 0.200000 -1.404420e+01
1.100000 0.300000 -2.112072e+01
1.100000 0.400000 -2.683738e+01
1.100000 0.500000 -2.897781e+01
1.100000 0.600000 -2.634148e+01
1.100000 0.700000 -2.009623e+01
1.100000 0.800000 -1.242137e+01
1.100000 0.900000 -4.676641e+00
1.100000 1.000000 2.877646e+00
1.100000 1.100000 1.054452e+01
1.100000 1.200000 1.860822e+01
1.100000 1.300000 2.672718e+01
1.100000 1.400000 3.334821e+01
1.100000 1.500000 3.601454e+01
1.100000 1.600000 3.339343e+01
1.100000 1.700000 2.677739e+01
1.100000 1.800000 1.857776e+01
1.100000 1.900000 1.029256e+01
1.100000 2.000000 2.196465e+00
1.100000 2.100000 -6.065358e+00
1.100000 2.200000 -1.483535e+01
1.100000 2.300000 -2.377770e+01
1.100000 2.400000 -3.123738e+01
1.100000 2.500000 -3.458326e+01
1.100000 2.600000 -3.244445e+01
1.100000 2.700000 -2.637230e+01
1.100000 2.800000 -1.919956e+01
1.100000 2.900000 -1.282188e+01
1.100000 3.000000 -7.856765e+00
1.100000 3.100000 -4.233941e+00
1.100000 3.200000 -1.673391e+00
1.100000 3.300000 1.061404e-01
1.100000 3.400000 1.328415e+00
1.100000 3.500000 2.157167e+00
1.100000 3.600000 2.708399e+00
1.100000 3.700000 3.063472e+00
1.100000 3.800000 3.279457e+00
1.100000 3.900000 3.396585e+00
1.100000 4.000000 3.443406e+00
1.100000 4.100000 3.440329e+00
1.100000 4.200000 3.402045e+00
1.100000 4.300000 3.339197e+00
1.100000 4.400000 3.259537e+00
1.100000 4.500000 3.168735e+00
1.100000 4.600000 3.070946e+00
1.100000 4.700000 2.969225e+00
1.100000 4.800000 2.865810e+00
1.100000 4.900000 2.762336e+00
1.100000 5.000000 2.659990e+00

1.200000 -5.000000 -1.760942e+00
1.200000 -4.900000 -1.820643e+00
1.200000 -4.800000 -1.880055e+00
1.200000 -4.700000 -1.938115e+00
1.200000 -4.600000 -1.993353e+00
1.200000 -4.500000 -2.043745e+00
1.200000 -4.400000 -2.086508e+00
1.200000 -4.300000 -2.117818e+00
1.200000 -4.200000 -2.132408e+00
1.200000 -4.100000 -2.123004e+00
1.200000 -4.000000 -2.079520e+00
1.200000 -3.900000 -1.987896e+00
1.200000 -3.800000 -1.828413e+00
1.200000 -3.700000 -1.573221e+00
1.200000 -3.600000 -1.182682e+00
1.200000 -3.500000 -5.999150e-01
1.200000 -3.400000 2.573698e-01
1.200000 -3.300000 1.509021e+00
1.200000 -3.200000 3.330047e+00
1.200000 -3.100000 5.974137e+00
1.200000 -3.000000 9.797679e+00
1.200000 -2.900000 1.525566e+01
1.200000 -2.800000 2.276366e+01
1.200000 -2.700000 3.212554e+01
1.200000 -2.600000 4.113364e+01
1.200000 -2.500000 4.474983e+01
1.200000 -2.400000 3.958345e+01
1.200000 -2.300000 2.879054e+01
1.200000 -2.200000 1.713965e+01
1.200000 -2.100000 6.496675e+00
1.200000 -2.000000 -3.390957e+00
1.200000 -1.900000 -1.349441e+01
1.200000 -1.800000 -2.477339e+01
1.200000 -1.700000 -3.737246e+01
1.200000 -1.600000 -4.898455e+01
1.200000 -1.500000 -5.391904e+01
1.200000 -1.400000 -4.834858e+01
1.200000 -1.300000 -3.604245e+01
1.200000 -1.200000 -2.262361e+01
1.200000 -1.100000 -1.031161e+01
1.200000 -1.000000 1.154903e+00
1.200000 -0.900000 1.288104e+01
1.200000 -0.800000 2.596549e+01
1.200000 -0.700000 4.057741e+01
1.200000 -0.600000 5.408476e+01
1.200000 -0.500000 5.998804e+01
1.200000 -0.400000 5.391562e+01
1.200000 -0.300000 4.017574e+01
1.200000 -0.200000 2.519428e+01
1.200000 -0.100000 1.150852e+01
1.200000 0.000000 -1.176922e+00
1.200000 0.100000 -1.411884e+01
1.200000 0.200000 -2.856739e+01
1.200000 0.300000 -4.472517e+01
1.200000 0.400000 -5.964133e+01
1.200000 0.500000 -6.601188e+01
1.200000 0.600000 -5.892387e+01
1.200000 0.700000 -4.322663e+01
1.200000 0.800000 -2.615042e+01
1.200000 0.900000 -1.055136e+01
1.200000 1.000000 3.899012e+00
1.200000 1.100000 1.860822e+01
1.200000 1.200000 3.497677e+01
1.200000 1.300000 5.323906e+01
1.200000 1.400000 7.012322e+01
1.200000 1.500000 7.751744e+01
1.200000 1.600000 6.996278e+01
1.200000 1.700000 5.284286e+01
1.200000 1.800000 3.418265e+01
1.200000 1.900000 1.714338e+01
1.200000 2.000000 1.343990e+00
1.200000 2.100000 -1.480146e+01
1.200000 2.200000 -3.288322e+01
1.200000 2.300000 -5.322393e+01
1.200000 2.400000 -7.231171e+01
1.200000 2.500000 -8.134432e+01
1.200000 2.600000 -7.448772e+01
1.200000 2.700000 -5.791033e+01
1.200000 2.800000 -4.079948e+01
1.200000 2.900000 -2.715699e+01
1.200000 3.000000 -1.730600e+01
1.200000 3.100000 -1.045916e+01
1.200000 3.200000 -5.766911e+00
1.200000 3.300000 -2.567898e+00
1.200000 3.400000 -3.939880e-01
1.200000 3.500000 1.075798e+00
1.200000 3.600000 2.059787e+00
1.200000 3.700000 2.706779e+00
1.200000 3.800000 3.118828e+00
1.200000 3.900000 3.366467e+00
1.200000 4.000000 3.498839e+00
1.200000 4.100000 3.550444e+00
1.200000 4.200000 3.545668e+00
1.200000 4.300000 3.501854e+00
1.200000 4.400000 3.431397e+00
1.200000 4.500000 3.343191e+00
1.200000 4.600000 3.243635e+00
1.200000 4.700000 3.137337e+00
1.200000 4.800000 3.027610e+00
1.200000 4.900000 2.916832e+00
1.200000 5.000000 2.806696e+00

1.300000 -5.000000 -1.825952e+00
1.300000 -4.900000 -1.890663e+00
1.300000 -4.800000 -1.955184e+00
1.300000 -4.700000 -2.018288e+00
1.300000 -4.600000 -2.078257e+00
1.300000 -4.500000 -2.132686e+00
1.300000 -4.400000 -2.178224e+00
1.300000 -4.300000 -2.210208e+00
1.300000 -4.200000 -2.222132e+00
1.300000 -4.100000 -2.204912e+00
1.300000 -4.000000 -2.145800e+00
1.300000 -3.900000 -2.026830e+00
1.300000 -3.800000 -1.822519e+00
1.300000 -3.700000 -1.496457e+00
1.300000 -3.600000 -9.961636e-01
1.300000 -3.500000 -2.452074e-01
1.300000 -3.400000 8.690892e-01
1.300000 -3.300000 2.515264e+00
1.300000 -3.200000 4.949741e+00
1.300000 -3.100000 8.570332e+00
1.300000 -3.000000 1.400664e+01
1.300000 -2.900000 2.226686e+01
1.300000 -2.800000 3.491430e+01
1.300000 -2.700000 5.381946e+01
1.300000 -2.600000 7.769492e+01
1.300000 -2.500000 9.081576e+01
1.300000 -2.400000 7.564043e+01
1.300000 -2.300000 4.938307e+01
1.300000 -2.200000 2.738076e+01
1.300000 -2.100000 1.039570e+01
1.300000 -2.000000 -4.220138e+00
1.300000 -1.900000 -1.923736e+01
1.300000 -1.800000 -3.751136e+01
1.300000 -1.700000 -6.187222e+01
1.300000 -1.600000 -9.123037e+01
1.300000 -1.500000 -1.075083e+02
1.300000 -1.400000 -9.041857e+01
1.300000 -1.300000 -6.016481e+01
1.300000 -1.200000 -3.472416e+01
1.300000 -1.100000 -1.504813e+01
1.300000 -1.000000 1.900926e+00
1.300000 -0.900000 1.930455e+01
1.300000 -0.800000 4.043567e+01
1.300000 -0.700000 6.853478e+01
1.300000 -0.600000 1.023611e+02
1.300000 -0.500000 1.212580e+02
1.300000 -0.400000 1.020429e+02
1.300000 -0.300000 6.780823e+01
1.300000 -0.200000 3.910308e+01
1.300000 -0.100000 1.702132e+01
1.300000 0.000000 -1.896711e+00
1.300000 0.100000 -2.126606e+01
1.300000 0.200000 -4.479292e+01
1.300000 0.300000 -7.613911e+01
1.300000 0.400000 -1.139202e+02
1.300000 0.500000 -1.349058e+02
1.300000 0.600000 -1.130216e+02
1.300000 0.700000 -7.425139e+01
1.300000 0.800000 -4.171785e+01
1.300000 0.900000 -1.665850e+01
1.300000 1.000000 4.807366e+00
1.300000 1.100000 2.672718e+01
1.300000 1.200000 5.323906e+01
1.300000 1.300000 8.842427e+01
1.300000 1.400000 1.307520e+02
1.300000 1.500000 1.544140e+02
1.300000 1.600000 1.304383e+02
1.300000 1.700000 8.769154e+01
1.300000 1.800000 5.185757e+01
1.300000 1.900000 2.429980e+01
1.300000 2.000000 6.911714e-01
1.300000 2.100000 -2.348448e+01
1.300000 2.200000 -5.284928e+01
1.300000 2.300000 -9.197906e+01
1.300000 2.400000 -1.393055e+02
1.300000 2.500000 -1.666022e+02
1.300000 2.600000 -1.422351e+02
1.300000 2.700000 -9.830707e+01
1.300000 2.800000 -6.360056e+01
1.300000 2.900000 -4.043765e+01
1.300000 3.000000 -2.535926e+01
1.300000 3.100000 -1.547774e+01
1.300000 3.200000 -8.930404e+00
1.300000 3.300000 -4.554340e+00
1.300000 3.400000 -1.615640e+00
1.300000 3.500000 3.577428e-01
1.300000 3.600000 1.675134e+00
1.300000 3.700000 2.542564e+00
1.300000 3.800000 3.099189e+00
1.300000 3.900000 3.440108e+00
1.300000 4.000000 3.630965e+00
1.300000 4.100000 3.717458e+00
1.300000 4.200000 3.731624e+00
1.300000 4.300000 3.696059e+00
1.300000 4.400000 3.626774e+00
1.300000 4.500000 3.535149e+00
1.300000 4.600000 3.429296e+00
1.300000 4.700000 3.314992e+00
1.300000 4.800000 3.196349e+00
1.300000 4.900000 3.076282e+00
1.300000 5.000000 2.956837e+00

1.400000 -5.000000 -1.893695e+00
1.400000 -4.900000 -1.964479e+00
1.400000 -4.800000 -2.035505e+00
1.400000 -4.700000 -2.105498e+00
1.400000 -4.600000 -2.172638e+00
1.400000 -4.500000 -2.234349e+00
1.400000 -4.400000 -2.286995e+00
1.400000 -4.300000 -2.325465e+00
1.400000 -4.200000 -2.342567e+00
1.400000 -4.100000 -2.328167e+00
1.400000 -4.000000 -2.267939e+00
1.400000 -3.900000 -2.141540e+00
1.400000 -3.800000 -1.919907e+00
1.400000 -3.700000 -1.561207e+00
1.400000 -3.600000 -1.004653e+00
1.400000 -3.500000 -1.608502e-01
1.400000 -3.400000 1.103694e+00
1.400000 -3.300000 2.992434e+00
1.400000 -3.200000 5.824188e+00
1.400000 -3.100000 1.011837e+01
1.400000 -3.000000 1.676922e+01
1.400000 -2.900000 2.744175e+01
1.400000 -2.800000 4.558798e+01
1.400000 -2.700000 7.935682e+01
1.400000 -2.600000 1.480809e+02
1.400000 -2.500000 2.258643e+02
1.400000 -2.400000 1.457346e+02
1.400000 -2.300000 7.427144e+01
1.400000 -2.200000 3.689483e+01
1.400000 -2.100000 1.359526e+01
1.400000 -2.000000 -4.868612e+00
1.400000 -1.900000 -2.392602e+01
1.400000 -1.800000 -4.929446e+01
1.400000 -1.700000 -9.139397e+01
1.400000 -1.600000 -1.733131e+02
1.400000 -1.500000 -2.651704e+02
1.400000 -1.400000 -1.723779e+02
1.400000 -1.300000 -8.942131e+01
1.400000 -1.200000 -4.605738e+01
1.400000 -1.100000 -1.901735e+01
1.400000 -1.000000 2.414099e+00
1.400000 -0.900000 2.449682e+01
1.400000 -0.800000 5.378656e+01
1.400000 -0.700000 1.022014e+02
1.400000 -0.600000 1.961333e+02
1.400000 -0.500000 3.014354e+02
1.400000 -0.400000 1.957252e+02
1.400000 -0.300000 1.012764e+02
1.400000 -0.200000 5.210318e+01
1.400000 -0.100000 2.162380e+01
1.400000 0.000000 -2.387858e+00
1.400000 0.100000 -2.704765e+01
1.400000 0.200000 -5.976706e+01
1.400000 0.300000 -1.139742e+02
1.400000 0.400000 -2.193727e+02
1.400000 0.500000 -3.375562e+02
1.400000 0.600000 -2.183510e+02
1.400000 0.700000 -1.118214e+02
1.400000 0.800000 -5.624071e+01
1.400000 0.900000 -2.171536e+01
1.400000 1.000000 5.490659e+00
1.400000 1.100000 3.334821e+01
1.400000 1.200000 7.012322e+01
1.400000 1.300000 1.307520e+02
1.400000 1.400000 2.482469e+02
1.400000 1.500000 3.799375e+02
1.400000 1.600000 2.478528e+02
1.400000 1.700000 1.298379e+02
1.400000 1.800000 6.841140e+01
1.400000 1.900000 3.034791e+01
1.400000 2.000000 3.726023e-01
1.400000 2.100000 -3.038198e+01
1.400000 2.200000 -7.109624e+01
1.400000 2.300000 -1.383016e+02
1.400000 2.400000 -2.684463e+02
1.400000 2.500000 -4.147832e+02
1.400000 2.600000 -2.718235e+02
1.400000 2.700000 -1.456193e+02
1.400000 2.800000 -8.360077e+01
1.400000 2.900000 -5.029079e+01
1.400000 3.000000 -3.072485e+01
1.400000 3.100000 -1.855649e+01
1.400000 3.200000 -1.072114e+01
1.400000 3.300000 -5.571504e+00
1.400000 3.400000 -2.150596e+00
1.400000 3.500000 1.287244e-01
1.400000 3.600000 1.640732e+00
1.400000 3.700000 2.630604e+00
1.400000 3.800000 3.262176e+00
1.400000 3.900000 3.646588e+00
1.400000 4.000000 3.860106e+00
1.400000 4.100000 3.955553e+00
1.400000 4.200000 3.969777e+00
1.400000 4.300000 3.928634e+00
1.400000 4.400000 3.850338e+00
1.400000 4.500000 3.747762e+00
1.400000 4.600000 3.630011e+00
1.400000 4.700000 3.503523e+00
1.400000 4.800000 3.372834e+00
1.400000 4.900000 3.241126e+00
1.400000 5.000000 3.110605e+00

1.500000 -5.000000 -1.963986e+00
1.500000 -4.900000 -2.041955e+00
1.500000 -4.800000 -2.120968e+00
1.500000 -4.700000 -2.199825e+00
1.500000 -4.600000 -2.276781e+00
1.500000 -4.500000 -2.349322e+00
1.500000 -4.400000 -2.413858e+00
1.500000 -4.300000 -2.465288e+00
1.500000 -4.200000 -2.496370e+00
1.500000 -4.100000 -2.496821e+00
1.500000 -4.000000 -2.452015e+00
1.500000 -3.900000 -2.341056e+00
1.500000 -3.800000 -2.133935e+00
1.500000 -3.700000 -1.787241e+00
1.500000 -3.600000 -1.237577e+00
1.500000 -3.500000 -3.912174e-01
1.500000 -3.400000 8.926753e-01
1.500000 -3.300000 2.830490e+00
1.500000 -3.200000 5.765285e+00
1.500000 -3.100000 1.026624e+01
1.500000 -3.000000 1.734346e+01
1.500000 -2.900000 2.898077e+01
1.500000 -2.800000 4.973328e+01
1.500000 -2.700000 9.313257e+01
1.500000 -2.600000 2.266022e+02
1.500000 -2.500000 nan
1.500000 -2.400000 2.242221e+02
1.500000 -2.300000 8.795572e+01
1.500000 -2.200000 4.083373e+01
1.500000 -2.100000 1.469466e+01
1.500000 -2.000000 -5.222228e+00
1.500000 -1.900000 -2.582171e+01
1.500000 -1.800000 -5.442675e+01
1.500000 -1.700000 -1.078523e+02
1.500000 -1.600000 -2.653416e+02
1.500000 -1.500000 nan
1.500000 -1.400000 -2.643473e+02
1.500000 -1.300000 -1.057542e+02
1.500000 -1.200000 -5.098124e+01
1.500000 -1.100000 -2.058745e+01
1.500000 -1.000000 2.575538e+00
1.500000 -0.900000 2.647782e+01
1.500000 -0.800000 5.951561e+01
1.500000 -0.700000 1.209166e+02
1.500000 -0.600000 3.012496e+02
1.500000 -0.500000 nan
1.500000 -0.400000 3.008234e+02
1.500000 -0.300000 1.199485e+02
1.500000 -0.200000 5.774784e+01
1.500000 -0.100000 2.344582e+01
1.500000 0.000000 -2.531478e+00
1.500000 0.100000 -2.924526e+01
1.500000 0.200000 -6.618260e+01
1.500000 0.300000 -1.349959e+02
1.500000 0.400000 -3.375875e+02
1.500000 0.500000 nan
1.500000 0.600000 -3.365135e+02
1.500000 0.700000 -1.327311e+02
1.500000 0.800000 -6.246784e+01
1.500000 0.900000 -2.361378e+01
1.500000 1.000000 5.829798e+00
1.500000 1.100000 3.601454e+01
1.500000 1.200000 7.751744e+01
1.500000 1.300000 1.544140e+02
1.500000 1.400000 3.799375e+02
1.500000 1.500000 nan
1.500000 1.600000 3.795504e+02
1.500000 1.700000 1.535064e+02
1.500000 1.800000 7.579460e+01
1.500000 1.900000 3.295061e+01
1.500000 2.000000 5.212158e-01
1.500000 2.100000 -3.277864e+01
1.500000 2.200000 -7.867810e+01
1.500000 2.300000 -1.637664e+02
1.500000 2.400000 -4.127407e+02
1.500000 2.500000 nan
1.500000 2.600000 -4.161942e+02
1.500000 2.700000 -1.712715e+02
1.500000 2.800000 -9.156389e+01
1.500000 2.900000 -5.343268e+01
1.500000 3.000000 -3.205037e+01
1.500000 3.100000 -1.905267e+01
1.500000 3.200000 -1.079362e+01
1.500000 3.300000 -5.415304e+00
1.500000 3.400000 -1.870210e+00
1.500000 3.500000 4.732466e-01
1.500000 3.600000 2.013478e+00
1.500000 3.700000 3.009742e+00
1.500000 3.800000 3.634494e+00
1.500000 3.900000 4.004301e+00
1.500000 4.000000 4.198910e+00
1.500000 4.100000 4.273376e+00
1.500000 4.200000 4.265979e+00
1.500000 4.300000 4.203471e+00
1.500000 4.400000 4.104619e+00
1.500000 4.500000 3.982606e+00
1.500000 4.600000 3.846699e+00
1.500000 4.700000 3.703394e+00
1.500000 4.800000 3.557223e+00
1.500000 4.900000 3.411319e+00
1.500000 5.000000 3.267819e+00

1.600000 -5.000000 -2.036406e+00
1.600000 -4.900000 -2.122646e+00
1.600000 -4.800000 -2.211106e+00
1.600000 -4.700000 -2.300797e+00
1.600000 -4.600000 -2.390224e+00
1.600000 -4.500000 -2.477186e+00
1.600000 -4.400000 -2.558484e+00
1.600000 -4.300000 -2.629505e+00
1.600000 -4.200000 -2.683632e+00
1.600000 -4.100000 -2.711388e+00
1.600000 -4.000000 -2.699196e+00
1.600000 -3.900000 -2.627555e+00
1.600000 -3.800000 -2.468330e+00
1.600000 -3.700000 -2.180671e+00
1.600000 -3.600000 -1.704771e+00
1.600000 -3.500000 -9.520875e-01
1.600000 -3.400000 2.103701e-01
1.600000 -3.300000 1.986260e+00
1.600000 -3.200000 4.695851e+00
1.600000 -3.100000 8.861986e+00
1.600000 -3.000000 1.538518e+01
1.600000 -2.900000 2.594021e+01
1.600000 -2.800000 4.399253e+01
1.600000 -2.700000 7.770697e+01
1.600000 -2.600000 1.464320e+02
1.600000 -2.500000 2.242837e+02
1.600000 -2.400000 1.442944e+02
1.600000 -2.300000 7.303897e+01
1.600000 -2.200000 3.592463e+01
1.600000 -2.100000 1.292332e+01
1.600000 -2.000000 -5.227729e+00
1.600000 -1.900000 -2.398024e+01
1.600000 -1.800000 -4.907423e+01
1.600000 -1.700000 -9.095129e+01
1.600000 -1.600000 -1.727186e+02
1.600000 -1.500000 -2.645075e+02
1.600000 -1.400000 -1.717343e+02
1.600000 -1.300000 -8.887897e+01
1.600000 -1.200000 -4.568375e+01
1.600000 -1.100000 -1.885970e+01
1.600000 -1.000000 2.331616e+00
1.600000 -0.900000 2.417415e+01
1.600000 -0.800000 5.324763e+01
1.600000 -0.700000 1.014930e+02
1.600000 -0.600000 1.953220e+02
1.600000 -0.500000 3.006016e+02
1.600000 -0.400000 1.949542e+02
1.600000 -0.300000 1.006482e+02
1.600000 -0.200000 5.168393e+01
1.600000 -0.100000 2.145965e+01
1.600000 0.000000 -2.273757e+00
1.600000 0.100000 -2.665612e+01
1.600000 0.200000 -5.912284e+01
1.600000 0.300000 -1.131248e+02
1.600000 0.400000 -2.183854e+02
1.600000 0.500000 -3.365117e+02
1.600000 0.600000 -2.173346e+02
1.600000 0.700000 -1.109128e+02
1.600000 0.800000 -5.550512e+01
1.600000 0.900000 -2.119733e+01
1.600000 1.000000 5.770301e+00
1.600000 1.100000 3.339343e+01
1.600000 1.200000 6.996278e+01
1.600000 1.300000 1.304383e+02
1.600000 1.400000 2.478528e+02
1.600000 1.500000 3.795504e+02
1.600000 1.600000 2.475653e+02
1.600000 1.700000 1.297376e+02
1.600000 1.800000 6.857245e+01
1.600000 1.900000 3.082421e+01
1.600000 2.000000 1.195076e+00
1.600000 2.100000 -2.920652e+01
1.600000 2.200000 -6.958506e+01
1.600000 2.300000 -1.364949e+02
1.600000 2.400000 -2.664041e+02
1.600000 2.500000 -4.125793e+02
1.600000 2.600000 -2.695369e+02
1.600000 2.700000 -1.433247e+02
1.600000 2.800000 -8.136066e+01
1.600000 2.900000 -4.815144e+01
1.600000 3.000000 -2.871588e+01
1.600000 3.100000 -1.669322e+01
1.600000 3.200000 -9.008146e+00
1.600000 3.300000 -4.006106e+00
1.600000 3.400000 -7.257201e-01
1.600000 3.500000 1.422484e+00
1.600000 3.600000 2.813756e+00
1.600000 3.700000 3.693415e+00
1.600000 3.800000 4.224965e+00
1.600000 3.900000 4.518957e+00
1.600000 4.000000 4.650962e+00
1.600000 4.100000 4.673062e+00
1.600000 4.200000 4.621375e+00
1.600000 4.300000 4.521053e+00
1.600000 4.400000 4.389652e+00
1.600000 4.500000 4.239431e+00
1.600000 4.600000 4.078930e+00
1.600000 4.700000 3.914073e+00
1.600000 4.800000 3.748930e+00
1.600000 4.900000 3.586259e+00
1.600000 5.000000 3.427886e+00

1.700000 -5.000000 -2.110297e+00
1.700000 -4.900000 -2.205787e+00
1.700000 -4.800000 -2.305030e+00
1.700000 -4.700000 -2.407367e+00
1.700000 -4.600000 -2.511732e+00
1.700000 -4.500000 -2.616474e+00
1.700000 -4.400000 -2.719111e+00
1.700000 -4.300000 -2.815984e+00
1.700000 -4.200000 -2.901746e+00
1.700000 -4.100000 -2.968641e+00
1.700000 -4.000000 -3.005448e+00
1.700000 -3.900000 -2.995926e+00
1.700000 -3.800000 -2.916520e+00
1.700000 -3.700000 -2.732914e+00
1.700000 -3.600000 -2.394780e+00
1.700000 -3.500000 -1.827702e+00
1.700000 -3.400000 -9.204703e-01
1.700000 -3.300000 4.952027e-01
1.700000 -3.200000 2.677801e+00
1.700000 -3.100000 6.031085e+00
1.700000 -3.000000 1.119649e+01
1.700000 -2.900000 1.920193e+01
1.700000 -2.800000 3.163917e+01
1.700000 -2.700000 5.041425e+01
1.700000 -2.600000 7.427654e+01
1.700000 -2.500000 8.752992e+01
1.700000 -2.400000 7.264432e+01
1.700000 -2.300000 4.682358e+01
1.700000 -2.200000 2.537542e+01
1.700000 -2.100000 9.020906e+00
1.700000 -2.000000 -4.933701e+00
1.700000 -1.900000 -1.930570e+01
1.700000 -1.800000 -3.699725e+01
1.700000 -1.700000 -6.088449e+01
1.700000 -1.600000 -8.991935e+01
1.700000 -1.500000 -1.060539e+02
1.700000 -1.400000 -8.901069e+01
1.700000 -1.300000 -5.898018e+01
1.700000 -1.200000 -3.390679e+01
1.700000 -1.100000 -1.469731e+01
1.700000 -1.000000 1.735164e+00
1.700000 -0.900000 1.862217e+01
1.700000 -0.800000 3.928646e+01
1.700000 -0.700000 6.701726e+01
1.700000 -0.600000 1.006176e+02
1.700000 -0.500000 1.194623e+02
1.700000 -0.400000 1.003804e+02
1.700000 -0.300000 6.645218e+01
1.700000 -0.200000 3.819478e+01
1.700000 -0.100000 1.665789e+01
1.700000 0.000000 -1.667149e+00
1.700000 0.100000 -2.044524e+01
1.700000 0.200000 -4.343229e+01
1.700000 0.300000 -7.433875e+01
1.700000 0.400000 -1.118237e+02
1.700000 0.500000 -1.326879e+02
1.700000 0.600000 -1.108679e+02
1.700000 0.700000 -7.233453e+01
1.700000 0.800000 -4.017740e+01
1.700000 0.900000 -1.558846e+01
1.700000 1.000000 5.363475e+00
1.700000 1.100000 2.677739e+01
1.700000 1.200000 5.284286e+01
1.700000 1.300000 8.769154e+01
1.700000 1.400000 1.298379e+02
1.700000 1.500000 1.535064e+02
1.700000 1.600000 1.297376e+02
1.700000 1.700000 8.738676e+01
1.700000 1.800000 5.210587e+01
1.700000 1.900000 2.521422e+01
1.700000 2.000000 2.335593e+00
1.700000 2.100000 -2.109632e+01
1.700000 2.200000 -4.975363e+01
1.700000 2.300000 -8.826101e+01
1.700000 2.400000 -1.350939e+02
1.700000 2.500000 -1.620572e+02
1.700000 2.600000 -1.375285e+02
1.700000 2.700000 -9.359961e+01
1.700000 2.800000 -5.902391e+01
1.700000 2.900000 -3.608572e+01
1.700000 3.000000 -2.128897e+01
1.700000 3.100000 -1.171569e+01
1.700000 3.200000 -5.481456e+00
1.700000 3.300000 -1.409456e+00
1.700000 3.400000 1.242151e+00
1.700000 3.500000 2.949276e+00
1.700000 3.600000 4.022559e+00
1.700000 3.700000 4.667863e+00
1.700000 3.800000 5.023365e+00
1.700000 3.900000 5.182788e+00
1.700000 4.000000 5.210240e+00
1.700000 4.100000 5.149854e+00
1.700000 4.200000 5.032143e+00
1.700000 4.300000 4.878255e+00
1.700000 4.400000 4.702851e+00
1.700000 4.500000 4.516065e+00
1.700000 4.600000 4.324863e+00
1.700000 4.700000 4.133984e+00
1.700000 4.800000 3.946598e+00
1.700000 4.900000 3.764769e+00
1.700000 5.000000 3.589780e+00

1.800000 -5.000000 -2.184775e+00
1.800000 -4.900000 -2.290313e+00
1.800000 -4.800000 -2.401441e+00
1.800000 -4.700000 -2.517944e+00
1.800000 -4.600000 -2.639331e+00
1.800000 -4.500000 -2.764710e+00
1.800000 -4.400000 -2.892606e+00
1.800000 -4.300000 -3.020711e+00
1.800000 -4.200000 -3.145512e+00
1.800000 -4.100000 -3.261767e+00
1.800000 -4.000000 -3.361733e+00
1.800000 -3.900000 -3.434043e+00
1.800000 -3.800000 -3.462041e+00
1.800000 -3.700000 -3.421302e+00
1.800000 -3.600000 -3.275889e+00
1.800000 -3.500000 -2.972685e+00
1.800000 -3.400000 -2.432761e+00
1.800000 -3.300000 -1.538336e+00
1.800000 -3.200000 -1.136029e-01
1.800000 -3.100000 2.101344e+00
1.800000 -3.000000 5.478243e+00
1.800000 -2.900000 1.050109e+01
1.800000 -2.800000 1.763185e+01
1.800000 -2.700000 2.673754e+01
1.800000 -2.600000 3.568097e+01
1.800000 -2.500000 3.948242e+01
1.800000 -2.400000 3.477572e+01
1.800000 -2.300000 2.469701e+01
1.800000 -2.200000 1.395860e+01
1.800000 -2.100000 4.352580e+00
1.800000 -2.000000 -4.449428e+00
1.800000 -1.900000 -1.349159e+01
1.800000 -1.800000 -2.380687e+01
1.800000 -1.700000 -3.561634e+01
1.800000 -1.600000 -4.668775e+01
1.800000 -1.500000 -5.138778e+01
1.800000 -1.400000 -4.590958e+01
1.800000 -1.300000 -3.399713e+01
1.800000 -1.200000 -2.121125e+01
1.800000 -1.100000 -9.691776e+00
1.800000 -1.000000 9.041389e-01
1.800000 -0.900000 1.175986e+01
1.800000 -0.800000 2.405206e+01
1.800000 -0.700000 3.803060e+01
1.800000 -0.600000 5.114181e+01
1.800000 -0.500000 5.694642e+01
1.800000 -0.400000 5.109557e+01
1.800000 -0.300000 3.787388e+01
1.800000 -0.200000 2.364619e+01
1.800000 -0.100000 1.087073e+01
1.800000 0.000000 -8.290579e-01
1.800000 0.100000 -1.278811e+01
1.800000 0.200000 -2.633457e+01
1.800000 0.300000 -4.175163e+01
1.800000 0.400000 -5.616654e+01
1.800000 0.500000 -6.233496e+01
1.800000 0.600000 -5.536579e+01
1.800000 0.700000 -4.008341e+01
1.800000 0.800000 -2.365532e+01
1.800000 0.900000 -8.856488e+00
1.800000 1.000000 4.725113e+00
1.800000 1.100000 1.857776e+01
1.800000 1.200000 3.418265e+01
1.800000 1.300000 5.185757e+01
1.800000 1.400000 6.841140e+01
1.800000 1.500000 7.579460e+01
1.800000 1.600000 6.857245e+01
1.800000 1.700000 5.210587e+01
1.800000 1.800000 3.435918e+01
1.800000 1.900000 1.841450e+01
1.800000 2.000000 3.809240e+00
1.800000 2.100000 -1.112115e+01
1.800000 2.200000 -2.804529e+01
1.800000 2.300000 -4.736662e+01
1.800000 2.400000 -6.565128e+01
1.800000 2.500000 -7.415644e+01
1.800000 2.600000 -6.706997e+01
1.800000 2.700000 -5.053641e+01
1.800000 2.800000 -3.368415e+01
1.800000 2.900000 -2.044292e+01
1.800000 3.000000 -1.107022e+01
1.800000 3.100000 -4.729313e+00
1.800000 3.200000 -5.383302e-01
1.800000 3.300000 2.182725e+00
1.800000 3.400000 3.911332e+00
1.800000 3.500000 4.972081e+00
1.800000 3.600000 5.583636e+00
1.800000 3.700000 5.893412e+00
1.800000 3.800000 6.001238e+00
1.800000 3.900000 5.975092e+00
1.800000 4.000000 5.861488e+00
1.800000 4.100000 5.692361e+00
1.800000 4.200000 5.489667e+00
1.800000 4.300000 5.268478e+00
1.800000 4.400000 5.039092e+00
1.800000 4.500000 4.808481e+00
1.800000 4.600000 4.581293e+00
1.800000 4.700000 4.360546e+00
1.800000 4.800000 4.148125e+00
1.800000 4.900000 3.945117e+00
1.800000 5.000000 3.752062e+00

1.900000 -5.000000 -2.258760e+00
1.900000 -4.900000 -2.374894e+00
1.900000 -4.800000 -2.498690e+00
1.900000 -4.700000 -2.630458e+00
1.900000 -4.600000 -2.770401e+00
1.900000 -4.500000 -2.918543e+00
1.900000 -4.400000 -3.074638e+00
1.900000 -4.300000 -3.238033e+00
1.900000 -4.200000 -3.407476e+00
1.900000 -4.100000 -3.580832e+00
1.900000 -4.000000 -3.754683e+00
1.900000 -3.900000 -3.923733e+00
1.900000 -3.800000 -4.079938e+00
1.900000 -3.700000 -4.211212e+00
1.900000 -3.600000 -4.299501e+00
1.900000 -3.500000 -4.317876e+00
1.900000 -3.400000 -4.226222e+00
1.900000 -3.300000 -3.964973e+00
1.900000 -3.200000 -3.446670e+00
1.900000 -3.100000 -2.546753e+00
1.900000 -3.000000 -1.100540e+00
1.900000 -2.900000 1.071485e+00
1.900000 -2.800000 4.057996e+00
1.900000 -2.700000 7.600533e+00
1.900000 -2.600000 1.076226e+01
1.900000 -2.500000 1.208274e+01
1.900000 -2.400000 1.074520e+01
1.900000 -2.300000 7.448922e+00
1.900000 -2.200000 3.519912e+00
1.900000 -2.100000 -2.718589e-01
1.900000 -2.000000 -3.873623e+00
1.900000 -1.900000 -7.590586e+00
1.900000 -1.800000 -1.170695e+01
1.900000 -1.700000 -1.608173e+01
1.900000 -1.600000 -1.973868e+01
1.900000 -1.500000 -2.105365e+01
1.900000 -1.400000 -1.913056e+01
1.900000 -1.300000 -1.483032e+01
1.900000 -1.200000 -9.737782e+00
1.900000 -1.100000 -4.782358e+00
1.900000 -1.000000 -5.022700e-02
1.900000 -0.900000 4.795561e+00
1.900000 -0.800000 1.007325e+01
1.900000 -0.700000 1.561566e+01
1.900000 -0.600000 2.030044e+01
1.900000 -0.500000 2.226617e+01
1.900000 -0.400000 2.048852e+01
1.900000 -0.300000 1.595807e+01
1.900000 -0.200000 1.049810e+01
1.900000 -0.100000 5.184743e+00
1.900000 0.000000 1.299967e-01
1.900000 0.100000 -5.038965e+00
1.900000 0.200000 -1.067620e+01
1.900000 0.300000 -1.658858e+01
1.900000 0.400000 -2.150672e+01
1.900000 0.500000 -2.333033e+01
1.900000 0.600000 -2.090468e+01
1.900000 0.700000 -1.534756e+01
1.900000 0.800000 -8.717968e+00
1.900000 0.900000 -2.235912e+00
1.900000 1.000000 3.963720e+00
1.900000 1.100000 1.029256e+01
1.900000 1.200000 1.714338e+01
1.900000 1.300000 2.429980e+01
1.900000 1.400000 3.034791e+01
1.900000 1.500000 3.295061e+01
1.900000 1.600000 3.082421e+01
1.900000 1.700000 2.521422e+01
1.900000 1.800000 1.841450e+01
1.900000 1.900000 1.178601e+01
1.900000 2.000000 5.480724e+00
1.900000 2.100000 -9.618724e-01
1.900000 2.200000 -7.989463e+00
1.900000 2.300000 -1.538761e+01
1.900000 2.400000 -2.163615e+01
1.900000 2.500000 -2.421861e+01
1.900000 2.600000 -2.180790e+01
1.900000 2.700000 -1.590369e+01
1.900000 2.800000 -9.218840e+00
1.900000 2.900000 -3.515188e+00
1.900000 3.000000 6.978024e-01
1.900000 3.100000 3.561135e+00
1.900000 3.200000 5.394225e+00
1.900000 3.300000 6.496911e+00
1.900000 3.400000 7.099527e+00
1.900000 3.500000 7.366100e+00
1.900000 3.600000 7.409946e+00
1.900000 3.700000 7.308502e+00
1.900000 3.800000 7.114540e+00
1.900000 3.900000 6.864025e+00
1.900000 4.000000 6.581443e+00
1.900000 4.100000 6.283419e+00
1.900000 4.200000 5.981149e+00
1.900000 4.300000 5.682074e+00
1.900000 4.400000 5.391024e+00
1.900000 4.500000 5.111017e+00
1.900000 4.600000 4.843808e+00
1.900000 4.700000 4.590286e+00
1.900000 4.800000 4.350746e+00
1.900000 4.900000 4.125082e+00
1.900000 5.000000 3.912928e+00

2.000000 -5.000000 -2.331021e+00
2.000000 -4.900000 -2.457999e+00
2.000000 -4.800000 -2.594850e+00
2.000000 -4.700000 -2.742469e+00
2.000000 -4.600000 -2.901821e+00
2.000000 -4.500000 -3.073946e+00
2.000000 -4.400000 -3.259958e+00
2.000000 -4.300000 -3.461044e+00
2.000000 -4.200000 -3.678463e+00
2.000000 -4.100000 -3.913539e+00
2.000000 -4.000000 -4.167664e+00
2.000000 -3.900000 -4.442295e+00
2.000000 -3.800000 -4.738960e+00
2.000000 -3.700000 -5.059276e+00
2.000000 -3.600000 -5.404973e+00
2.000000 -3.500000 -5.777911e+00
2.000000 -3.400000 -6.180070e+00
2.000000 -3.300000 -6.613381e+00
2.000000 -3.200000 -7.079163e+00
2.000000 -3.100000 -7.576598e+00
2.000000 -3.000000 -8.099185e+00
2.000000 -2.900000 -8.627459e+00
2.000000 -2.800000 -9.116610e+00
2.000000 -2.700000 -9.481949e+00
2.000000 -2.600000 -9.597626e+00
2.000000 -2.500000 -9.334667e+00
2.000000 -2.400000 -8.635244e+00
2.000000 -2.300000 -7.554834e+00
2.000000 -2.200000 -6.220784e+00
2.000000 -2.100000 -4.759574e+00
2.000000 -2.000000 -3.262269e+00
2.000000 -1.900000 -1.792984e+00
2.000000 -1.800000 -4.156889e-01
2.000000 -1.700000 7.790002e-01
2.000000 -1.600000 1.665397e+00
2.000000 -1.500000 2.117351e+00
2.000000 -1.400000 2.081070e+00
2.000000 -1.300000 1.616743e+00
2.000000 -1.200000 8.568984e-01
2.000000 -1.100000 -6.645673e-02
2.000000 -1.000000 -1.056532e+00
2.000000 -0.900000 -2.043475e+00
2.000000 -0.800000 -2.957780e+00
2.000000 -0.700000 -3.703731e+00
2.000000 -0.600000 -4.151180e+00
2.000000 -0.500000 -4.170333e+00
2.000000 -0.400000 -3.704669e+00
2.000000 -0.300000 -2.812594e+00
2.000000 -0.200000 -1.625748e+00
2.000000 -0.100000 -2.760007e-01
2.000000 0.000000 1.139445e+00
2.000000 0.100000 2.550019e+00
2.000000 0.200000 3.885473e+00
2.000000 0.300000 5.049588e+00
2.000000 0.400000 5.912212e+00
2.000000 0.500000 6.344237e+00
2.000000 0.600000 6.290666e+00
2.000000 0.700000 5.812318e+00
2.000000 0.800000 5.044102e+00
2.000000 0.900000 4.121907e+00
2.000000 1.000000 3.147527e+00
2.000000 1.100000 2.196465e+00
2.000000 1.200000 1.343990e+00
2.000000 1.300000 6.911714e-01
2.000000 1.400000 3.726023e-01
2.000000 1.500000 5.212158e-01
2.000000 1.600000 1.195076e+00
2.000000 1.700000 2.335593e+00
2.000000 1.800000 3.809240e+00
2.000000 1.900000 5.480724e+00
2.000000 2.000000 7.248163e+00
2.000000 2.100000 9.035425e+00
2.000000 2.200000 1.076621e+01
2.000000 2.300000 1.233814e+01
2.000000 2.400000 1.361518e+01
2.000000 2.500000 1.446285e+01
2.000000 2.600000 1.482142e+01
2.000000 2.700000 1.474749e+01
2.000000 2.800000 1.437166e+01
2.000000 2.900000 1.382381e+01
2.000000 3.000000 1.319442e+01
2.000000 3.100000 1.253523e+01
2.000000 3.200000 1.187301e+01
2.000000 3.300000 1.122149e+01
2.000000 3.400000 1.058815e+01
2.000000 3.500000 9.977552e+00
2.000000 3.600000 9.392714e+00
2.000000 3.700000 8.835677e+00
2.000000 3.800000 8.307704e+00
2.000000 3.900000 7.809399e+00
2.000000 4.000000 7.340796e+00
2.000000 4.100000 6.901459e+00
2.000000 4.200000 6.490572e+00
2.000000 4.300000 6.107039e+00
2.000000 4.400000 5.749565e+00
2.000000 4.500000 5.416731e+00
2.000000 4.600000 5.107052e+00
2.000000 4.700000 4.819029e+00
2.000000 4.800000 4.551176e+00
2.000000 4.900000 4.302054e+00
2.000000 5.000000 4.070285e+00

2.100000 -5.000000 -2.400232e+00
2.100000 -4.900000 -2.537964e+00
2.100000 -4.800000 -2.687825e+00
2.100000 -4.700000 -2.851305e+00
2.100000 -4.600000 -3.030158e+00
2.100000 -4.500000 -3.226468e+00
2.100000 -4.400000 -3.442748e+00
2.100000 -4.300000 -3.682072e+00
2.100000 -4.200000 -3.948267e+00
2.100000 -4.100000 -4.246190e+00
2.100000 -4.000000 -4.582131e+00
2.100000 -3.900000 -4.964412e+00
2.100000 -3.800000 -5.404275e+00
2.100000 -3.700000 -5.917225e+00
2.100000 -3.600000 -6.525042e+00
2.100000 -3.500000 -7.258797e+00
2.100000 -3.400000 -8.163294e+00
2.100000 -3.300000 -9.303330e+00
2.100000 -3.200000 -1.077164e+01
2.100000 -3.100000 -1.269624e+01
2.100000 -3.000000 -1.523814e+01
2.100000 -2.900000 -1.855300e+01
2.100000 -2.800000 -2.265748e+01
2.100000 -2.700000 -2.712513e+01
2.100000 -2.600000 -3.071386e+01
2.100000 -2.500000 -3.159093e+01
2.100000 -2.400000 -2.875466e+01
2.100000 -2.300000 -2.308246e+01
2.100000 -2.200000 -1.626636e+01
2.100000 -2.100000 -9.377534e+00
2.100000 -2.000000 -2.640097e+00
2.100000 -1.900000 4.155634e+00
2.100000 -1.800000 1.119858e+01
2.100000 -1.700000 1.817714e+01
2.100000 -1.600000 2.381515e+01
2.100000 -1.500000 2.612445e+01
2.100000 -1.400000 2.403351e+01
2.100000 -1.300000 1.859159e+01
2.100000 -1.200000 1.176054e+01
2.100000 -1.100000 4.782551e+00
2.100000 -1.000000 -2.072924e+00
2.100000 -0.900000 -9.035378e+00
2.100000 -0.800000 -1.631627e+01
2.100000 -0.700000 -2.356724e+01
2.100000 -0.600000 -2.935681e+01
2.100000 -0.500000 -3.145202e+01
2.100000 -0.400000 -2.864755e+01
2.100000 -0.300000 -2.211882e+01
2.100000 -0.200000 -1.406443e+01
2.100000 -0.100000 -5.873248e+00
2.100000 0.000000 2.158343e+00
2.100000 0.100000 1.029396e+01
2.100000 0.200000 1.877909e+01
2.100000 0.300000 2.723811e+01
2.100000 0.400000 3.409226e+01
2.100000 0.500000 3.687096e+01
2.100000 0.600000 3.424148e+01
2.100000 0.700000 2.751132e+01
2.100000 0.800000 1.912154e+01
2.100000 0.900000 1.061315e+01
2.100000 1.000000 2.314922e+00
2.100000 1.100000 -6.065358e+00
2.100000 1.200000 -1.480146e+01
2.100000 1.300000 -2.348448e+01
2.100000 1.400000 -3.038198e+01
2.100000 1.500000 -3.277864e+01
2.100000 1.600000 -2.920652e+01
2.100000 1.700000 -2.109632e+01
2.100000 1.800000 -1.112115e+01
2.100000 1.900000 -9.618724e-01
2.100000 2.000000 9.035425e+00
2.100000 2.100000 1.921050e+01
2.100000 2.200000 2.988998e+01
2.100000 2.300000 4.066436e+01
2.100000 2.400000 4.969226e+01
2.100000 2.500000 5.407630e+01
2.100000 2.600000 5.230261e+01
2.100000 2.700000 4.605346e+01
2.100000 2.800000 3.841779e+01
2.100000 2.900000 3.147149e+01
2.100000 3.000000 2.590453e+01
2.100000 3.100000 2.166254e+01
2.100000 3.200000 1.846535e+01
2.100000 3.300000 1.603175e+01
2.100000 3.400000 1.414167e+01
2.100000 3.500000 1.263775e+01
2.100000 3.600000 1.141145e+01
2.100000 3.700000 1.038865e+01
2.100000 3.800000 9.518598e+00
2.100000 3.900000 8.766173e+00
2.100000 4.000000 8.106645e+00
2.100000 4.100000 7.522250e+00
2.100000 4.200000 6.999941e+00
2.100000 4.300000 6.529891e+00
2.100000 4.400000 6.104524e+00
2.100000 4.500000 5.717854e+00
2.100000 4.600000 5.365050e+00
2.100000 4.700000 5.042137e+00
2.100000 4.800000 4.745784e+00
2.100000 4.900000 4.473164e+00
2.100000 5.000000 4.221847e+00

2.200000 -5.000000 -2.465033e+00
2.200000 -4.900000 -2.613084e+00
2.200000 -4.800000 -2.775454e+00
2.200000 -4.700000 -2.954212e+00
2.200000 -4.600000 -3.151872e+00
2.200000 -4.500000 -3.371525e+00
2.200000 -4.400000 -3.617019e+00
2.200000 -4.300000 -3.893226e+00
2.200000 -4.200000 -4.206409e+00
2.200000 -4.100000 -4.564750e+00
2.200000 -4.000000 -4.979132e+00
2.200000 -3.900000 -5.464275e+00
2.200000 -3.800000 -6.040447e+00
2.200000 -3.700000 -6.736033e+00
2.200000 -3.600000 -7.591441e+00
2.200000 -3.500000 -8.665086e+00
2.200000 -3.400000 -1.004255e+01
2.200000 -3.300000 -1.185051e+01
2.200000 -3.200000 -1.427720e+01
2.200000 -3.100000 -1.760024e+01
2.200000 -3.000000 -2.221551e+01
2.200000 -2.900000 -2.863402e+01
2.200000 -2.800000 -3.732304e+01
2.200000 -2.700000 -4.804094e+01
2.200000 -2.600000 -5.820625e+01
2.200000 -2.500000 -6.194350e+01
2.200000 -2.400000 -5.530797e+01
2.200000 -2.300000 -4.200199e+01
2.200000 -2.200000 -2.761911e+01
2.200000 -2.100000 -1.437686e+01
2.200000 -2.000000 -2.030723e+00
2.200000 -1.900000 1.049610e+01
2.200000 -1.800000 2.426929e+01
2.200000 -1.700000 3.942628e+01
2.200000 -1.600000 5.330988e+01
2.200000 -1.500000 5.940628e+01
2.200000 -1.400000 5.334327e+01
2.200000 -1.300000 3.944352e+01
2.200000 -1.200000 2.416175e+01
2.200000 -1.100000 1.007635e+01
2.200000 -1.000000 -3.058300e+00
2.200000 -0.900000 -1.644485e+01
2.200000 -0.800000 -3.127989e+01
2.200000 -0.700000 -4.771788e+01
2.200000 -0.600000 -6.277006e+01
2.200000 -0.500000 -6.910856e+01
2.200000 -0.400000 -6.181332e+01
2.200000 -0.300000 -4.574419e+01
2.200000 -0.200000 -2.815869e+01
2.200000 -0.100000 -1.195422e+01
2.200000 0.000000 3.146526e+00
2.200000 0.100000 1.849505e+01
2.200000 0.200000 3.543658e+01
2.200000 0.300000 5.415674e+01
2.200000 0.400000 7.134670e+01
2.200000 0.500000 7.887428e+01
2.200000 0.600000 7.128002e+01
2.200000 0.700000 5.396863e+01
2.200000 0.800000 3.500750e+01
2.200000 0.900000 1.761986e+01
2.200000 1.000000 1.503422e+00
2.200000 1.100000 -1.483535e+01
2.200000 1.200000 -3.288322e+01
2.200000 1.300000 -5.284928e+01
2.200000 1.400000 -7.109624e+01
2.200000 1.500000 -7.867810e+01
2.200000 1.600000 -6.958506e+01
2.200000 1.700000 -4.975363e+01
2.200000 1.800000 -2.804529e+01
2.200000 1.900000 -7.989463e+00
2.200000 2.000000 1.076621e+01
2.200000 2.100000 2.988998e+01
2.200000 2.200000 5.105390e+01
2.200000 2.300000 7.455034e+01
2.200000 2.400000 9.649715e+01
2.200000 2.500000 1.072535e+02
2.200000 2.600000 1.004318e+02
2.200000 2.700000 8.275347e+01
2.200000 2.800000 6.424811e+01
2.200000 2.900000 4.930102e+01
2.200000 3.000000 3.829358e+01
2.200000 3.100000 3.040103e+01
2.200000 3.200000 2.473208e+01
2.200000 3.300000 2.059923e+01
2.200000 3.400000 1.752210e+01
2.200000 3.500000 1.517619e+01
2.200000 3.600000 1.334413e+01
2.200000 3.700000 1.187978e+01
2.200000 3.800000 1.068392e+01
2.200000 3.900000 9.688286e+00
2.200000 4.000000 8.845211e+00
2.200000 4.100000 8.120827e+00
2.200000 4.200000 7.490651e+00
2.200000 4.300000 6.936656e+00
2.200000 4.400000 6.445318e+00
2.200000 4.500000 6.006306e+00
2.200000 4.600000 5.611582e+00
2.200000 4.700000 5.254784e+00
2.200000 4.800000 4.930794e+00
2.200000 4.900000 4.635435e+00
2.200000 5.000000 4.365248e+00

2.300000 -5.000000 -2.524099e+00
2.300000 -4.900000 -2.681695e+00
2.300000 -4.800000 -2.855634e+00
2.300000 -4.700000 -3.048513e+00
2.300000 -4.600000 -3.263533e+00
2.300000 -4.500000 -3.504683e+00
2.300000 -4.400000 -3.777004e+00
2.300000 -4.300000 -4.086950e+00
2.300000 -4.200000 -4.442906e+00
2.300000 -4.100000 -4.855927e+00
2.300000 -4.000000 -5.340817e+00
2.300000 -3.900000 -5.917711e+00
2.300000 -3.800000 -6.614443e+00
2.300000 -3.700000 -7.470128e+00
2.300000 -3.600000 -8.540673e+00
2.300000 -3.500000 -9.907399e+00
2.300000 -3.400000 -1.169076e+01
2.300000 -3.300000 -1.407265e+01
2.300000 -3.200000 -1.733330e+01
2.300000 -3.100000 -2.191367e+01
2.300000 -3.000000 -2.852147e+01
2.300000 -2.900000 -3.830397e+01
2.300000 -2.800000 -5.305637e+01
2.300000 -2.700000 -7.493616e+01
2.300000 -2.600000 -1.024244e+02
2.300000 -2.500000 -1.171701e+02
2.300000 -2.400000 -9.871792e+01
2.300000 -2.300000 -6.717734e+01
2.300000 -2.200000 -4.048559e+01
2.300000 -2.100000 -1.959288e+01
2.300000 -2.000000 -1.486763e+00
2.300000 -1.900000 1.697315e+01
2.300000 -1.800000 3.901185e+01
2.300000 -1.700000 6.782350e+01
2.300000 -1.600000 1.021300e+02
2.300000 -1.500000 1.212529e+02
2.300000 -1.400000 1.020072e+02
2.300000 -1.300000 6.750474e+01
2.300000 -1.200000 3.833468e+01
2.300000 -1.100000 1.564849e+01
2.300000 -1.000000 -3.943536e+00
2.300000 -0.900000 -2.398023e+01
2.300000 -0.800000 -4.809204e+01
2.300000 -0.700000 -7.987242e+01
2.300000 -0.600000 -1.178825e+02
2.300000 -0.500000 -1.388575e+02
2.300000 -0.400000 -1.167122e+02
2.300000 -0.300000 -7.744533e+01
2.300000 -0.200000 -4.421820e+01
2.300000 -0.100000 -1.832711e+01
2.300000 0.000000 4.035786e+00
2.300000 0.100000 2.683814e+01
2.300000 0.200000 5.413896e+01
2.300000 0.300000 8.994905e+01
2.300000 0.400000 1.326834e+02
2.300000 0.500000 1.565027e+02
2.300000 0.600000 1.324322e+02
2.300000 0.700000 8.936647e+01
2.300000 0.800000 5.304742e+01
2.300000 0.900000 2.492418e+01
2.300000 1.000000 7.786250e-01
2.300000 1.100000 -2.377770e+01
2.300000 1.200000 -5.322393e+01
2.300000 1.300000 -9.197906e+01
2.300000 1.400000 -1.383016e+02
2.300000 1.500000 -1.637664e+02
2.300000 1.600000 -1.364949e+02
2.300000 1.700000 -8.826101e+01
2.300000 1.800000 -4.736662e+01
2.300000 1.900000 -1.538761e+01
2.300000 2.000000 1.233814e+01
2.300000 2.100000 4.066436e+01
2.300000 2.200000 7.455034e+01
2.300000 2.300000 1.189059e+02
2.300000 2.400000 1.719492e+02
2.300000 2.500000 2.028354e+02
2.300000 2.600000 1.770259e+02
2.300000 2.700000 1.295376e+02
2.300000 2.800000 9.178746e+01
2.300000 2.900000 6.634418e+01
2.300000 3.000000 4.948064e+01
2.300000 3.100000 3.809752e+01
2.300000 3.200000 3.021262e+01
2.300000 3.300000 2.460231e+01
2.300000 3.400000 2.050413e+01
2.300000 3.500000 1.743382e+01
2.300000 3.600000 1.507748e+01
2.300000 3.700000 1.322764e+01
2.300000 3.800000 1.174456e+01
2.300000 3.900000 1.053247e+01
2.300000 4.000000 9.524556e+00
2.300000 4.100000 8.673418e+00
2.300000 4.200000 7.944874e+00
2.300000 4.300000 7.313857e+00
2.300000 4.400000 6.761687e+00
2.300000 4.500000 6.274217e+00
2.300000 4.600000 5.840566e+00
2.300000 4.700000 5.452237e+00
2.300000 4.800000 5.102497e+00
2.300000 4.900000 4.785939e+00
2.300000 5.000000 4.498160e+00

2.400000 -5.000000 -2.576198e+00
2.400000 -4.900000 -2.742256e+00
2.400000 -4.800000 -2.926428e+00
2.400000 -4.700000 -3.131756e+00
2.400000 -4.600000 -3.362014e+00
2.400000 -4.500000 -3.621938e+00
2.400000 -4.400000 -3.917534e+00
2.400000 -4.300000 -4.256527e+00
2.400000 -4.200000 -4.648972e+00
2.400000 -4.100000 -5.108144e+00
2.400000 -4.000000 -5.651815e+00
2.400000 -3.900000 -6.304132e+00
2.400000 -3.800000 -7.098415e+00
2.400000 -3.700000 -8.081401e+00
2.400000 -3.600000 -9.319823e+00
2.400000 -3.500000 -1.091086e+01
2.400000 -3.400000 -1.299922e+01
2.400000 -3.300000 -1.580625e+01
2.400000 -3.200000 -1.968179e+01
2.400000 -3.100000 -2.520288e+01
2.400000 -3.000000 -3.337700e+01
2.400000 -2.900000 -4.610513e+01
2.400000 -2.800000 -6.737053e+01
2.400000 -2.700000 -1.066385e+02
2.400000 -2.600000 -1.864312e+02
2.400000 -2.500000 -2.765203e+02
2.400000 -2.400000 -1.821114e+02
2.400000 -2.300000 -9.757996e+01
2.400000 -2.200000 -5.264252e+01
2.400000 -2.100000 -2.404015e+01
2.400000 -2.000000 -1.101274e+00
2.400000 -1.900000 2.236998e+01
2.400000 -1.800000 5.285699e+01
2.400000 -1.700000 1.022080e+02
2.400000 -1.600000 1.967581e+02
2.400000 -1.500000 3.023256e+02
2.400000 -1.400000 1.965219e+02
2.400000 -1.300000 1.016462e+02
2.400000 -1.200000 5.176881e+01
2.400000 -1.100000 2.038887e+01
2.400000 -1.000000 -4.621282e+00
2.400000 -0.900000 -3.027022e+01
2.400000 -0.800000 -6.386238e+01
2.400000 -0.700000 -1.187284e+02
2.400000 -0.600000 -2.244933e+02
2.400000 -0.500000 -3.427002e+02
2.400000 -0.400000 -2.231594e+02
2.400000 -0.300000 -1.159556e+02
2.400000 -0.200000 -5.941796e+01
2.400000 -0.100000 -2.373693e+01
2.400000 0.000000 4.719617e+00
2.400000 0.100000 3.380880e+01
2.400000 0.200000 7.168326e+01
2.400000 0.300000 1.331771e+02
2.400000 0.400000 2.512225e+02
2.400000 0.500000 3.831011e+02
2.400000 0.600000 2.508338e+02
2.400000 0.700000 1.323017e+02
2.400000 0.800000 7.010195e+01
2.400000 0.900000 3.112549e+01
2.400000 1.000000 2.445883e-01
2.400000 1.100000 -3.123738e+01
2.400000 1.200000 -7.231171e+01
2.400000 1.300000 -1.393055e+02
2.400000 1.400000 -2.684463e+02
2.400000 1.500000 -4.127407e+02
2.400000 1.600000 -2.664041e+02
2.400000 1.700000 -1.350939e+02
2.400000 1.800000 -6.565128e+01
2.400000 1.900000 -2.163615e+01
2.400000 2.000000 1.361518e+01
2.400000 2.100000 4.969226e+01
2.400000 2.200000 9.649715e+01
2.400000 2.300000 1.719492e+02
2.400000 2.400000 3.157104e+02
2.400000 2.500000 4.767121e+02
2.400000 2.600000 3.216577e+02
2.400000 2.700000 1.844239e+02
2.400000 2.800000 1.167879e+02
2.400000 2.900000 8.010689e+01
2.400000 3.000000 5.812822e+01
2.400000 3.100000 4.400320e+01
2.400000 3.200000 3.445789e+01
2.400000 3.300000 2.775436e+01
2.400000 3.400000 2.289588e+01
2.400000 3.500000 1.927768e+01
2.400000 3.600000 1.651709e+01
2.400000 3.700000 1.436398e+01
2.400000 3.800000 1.265055e+01
2.400000 3.900000 1.126173e+01
2.400000 4.000000 1.011703e+01
2.400000 4.100000 9.159201e+00
2.400000 4.200000 8.346813e+00
2.400000 4.300000 7.649431e+00
2.400000 4.400000 7.044356e+00
2.400000 4.500000 6.514411e+00
2.400000 4.600000 6.046417e+00
2.400000 4.700000 5.630121e+00
2.400000 4.800000 5.257445e+00
2.400000 4.900000 4.921940e+00
2.400000 5.000000 4.618400e+00

2.500000 -5.000000 -2.620251e+00
2.500000 -4.900000 -2.793428e+00
2.500000 -4.800000 -2.986162e+00
2.500000 -4.700000 -3.201839e+00
2.500000 -4.600000 -3.444669e+00
2.500000 -4.500000 -3.719933e+00
2.500000 -4.400000 -4.034337e+00
2.500000 -4.300000 -4.396491e+00
2.500000 -4.200000 -4.817580e+00
2.500000 -4.100000 -5.312319e+00
2.500000 -4.000000 -5.900319e+00
2.500000 -3.900000 -6.608083e+00
2.500000 -3.800000 -7.471952e+00
2.500000 -3.700000 -8.542573e+00
2.500000 -3.600000 -9.891796e+00
2.500000 -3.500000 -1.162367e+01
2.500000 -3.400000 -1.389260e+01
2.500000 -3.300000 -1.693474e+01
2.500000 -3.200000 -2.112562e+01
2.500000 -3.100000 -2.709415e+01
2.500000 -3.000000 -3.597196e+01
2.500000 -2.900000 -5.001535e+01
2.500000 -2.800000 -7.447230e+01
2.500000 -2.700000 -1.250624e+02
2.500000 -2.600000 -2.803891e+02
2.500000 -2.500000 nan
2.500000 -2.400000 -2.756947e+02
2.500000 -2.300000 -1.152265e+02
2.500000 -2.200000 -5.849863e+01
2.500000 -2.100000 -2.610569e+01
2.500000 -2.000000 -9.755422e-01
2.500000 -1.900000 2.476172e+01
2.500000 -1.800000 5.939248e+01
2.500000 -1.700000 1.220385e+02
2.500000 -1.600000 3.031806e+02
2.500000 -1.500000 nan
2.500000 -1.400000 3.028831e+02
2.500000 -1.300000 1.213485e+02
2.500000 -1.200000 5.809625e+01
2.500000 -1.100000 2.246537e+01
2.500000 -1.000000 -4.979157e+00
2.500000 -0.900000 -3.314777e+01
2.500000 -0.800000 -7.137636e+01
2.500000 -0.700000 -1.411777e+02
2.500000 -0.600000 -3.443399e+02
2.500000 -0.500000 nan
2.500000 -0.400000 -3.429031e+02
2.500000 -0.300000 -1.381922e+02
2.500000 -0.200000 -6.659291e+01
2.500000 -0.100000 -2.611685e+01
2.500000 0.000000 5.086374e+00
2.500000 0.100000 3.700677e+01
2.500000 0.200000 8.005944e+01
2.500000 0.300000 1.581714e+02
2.500000 0.400000 3.844564e+02
2.500000 0.500000 nan
2.500000 0.600000 3.839875e+02
2.500000 0.700000 1.571289e+02
2.500000 0.800000 7.820902e+01
2.500000 0.900000 3.392166e+01
2.500000 1.000000 1.078648e-02
2.500000 1.100000 -3.458326e+01
2.500000 1.200000 -8.134432e+01
2.500000 1.300000 -1.666022e+02
2.500000 1.400000 -4.147832e+02
2.500000 1.500000 nan
2.500000 1.600000 -4.125793e+02
2.500000 1.700000 -1.620572e+02
2.500000 1.800000 -7.415644e+01
2.500000 1.900000 -2.421861e+01
2.500000 2.000000 1.446285e+01
2.500000 2.100000 5.407630e+01
2.500000 2.200000 1.072535e+02
2.500000 2.300000 2.028354e+02
2.500000 2.400000 4.767121e+02
2.500000 2.500000 nan
2.500000 2.600000 4.831973e+02
2.500000 2.700000 2.164258e+02
2.500000 2.800000 1.293294e+02
2.500000 2.900000 8.712769e+01
2.500000 3.000000 6.284807e+01
2.500000 3.100000 4.747508e+01
2.500000 3.200000 3.712644e+01
2.500000 3.300000 2.985150e+01
2.500000 3.400000 2.456431e+01
2.500000 3.500000 2.061554e+01
2.500000 3.600000 1.759646e+01
2.500000 3.700000 1.523967e+01
2.500000 3.800000 1.336499e+01
2.500000 3.900000 1.184805e+01
2.500000 4.000000 1.060122e+01
2.500000 4.100000 9.561696e+00
2.500000 4.200000 8.683721e+00
2.500000 4.300000 7.933470e+00
2.500000 4.400000 7.285589e+00
2.500000 4.500000 6.720822e+00
2.500000 4.600000 6.224355e+00
2.500000 4.700000 5.784654e+00
2.500000 4.800000 5.392629e+00
2.500000 4.900000 5.041036e+00
2.500000 5.000000 4.724038e+00

2.600000 -5.000000 -2.655376e+00
2.600000 -4.900000 -2.834126e+00
2.600000 -4.800000 -3.033500e+00
2.600000 -4.700000 -3.257113e+00
2.600000 -4.600000 -3.509450e+00
2.600000 -4.500000 -3.796129e+00
2.600000 -4.400000 -4.124257e+00
2.600000 -4.300000 -4.502918e+00
2.600000 -4.200000 -4.943847e+00
2.600000 -4.100000 -5.462378e+00
2.600000 -4.000000 -6.078785e+00
2.600000 -3.900000 -6.820208e+00
2.600000 -3.800000 -7.723481e+00
2.600000 -3.700000 -8.839337e+00
2.600000 -3.600000 -1.023884e+01
2.600000 -3.500000 -1.202348e+01
2.600000 -3.400000 -1.434164e+01
2.600000 -3.300000 -1.741650e+01
2.600000 -3.200000 -2.159633e+01
2.600000 -3.100000 -2.745074e+01
2.600000 -3.000000 -3.597123e+01
2.600000 -2.900000 -4.903197e+01
2.600000 -2.800000 -7.057790e+01
2.600000 -2.700000 -1.100276e+02
2.600000 -2.600000 -1.898554e+02
2.600000 -2.500000 -2.797960e+02
2.600000 -2.400000 -1.850383e+02
2.600000 -2.300000 -9.996777e+01
2.600000 -2.200000 -5.433490e+01
2.600000 -2.100000 -2.493192e+01
2.600000 -2.000000 -1.147823e+00
2.600000 -1.900000 2.314786e+01
2.600000 -1.800000 5.437060e+01
2.600000 -1.700000 1.043012e+02
2.600000 -1.600000 1.992143e+02
2.600000 -1.500000 3.048852e+02
2.600000 -1.400000 1.989095e+02
2.600000 -1.300000 1.036030e+02
2.600000 -1.200000 5.308094e+01
2.600000 -1.100000 2.090701e+01
2.600000 -1.000000 -4.971646e+00
2.600000 -0.900000 -3.148411e+01
2.600000 -0.800000 -6.585334e+01
2.600000 -0.700000 -1.213298e+02
2.600000 -0.600000 -2.274671e+02
2.600000 -0.500000 -3.457573e+02
2.600000 -0.400000 -2.259913e+02
2.600000 -0.300000 -1.182717e+02
2.600000 -0.200000 -6.097771e+01
2.600000 -0.100000 -2.437268e+01
2.600000 0.000000 5.091131e+00
2.600000 0.100000 3.518129e+01
2.600000 0.200000 7.395884e+01
2.600000 0.300000 1.361679e+02
2.600000 0.400000 2.546607e+02
2.600000 0.500000 3.866620e+02
2.600000 0.600000 2.541715e+02
2.600000 0.700000 1.350906e+02
2.600000 0.800000 7.207396e+01
2.600000 0.900000 3.209464e+01
2.600000 1.000000 1.203421e-01
2.600000 1.100000 -3.244445e+01
2.600000 1.200000 -7.448772e+01
2.600000 1.300000 -1.422351e+02
2.600000 1.400000 -2.718235e+02
2.600000 1.500000 -4.161942e+02
2.600000 1.600000 -2.695369e+02
2.600000 1.700000 -1.375285e+02
2.600000 1.800000 -6.706997e+01
2.600000 1.900000 -2.180790e+01
2.600000 2.000000 1.482142e+01
2.600000 2.100000 5.230261e+01
2.600000 2.200000 1.004318e+02
2.600000 2.300000 1.770259e+02
2.600000 2.400000 3.216577e+02
2.600000 2.500000 4.831973e+02
2.600000 2.600000 3.283299e+02
2.600000 2.700000 1.909612e+02
2.600000 2.800000 1.229347e+02
2.600000 2.900000 8.569307e+01
2.600000 3.000000 6.306775e+01
2.600000 3.100000 4.827856e+01
2.600000 3.200000 3.809932e+01
2.600000 3.300000 3.082012e+01
2.600000 3.400000 2.545682e+01
2.600000 3.500000 2.140673e+01
2.600000 3.600000 1.828303e+01
2.600000 3.700000 1.582834e+01
2.600000 3.800000 1.386651e+01
2.600000 3.900000 1.227414e+01
2.600000 4.000000 1.096317e+01
2.600000 4.100000 9.869679e+00
2.600000 4.200000 8.946584e+00
2.600000 4.300000 8.158741e+00
2.600000 4.400000 7.479585e+00
2.600000 4.500000 6.888792e+00
2.600000 4.600000 6.370637e+00
2.600000 4.700000 5.912820e+00
2.600000 4.800000 5.505616e+00
2.600000 4.900000 5.141256e+00
2.600000 5.000000 4.813476e+00

2.700000 -5.000000 -2.680919e+00
2.700000 -4.900000 -2.863563e+00
2.700000 -4.800000 -3.067495e+00
2.700000 -4.700000 -3.296437e+00
2.700000 -4.600000 -3.554993e+00
2.700000 -4.500000 -3.848899e+00
2.700000 -4.400000 -4.185369e+00
2.700000 -4.300000 -4.573557e+00
2.700000 -4.200000 -5.025190e+00
2.700000 -4.100000 -5.555443e+00
2.700000 -4.000000 -6.184147e+00
2.700000 -3.900000 -6.937510e+00
2.700000 -3.800000 -7.850569e+00
2.700000 -3.700000 -8.970761e+00
2.700000 -3.600000 -1.036323e+01
2.700000 -3.500000 -1.211887e+01
2.700000 -3.400000 -1.436689e+01
2.700000 -3.300000 -1.729501e+01
2.700000 -3.200000 -2.118294e+01
2.700000 -3.100000 -2.645979e+01
2.700000 -3.000000 -3.380370e+01
2.700000 -2.900000 -4.430817e+01
2.700000 -2.800000 -5.968717e+01
2.700000 -2.700000 -8.199403e+01
2.700000 -2.600000 -1.095995e+02
2.700000 -2.500000 -1.240635e+02
2.700000 -2.400000 -1.048905e+02
2.700000 -2.300000 -7.221301e+01
2.700000 -2.200000 -4.404643e+01
2.700000 -2.100000 -2.145414e+01
2.700000 -2.000000 -1.552397e+00
2.700000 -1.900000 1.866390e+01
2.700000 -1.800000 4.227859e+01
2.700000 -1.700000 7.234089e+01
2.700000 -1.600000 1.074372e+02
2.700000 -1.500000 1.267887e+02
2.700000 -1.400000 1.071731e+02
2.700000 -1.300000 7.174000e+01
2.700000 -1.200000 4.118145e+01
2.700000 -1.100000 1.679132e+01
2.700000 -1.000000 -4.661276e+00
2.700000 -0.900000 -2.655079e+01
2.700000 -0.800000 -5.233852e+01
2.700000 -0.700000 -8.544620e+01
2.700000 -0.600000 -1.242755e+02
2.700000 -0.500000 -1.454434e+02
2.700000 -0.400000 -1.228192e+02
2.700000 -0.300000 -8.244262e+01
2.700000 -0.200000 -4.759061e+01
2.700000 -0.100000 -1.972029e+01
2.700000 0.000000 4.796830e+00
2.700000 0.100000 2.974308e+01
2.700000 0.200000 5.898727e+01
2.700000 0.300000 9.634753e+01
2.700000 0.400000 1.400603e+02
2.700000 0.500000 1.641544e+02
2.700000 0.600000 1.396050e+02
2.700000 0.700000 9.535400e+01
2.700000 0.800000 5.727469e+01
2.700000 0.900000 2.699816e+01
2.700000 1.000000 5.089447e-01
2.700000 1.100000 -2.637230e+01
2.700000 1.200000 -5.791033e+01
2.700000 1.300000 -9.830707e+01
2.700000 1.400000 -1.456193e+02
2.700000 1.500000 -1.712715e+02
2.700000 1.600000 -1.433247e+02
2.700000 1.700000 -9.359961e+01
2.700000 1.800000 -5.053641e+01
2.700000 1.900000 -1.590369e+01
2.700000 2.000000 1.474749e+01
2.700000 2.100000 4.605346e+01
2.700000 2.200000 8.275347e+01
2.700000 2.300000 1.295376e+02
2.700000 2.400000 1.844239e+02
2.700000 2.500000 2.164258e+02
2.700000 2.600000 1.909612e+02
2.700000 2.700000 1.431169e+02
2.700000 2.800000 1.044695e+02
2.700000 2.900000 7.778572e+01
2.700000 3.000000 5.952570e+01
2.700000 3.100000 4.673567e+01
2.700000 3.200000 3.752901e+01
2.700000 3.300000 3.073383e+01
2.700000 3.400000 2.560733e+01
2.700000 3.500000 2.166446e+01
2.700000 3.600000 1.857927e+01
2.700000 3.700000 1.612710e+01
2.700000 3.800000 1.414977e+01
2.700000 3.900000 1.253389e+01
2.700000 4.000000 1.119681e+01
2.700000 4.100000 1.007754e+01
2.700000 4.200000 9.130427e+00
2.700000 4.300000 8.320946e+00
2.700000 4.400000 7.622689e+00
2.700000 4.500000 7.015249e+00
2.700000 4.600000 6.482699e+00
2.700000 4.700000 6.012491e+00
2.700000 4.800000 5.594643e+00
2.700000 4.900000 5.221144e+00
2.700000 5.000000 4.885508e+00

2.800000 -5.000000 -2.696474e+00
2.800000 -4.900000 -2.881269e+00
2.800000 -4.800000 -3.087608e+00
2.800000 -4.700000 -3.319208e+00
2.800000 -4.600000 -3.580637e+00
2.800000 -4.500000 -3.877548e+00
2.800000 -4.400000 -4.216990e+00
2.800000 -4.300000 -4.607826e+00
2.800000 -4.200000 -5.061286e+00
2.800000 -4.100000 -5.591712e+00
2.800000 -4.000000 -6.217578e+00
2.800000 -3.900000 -6.962888e+00
2.800000 -3.800000 -7.859101e+00
2.800000 -3.700000 -8.947845e+00
2.800000 -3.600000 -1.028473e+01
2.800000 -3.500000 -1.194480e+01
2.800000 -3.400000 -1.403036e+01
2.800000 -3.300000 -1.668217e+01
2.800000 -3.200000 -2.009499e+01
2.800000 -3.100000 -2.453737e+01
2.800000 -3.000000 -3.036882e+01
2.800000 -2.900000 -3.802219e+01
2.800000 -2.800000 -4.783277e+01
2.800000 -2.700000 -5.937384e+01
2.800000 -2.600000 -6.985309e+01
2.800000 -2.500000 -7.321580e+01
2.800000 -2.400000 -6.543484e+01
2.800000 -2.300000 -5.025867e+01
2.800000 -2.200000 -3.343272e+01
2.800000 -2.100000 -1.737784e+01
2.800000 -2.000000 -2.061244e+00
2.800000 -1.900000 1.338421e+01
2.800000 -1.800000 2.980334e+01
2.800000 -1.700000 4.709057e+01
2.800000 -1.600000 6.234130e+01
2.800000 -1.500000 6.884541e+01
2.800000 -1.400000 6.215367e+01
2.800000 -1.300000 4.666332e+01
2.800000 -1.200000 2.902591e+01
2.800000 -1.100000 1.207413e+01
2.800000 -1.000000 -4.176741e+00
2.800000 -0.900000 -2.067449e+01
2.800000 -0.800000 -3.835151e+01
2.800000 -0.700000 -5.707566e+01
2.800000 -0.600000 -7.356876e+01
2.800000 -0.500000 -8.027359e+01
2.800000 -0.400000 -7.217818e+01
2.800000 -0.300000 -5.422457e+01
2.800000 -0.200000 -3.389255e+01
2.800000 -0.100000 -1.436759e+01
2.800000 0.000000 4.332408e+00
2.800000 0.100000 2.327141e+01
2.800000 0.200000 4.349760e+01
2.800000 0.300000 6.487508e+01
2.800000 0.400000 8.377092e+01
2.800000 0.500000 9.179665e+01
2.800000 0.600000 8.339142e+01
2.800000 0.700000 6.405432e+01
2.800000 0.800000 4.210477e+01
2.800000 0.900000 2.109184e+01
2.800000 1.000000 1.046769e+00
2.800000 1.100000 -1.919956e+01
2.800000 1.200000 -4.079948e+01
2.800000 1.300000 -6.360056e+01
2.800000 1.400000 -8.360077e+01
2.800000 1.500000 -9.156389e+01
2.800000 1.600000 -8.136066e+01
2.800000 1.700000 -5.902391e+01
2.800000 1.800000 -3.368415e+01
2.800000 1.900000 -9.218840e+00
2.800000 2.000000 1.437166e+01
2.800000 2.100000 3.841779e+01
2.800000 2.200000 6.424811e+01
2.800000 2.300000 9.178746e+01
2.800000 2.400000 1.167879e+02
2.800000 2.500000 1.293294e+02
2.800000 2.600000 1.229347e+02
2.800000 2.700000 1.044695e+02
2.800000 2.800000 8.428498e+01
2.800000 2.900000 6.714629e+01
2.800000 3.000000 5.376799e+01
2.800000 3.100000 4.356199e+01
2.800000 3.200000 3.577573e+01
2.800000 3.300000 2.978460e+01
2.800000 3.400000 2.512170e+01
2.800000 3.500000 2.144801e+01
2.800000 3.600000 1.851824e+01
2.800000 3.700000 1.615394e+01
2.800000 3.800000 1.422408e+01
2.800000 3.900000 1.263153e+01
2.800000 4.000000 1.130353e+01
2.800000 4.100000 1.018509e+01
2.800000 4.200000 9.234248e+00
2.800000 4.300000 8.418718e+00
2.800000 4.400000 7.713428e+00
2.800000 4.500000 7.098755e+00
2.800000 4.600000 6.559210e+00
2.800000 4.700000 6.082473e+00
2.800000 4.800000 5.658662e+00
2.800000 4.900000 5.279792e+00
2.800000 5.000000 4.939357e+00

2.900000 -5.000000 -2.701883e+00
2.900000 -4.900000 -2.887091e+00
2.900000 -4.800000 -3.093711e+00
2.900000 -4.700000 -3.325348e+00
2.900000 -4.600000 -3.586401e+00
2.900000 -4.500000 -3.882264e+00
2.900000 -4.400000 -4.219596e+00
2.900000 -4.300000 -4.606670e+00
2.900000 -4.200000 -5.053827e+00
2.900000 -4.100000 -5.574070e+00
2.900000 -4.000000 -6.183847e+00
2.900000 -3.900000 -6.904082e+00
2.900000 -3.800000 -7.761534e+00
2.900000 -3.700000 -8.790576e+00
2.900000 -3.600000 -1.003552e+01
2.900000 -3.500000 -1.155354e+01
2.900000 -3.400000 -1.341824e+01
2.900000 -3.300000 -1.572341e+01
2.900000 -3.200000 -1.858541e+01
2.900000 -3.100000 -2.213988e+01
2.900000 -3.000000 -2.652081e+01
2.900000 -2.900000 -3.179385e+01
2.900000 -2.800000 -3.778845e+01
2.900000 -2.700000 -4.377284e+01
2.900000 -2.600000 -4.811319e+01
2.900000 -2.500000 -4.861508e+01
2.900000 -2.400000 -4.410636e+01
2.900000 -2.300000 -3.556704e+01
2.900000 -2.200000 -2.499234e+01
2.900000 -2.100000 -1.380954e+01
2.900000 -2.000000 -2.557001e+00
2.900000 -1.900000 8.701378e+00
2.900000 -1.800000 1.986137e+01
2.900000 -1.700000 3.024073e+01
2.900000 -1.600000 3.812408e+01
2.900000 -1.500000 4.113322e+01
2.900000 -1.400000 3.803355e+01
2.900000 -1.300000 3.002831e+01
2.900000 -1.200000 1.946346e+01
2.900000 -1.100000 8.022127e+00
2.900000 -1.000000 -3.639406e+00
2.900000 -0.900000 -1.541691e+01
2.900000 -0.800000 -2.717136e+01
2.900000 -0.700000 -3.811952e+01
2.900000 -0.600000 -4.631971e+01
2.900000 -0.500000 -4.908720e+01
2.900000 -0.400000 -4.502566e+01
2.900000 -0.300000 -3.548296e+01
2.900000 -0.200000 -2.309374e+01
2.900000 -0.100000 -9.747942e+00
2.900000 0.000000 3.819287e+00
2.900000 0.100000 1.749474e+01
2.900000 0.200000 3.113005e+01
2.900000 0.300000 4.386206e+01
2.900000 0.400000 5.354043e+01
2.900000 0.500000 5.718898e+01
2.900000 0.600000 5.326301e+01
2.900000 0.700000 4.326695e+01
2.900000 0.800000 3.013527e+01
2.900000 0.900000 1.597540e+01
2.900000 1.000000 1.611988e+00
2.900000 1.100000 -1.282188e+01
2.900000 1.200000 -2.715699e+01
2.900000 1.300000 -4.043765e+01
2.900000 1.400000 -5.029079e+01
2.900000 1.500000 -5.343268e+01
2.900000 1.600000 -4.815144e+01
2.900000 1.700000 -3.608572e+01
2.900000 1.800000 -2.044292e+01
2.900000 1.900000 -3.515188e+00
2.900000 2.000000 1.382381e+01
2.900000 2.100000 3.147149e+01
2.900000 2.200000 4.930102e+01
2.900000 2.300000 6.634418e+01
2.900000 2.400000 8.010689e+01
2.900000 2.500000 8.712769e+01
2.900000 2.600000 8.569307e+01
2.900000 2.700000 7.778572e+01
2.900000 2.800000 6.714629e+01
2.900000 2.900000 5.655870e+01
2.900000 3.000000 4.726379e+01
2.900000 3.100000 3.954299e+01
2.900000 3.200000 3.327490e+01
2.900000 3.300000 2.822266e+01
2.900000 3.400000 2.414801e+01
2.900000 3.500000 2.084685e+01
2.900000 3.600000 1.815477e+01
2.900000 3.700000 1.594269e+01
2.900000 3.800000 1.411031e+01
2.900000 3.900000 1.257988e+01
2.900000 4.000000 1.129105e+01
2.900000 4.100000 1.019687e+01
2.900000 4.200000 9.260609e+00
2.900000 4.300000 8.453384e+00
2.900000 4.400000 7.752374e+00
2.900000 4.500000 7.139432e+00
2.900000 4.600000 6.600036e+00
2.900000 4.700000 6.122497e+00
2.900000 4.800000 5.697342e+00
2.900000 4.900000 5.316850e+00
2.900000 5.000000 4.974682e+00

3.000000 -5.000000 -2.697231e+00
3.000000 -4.900000 -2.881182e+00
3.000000 -4.800000 -3.086056e+00
3.000000 -4.700000 -3.315262e+00
3.000000 -4.600000 -3.572918e+00
3.000000 -4.500000 -3.864021e+00
3.000000 -4.400000 -4.194665e+00
3.000000 -4.300000 -4.572316e+00
3.000000 -4.200000 -5.006154e+00
3.000000 -4.100000 -5.507511e+00
3.000000 -4.000000 -6.090415e+00
3.000000 -3.900000 -6.772261e+00
3.000000 -3.800000 -7.574632e+00
3.000000 -3.700000 -8.524252e+00
3.000000 -3.600000 -9.654034e+00
3.000000 -3.500000 -1.100405e+01
3.000000 -3.400000 -1.262200e+01
3.000000 -3.300000 -1.456229e+01
3.000000 -3.200000 -1.688161e+01
3.000000 -3.100000 -1.962691e+01
3.000000 -3.000000 -2.280796e+01
3.000000 -2.900000 -2.634263e+01
3.000000 -2.800000 -2.996504e+01
3.000000 -2.700000 -3.311778e+01
3.000000 -2.600000 -3.493665e+01
3.000000 -2.500000 -3.451134e+01
3.000000 -2.400000 -3.140126e+01
3.000000 -2.300000 -2.592951e+01
3.000000 -2.200000 -1.889506e+01
3.000000 -2.100000 -1.107001e+01
3.000000 -2.000000 -2.969168e+00
3.000000 -1.900000 5.073275e+00
3.000000 -1.800000 1.269216e+01
3.000000 -1.700000 1.927730e+01
3.000000 -1.600000 2.390203e+01
3.000000 -1.500000 2.559432e+01
3.000000 -1.400000 2.391482e+01
3.000000 -1.300000 1.928873e+01
3.000000 -1.200000 1.267617e+01
3.000000 -1.100000 4.998115e+00
3.000000 -1.000000 -3.126320e+00
3.000000 -0.900000 -1.129216e+01
3.000000 -0.800000 -1.906753e+01
3.000000 -0.700000 -2.575024e+01
3.000000 -0.600000 -3.028573e+01
3.000000 -0.500000 -3.157093e+01
3.000000 -0.400000 -2.910386e+01
3.000000 -0.300000 -2.335651e+01
3.000000 -0.200000 -1.540355e+01
3.000000 -0.100000 -6.276131e+00
3.000000 0.000000 3.334405e+00
3.000000 0.100000 1.297892e+01
3.000000 0.200000 2.218105e+01
3.000000 0.300000 3.016543e+01
3.000000 0.400000 3.576569e+01
3.000000 0.500000 3.776174e+01
3.000000 0.600000 3.560149e+01
3.000000 0.700000 2.981512e+01
3.000000 0.800000 2.160256e+01
3.000000 0.900000 1.211548e+01
3.000000 1.000000 2.127738e+00
3.000000 1.100000 -7.856765e+00
3.000000 1.200000 -1.730600e+01
3.000000 1.300000 -2.535926e+01
3.000000 1.400000 -3.072485e+01
3.000000 1.500000 -3.205037e+01
3.000000 1.600000 -2.871588e+01
3.000000 1.700000 -2.128897e+01
3.000000 1.800000 -1.107022e+01
3.000000 1.900000 6.978024e-01
3.000000 2.000000 1.319442e+01
3.000000 2.100000 2.590453e+01
3.000000 2.200000 3.829358e+01
3.000000 2.300000 4.948064e+01
3.000000 2.400000 5.812822e+01
3.000000 2.500000 6.284807e+01
3.000000 2.600000 6.306775e+01
3.000000 2.700000 5.952570e+01
3.000000 2.800000 5.376799e+01
3.000000 2.900000 4.726379e+01
3.000000 3.000000 4.095831e+01
3.000000 3.100000 3.529874e+01
3.000000 3.200000 3.041872e+01
3.000000 3.300000 2.629554e+01
3.000000 3.400000 2.284383e+01
3.000000 3.500000 1.996244e+01
3.000000 3.600000 1.755485e+01
3.000000 3.700000 1.553664e+01
3.000000 3.800000 1.383701e+01
3.000000 3.900000 1.239782e+01
3.000000 4.000000 1.117192e+01
3.000000 4.100000 1.012121e+01
3.000000 4.200000 9.215001e+00
3.000000 4.300000 8.428553e+00
3.000000 4.400000 7.741880e+00
3.000000 4.500000 7.138793e+00
3.000000 4.600000 6.606130e+00
3.000000 4.700000 6.133144e+00
3.000000 4.800000 5.711023e+00
3.000000 4.900000 5.332502e+00
3.000000 5.000000 4.991564e+00

3.100000 -5.000000 -2.682821e+00
3.100000 -4.900000 -2.863964e+00
3.100000 -4.800000 -3.065233e+00
3.100000 -4.700000 -3.289773e+00
3.100000 -4.600000 -3.541340e+00
3.100000 -4.500000 -3.824436e+00
3.100000 -4.400000 -4.144472e+00
3.100000 -4.300000 -4.507971e+00
3.100000 -4.200000 -4.922801e+00
3.100000 -4.100000 -5.398468e+00
3.100000 -4.000000 -5.946437e+00
3.100000 -3.900000 -6.580501e+00
3.100000 -3.800000 -7.317149e+00
3.100000 -3.700000 -8.175883e+00
3.100000 -3.600000 -9.179345e+00
3.100000 -3.500000 -1.035300e+01
3.100000 -3.400000 -1.172389e+01
3.100000 -3.300000 -1.331753e+01
3.100000 -3.200000 -1.515147e+01
3.100000 -3.100000 -1.722301e+01
3.100000 -3.000000 -1.948798e+01
3.100000 -2.900000 -2.182838e+01
3.100000 -2.800000 -2.401362e+01
3.100000 -2.700000 -2.567772e+01
3.100000 -2.600000 -2.635768e+01
3.100000 -2.500000 -2.563089e+01
3.100000 -2.400000 -2.330428e+01
3.100000 -2.300000 -1.951014e+01
3.100000 -2.200000 -1.462121e+01
3.100000 -2.100000 -9.076934e+00
3.100000 -2.000000 -3.270772e+00
3.100000 -1.900000 2.451481e+00
3.100000 -1.800000 7.724894e+00
3.100000 -1.700000 1.210093e+01
3.100000 -1.600000 1.505949e+01
3.100000 -1.500000 1.614498e+01
3.100000 -1.400000 1.517055e+01
3.100000 -1.300000 1.232136e+01
3.100000 -1.200000 8.054495e+00
3.100000 -1.100000 2.899177e+00
3.100000 -1.000000 -2.672669e+00
3.100000 -0.900000 -8.248693e+00
3.100000 -0.800000 -1.340014e+01
3.100000 -0.700000 -1.760814e+01
3.100000 -0.600000 -2.027627e+01
3.100000 -0.500000 -2.088283e+01
3.100000 -0.400000 -1.920997e+01
3.100000 -0.300000 -1.545949e+01
3.100000 -0.200000 -1.013980e+01
3.100000 -0.100000 -3.840714e+00
3.100000 0.000000 2.912684e+00
3.100000 0.100000 9.663324e+00
3.100000 0.200000 1.593745e+01
3.100000 0.300000 2.116224e+01
3.100000 0.400000 2.467922e+01
3.100000 0.500000 2.591331e+01
3.100000 0.600000 2.462722e+01
3.100000 0.700000 2.105003e+01
3.100000 0.800000 1.575156e+01
3.100000 0.900000 9.392070e+00
3.100000 1.000000 2.559603e+00
3.100000 1.100000 -4.233941e+00
3.100000 1.200000 -1.045916e+01
3.100000 1.300000 -1.547774e+01
3.100000 1.400000 -1.855649e+01
3.100000 1.500000 -1.905267e+01
3.100000 1.600000 -1.669322e+01
3.100000 1.700000 -1.171569e+01
3.100000 1.800000 -4.729313e+00
3.100000 1.900000 3.561135e+00
3.100000 2.000000 1.253523e+01
3.100000 2.100000 2.166254e+01
3.100000 2.200000 3.040103e+01
3.100000 2.300000 3.809752e+01
3.100000 2.400000 4.400320e+01
3.100000 2.500000 4.747508e+01
3.100000 2.600000 4.827856e+01
3.100000 2.700000 4.673567e+01
3.100000 2.800000 4.356199e+01
3.100000 2.900000 3.954299e+01
3.100000 3.000000 3.529874e+01
3.100000 3.100000 3.121806e+01
3.100000 3.200000 2.749767e+01
3.100000 3.300000 2.420858e+01
3.100000 3.400000 2.135140e+01
3.100000 3.500000 1.889267e+01
3.100000 3.600000 1.678584e+01
3.100000 3.700000 1.498225e+01
3.100000 3.800000 1.343634e+01
3.100000 3.900000 1.210773e+01
3.100000 4.000000 1.096172e+01
3.100000 4.100000 9.968991e+00
3.100000 4.200000 9.105063e+00
3.100000 4.300000 8.349591e+00
3.100000 4.400000 7.685720e+00
3.100000 4.500000 7.099499e+00
3.100000 4.600000 6.579371e+00
3.100000 4.700000 6.115745e+00
3.100000 4.800000 5.700644e+00
3.100000 4.900000 5.327413e+00
3.100000 5.000000 4.990477e+00

3.200000 -5.000000 -2.659149e+00
3.200000 -4.900000 -2.836089e+00
3.200000 -4.800000 -3.032109e+00
3.200000 -4.700000 -3.250041e+00
3.200000 -4.600000 -3.493225e+00
3.200000 -4.500000 -3.765609e+00
3.200000 -4.400000 -4.071859e+00
3.200000 -4.300000 -4.417495e+00
3.200000 -4.200000 -4.809034e+00
3.200000 -4.100000 -5.254145e+00
3.200000 -4.000000 -5.761801e+00
3.200000 -3.900000 -6.342405e+00
3.200000 -3.800000 -7.007830e+00
3.200000 -3.700000 -7.771305e+00
3.200000 -3.600000 -8.646988e+00
3.200000 -3.500000 -9.648984e+00
3.200000 -3.400000 -1.078940e+01
3.200000 -3.300000 -1.207485e+01
3.200000 -3.200000 -1.350048e+01
3.200000 -3.100000 -1.504068e+01
3.200000 -3.000000 -1.663577e+01
3.200000 -2.900000 -1.817618e+01
3.200000 -2.800000 -1.948981e+01
3.200000 -2.700000 -2.034504e+01
3.200000 -2.600000 -2.048502e+01
3.200000 -2.500000 -1.969693e+01
3.200000 -2.400000 -1.788984e+01
3.200000 -2.300000 -1.513265e+01
3.200000 -2.200000 -1.162693e+01
3.200000 -2.100000 -7.641996e+00
3.200000 -2.000000 -3.461878e+00
3.200000 -1.900000 6.303512e-01
3.200000 -1.800000 4.341009e+00
3.200000 -1.700000 7.356654e+00
3.200000 -1.600000 9.367526e+00
3.200000 -1.500000 1.013365e+01
3.200000 -1.400000 9.564552e+00
3.200000 -1.300000 7.756807e+00
3.200000 -1.200000 4.959511e+00
3.200000 -1.100000 1.498092e+00
3.200000 -1.000000 -2.287420e+00
3.200000 -0.900000 -6.060950e+00
3.200000 -0.800000 -9.477426e+00
3.200000 -0.700000 -1.217213e+01
3.200000 -0.600000 -1.378658e+01
3.200000 -0.500000 -1.404243e+01
3.200000 -0.400000 -1.283076e+01
3.200000 -0.300000 -1.025389e+01
3.200000 -0.200000 -6.586303e+00
3.200000 -0.100000 -2.188520e+00
3.200000 0.000000 2.562701e+00
3.200000 0.100000 7.295632e+00
3.200000 0.200000 1.162932e+01
3.200000 0.300000 1.516164e+01
3.200000 0.400000 1.749785e+01
3.200000 0.500000 1.833254e+01
3.200000 0.600000 1.754874e+01
3.200000 0.700000 1.526434e+01
3.200000 0.800000 1.178855e+01
3.200000 0.900000 7.526166e+00
3.200000 1.000000 2.899900e+00
3.200000 1.100000 -1.673391e+00
3.200000 1.200000 -5.766911e+00
3.200000 1.300000 -8.930404e+00
3.200000 1.400000 -1.072114e+01
3.200000 1.500000 -1.079362e+01
3.200000 1.600000 -9.008146e+00
3.200000 1.700000 -5.481456e+00
3.200000 1.800000 -5.383302e-01
3.200000 1.900000 5.394225e+00
3.200000 2.000000 1.187301e+01
3.200000 2.100000 1.846535e+01
3.200000 2.200000 2.473208e+01
3.200000 2.300000 3.021262e+01
3.200000 2.400000 3.445789e+01
3.200000 2.500000 3.712644e+01
3.200000 2.600000 3.809932e+01
3.200000 2.700000 3.752901e+01
3.200000 2.800000 3.577573e+01
3.200000 2.900000 3.327490e+01
3.200000 3.000000 3.041872e+01
3.200000 3.100000 2.749767e+01
3.200000 3.200000 2.469548e+01
3.200000 3.300000 2.211080e+01
3.200000 3.400000 1.978438e+01
3.200000 3.500000 1.772177e+01
3.200000 3.600000 1.590929e+01
3.200000 3.700000 1.432421e+01
3.200000 3.800000 1.294068e+01
3.200000 3.900000 1.173303e+01
3.200000 4.000000 1.067742e+01
3.200000 4.100000 9.752548e+00
3.200000 4.200000 8.939773e+00
3.200000 4.300000 8.223056e+00
3.200000 4.400000 7.588701e+00
3.200000 4.500000 7.025084e+00
3.200000 4.600000 6.522367e+00
3.200000 4.700000 6.072231e+00
3.200000 4.800000 5.667646e+00
3.200000 4.900000 5.302661e+00
3.200000 5.000000 4.972230e+00

3.300000 -5.000000 -2.626862e+00
3.300000 -4.900000 -2.798395e+00
3.300000 -4.800000 -2.987768e+00
3.300000 -4.700000 -3.197475e+00
3.300000 -4.600000 -3.430414e+00
3.300000 -4.500000 -3.689954e+00
3.300000 -4.400000 -3.980007e+00
3.300000 -4.300000 -4.305094e+00
3.300000 -4.200000 -4.670422e+00
3.300000 -4.100000 -5.081933e+00
3.300000 -4.000000 -5.546326e+00
3.300000 -3.900000 -6.071011e+00
3.300000 -3.800000 -6.663947e+00
3.300000 -3.700000 -7.333278e+00
3.300000 -3.600000 -8.086648e+00
3.300000 -3.500000 -8.930004e+00
3.300000 -3.400000 -9.865625e+00
3.300000 -3.300000 -1.088905e+01
3.300000 -3.200000 -1.198457e+01
3.300000 -3.100000 -1.311915e+01
3.300000 -3.000000 -1.423522e+01
3.300000 -2.900000 -1.524417e+01
3.300000 -2.800000 -1.602449e+01
3.300000 -2.700000 -1.643012e+01
3.300000 -2.600000 -1.631366e+01
3.300000 -2.500000 -1.556222e+01
3.300000 -2.400000 -1.413297e+01
3.300000 -2.300000 -1.207065e+01
3.300000 -2.200000 -9.498725e+00
3.300000 -2.100000 -6.593031e+00
3.300000 -2.000000 -3.555542e+00
3.300000 -1.900000 -5.993468e-01
3.300000 -1.800000 2.057127e+00
3.300000 -1.700000 4.197583e+00
3.300000 -1.600000 5.627840e+00
3.300000 -1.500000 6.209581e+00
3.300000 -1.400000 5.894914e+00
3.300000 -1.300000 4.741918e+00
3.300000 -1.200000 2.901433e+00
3.300000 -1.100000 5.849493e-01
3.300000 -1.000000 -1.966636e+00
3.300000 -0.900000 -4.500917e+00
3.300000 -0.800000 -6.760913e+00
3.300000 -0.700000 -8.493519e+00
3.300000 -0.600000 -9.471845e+00
3.300000 -0.500000 -9.532962e+00
3.300000 -0.400000 -8.616544e+00
3.300000 -0.300000 -6.782111e+00
3.300000 -0.200000 -4.193934e+00
3.300000 -0.100000 -1.084668e+00
3.300000 0.000000 2.280030e+00
3.300000 0.100000 5.621843e+00
3.300000 0.200000 8.657700e+00
3.300000 0.300000 1.110920e+01
3.300000 0.400000 1.272736e+01
3.300000 0.500000 1.333453e+01
3.300000 0.600000 1.286722e+01
3.300000 0.700000 1.139521e+01
3.300000 0.800000 9.104759e+00
3.300000 0.900000 6.258134e+00
3.300000 1.000000 3.154267e+00
3.300000 1.100000 1.061404e-01
3.300000 1.200000 -2.567898e+00
3.300000 1.300000 -4.554340e+00
3.300000 1.400000 -5.571504e+00
3.300000 1.500000 -5.415304e+00
3.300000 1.600000 -4.006106e+00
3.300000 1.700000 -1.409456e+00
3.300000 1.800000 2.182725e+00
3.300000 1.900000 6.496911e+00
3.300000 2.000000 1.122149e+01
3.300000 2.100000 1.603175e+01
3.300000 2.200000 2.059923e+01
3.300000 2.300000 2.460231e+01
3.300000 2.400000 2.775436e+01
3.300000 2.500000 2.985150e+01
3.300000 2.600000 3.082012e+01
3.300000 2.700000 3.073383e+01
3.300000 2.800000 2.978460e+01
3.300000 2.900000 2.822266e+01
3.300000 3.000000 2.629554e+01
3.300000 3.100000 2.420858e+01
3.300000 3.200000 2.211080e+01
3.300000 3.300000 2.009822e+01
3.300000 3.400000 1.822503e+01
3.300000 3.500000 1.651599e+01
3.300000 3.600000 1.497685e+01
3.300000 3.700000 1.360204e+01
3.300000 3.800000 1.237996e+01
3.300000 3.900000 1.129627e+01
3.300000 4.000000 1.033600e+01
3.300000 4.100000 9.484620e+00
3.300000 4.200000 8.728706e+00
3.300000 4.300000 8.056154e+00
3.300000 4.400000 7.456260e+00
3.300000 4.500000 6.919665e+00
3.300000 4.600000 6.438246e+00
3.300000 4.700000 6.004991e+00
3.300000 4.800000 5.613858e+00
3.300000 4.900000 5.259655e+00
3.300000 5.000000 4.937916e+00

3.400000 -5.000000 -2.586730e+00
3.400000 -4.900000 -2.751851e+00
3.400000 -4.800000 -2.933441e+00
3.400000 -4.700000 -3.133644e+00
3.400000 -4.600000 -3.354914e+00
3.400000 -4.500000 -3.600050e+00
3.400000 -4.400000 -3.872231e+00
3.400000 -4.300000 -4.175040e+00
3.400000 -4.200000 -4.512478e+00
3.400000 -4.100000 -4.888943e+00
3.400000 -4.000000 -5.309162e+00
3.400000 -3.900000 -5.778047e+00
3.400000 -3.800000 -6.300418e+00
3.400000 -3.700000 -6.880541e+00
3.400000 -3.600000 -7.521383e+00
3.400000 -3.500000 -8.223470e+00
3.400000 -3.400000 -8.983210e+00
3.400000 -3.300000 -9.790551e+00
3.400000 -3.200000 -1.062594e+01
3.400000 -3.100000 -1.145677e+01
3.400000 -3.000000 -1.223398e+01
3.400000 -2.900000 -1.289017e+01
3.400000 -2.800000 -1.334136e+01
3.400000 -2.700000 -1.349482e+01
3.400000 -2.600000 -1.326377e+01
3.400000 -2.500000 -1.258668e+01
3.400000 -2.400000 -1.144507e+01
3.400000 -2.300000 -9.872505e+00
3.400000 -2.200000 -7.951714e+00
3.400000 -2.100000 -5.802840e+00
3.400000 -2.000000 -3.569309e+00
3.400000 -1.900000 -1.406103e+00
3.400000 -1.800000 5.295148e-01
3.400000 -1.700000 2.088355e+00
3.400000 -1.600000 3.144067e+00
3.400000 -1.500000 3.611718e+00
3.400000 -1.400000 3.464464e+00
3.400000 -1.300000 2.740806e+00
3.400000 -1.200000 1.538925e+00
3.400000 -1.100000 1.531983e-03
3.400000 -1.000000 -1.701431e+00
3.400000 -0.900000 -3.386916e+00
3.400000 -0.800000 -4.869746e+00
3.400000 -0.700000 -5.974502e+00
3.400000 -0.600000 -6.552191e+00
3.400000 -0.500000 -6.501088e+00
3.400000 -0.400000 -5.785380e+00
3.400000 -0.300000 -4.443198e+00
3.400000 -0.200000 -2.580085e+00
3.400000 -0.100000 -3.518103e-01
3.400000 0.000000 2.055228e+00
3.400000 0.100000 4.439997e+00
3.400000 0.200000 6.599202e+00
3.400000 0.300000 8.340569e+00
3.400000 0.400000 9.501375e+00
3.400000 0.500000 9.971583e+00
3.400000 0.600000 9.714535e+00
3.400000 0.700000 8.775842e+00
3.400000 0.800000 7.276112e+00
3.400000 0.900000 5.391832e+00
3.400000 1.000000 3.333603e+00
3.400000 1.100000 1.328415e+00
3.400000 1.200000 -3.939880e-01
3.400000 1.300000 -1.615640e+00
3.400000 1.400000 -2.150596e+00
3.400000 1.500000 -1.870210e+00
3.400000 1.600000 -7.257201e-01
3.400000 1.700000 1.242151e+00
3.400000 1.800000 3.911332e+00
3.400000 1.900000 7.099527e+00
3.400000 2.000000 1.058815e+01
3.400000 2.100000 1.414167e+01
3.400000 2.200000 1.752210e+01
3.400000 2.300000 2.050413e+01
3.400000 2.400000 2.289588e+01
3.400000 2.500000 2.456431e+01
3.400000 2.600000 2.545682e+01
3.400000 2.700000 2.560733e+01
3.400000 2.800000 2.512170e+01
3.400000 2.900000 2.414801e+01
3.400000 3.000000 2.284383e+01
3.400000 3.100000 2.135140e+01
3.400000 3.200000 1.978438e+01
3.400000 3.300000 1.822503e+01
3.400000 3.400000 1.672745e+01
3.400000 3.500000 1.532350e+01
3.400000 3.600000 1.402891e+01
3.400000 3.700000 1.284851e+01
3.400000 3.800000 1.178021e+01
3.400000 3.900000 1.081788e+01
3.400000 4.000000 9.953336e+00
3.400000 4.100000 9.177533e+00
3.400000 4.200000 8.481399e+00
3.400000 4.300000 7.856265e+00
3.400000 4.400000 7.294112e+00
3.400000 4.500000 6.787673e+00
3.400000 4.600000 6.330455e+00
3.400000 4.700000 5.916711e+00
3.400000 4.800000 5.541385e+00
3.400000 4.900000 5.200052e+00
3.400000 5.000000 4.888843e+00

3.500000 -5.000000 -2.539600e+00
3.500000 -4.900000 -2.697515e+00
3.500000 -4.800000 -2.870447e+00
3.500000 -4.700000 -3.060200e+00
3.500000 -4.600000 -3.268798e+00
3.500000 -4.500000 -3.498501e+00
3.500000 -4.400000 -3.751810e+00
3.500000 -4.300000 -4.031460e+00
3.500000 -4.200000 -4.340389e+00
3.500000 -4.100000 -4.681673e+00
3.500000 -4.000000 -5.058410e+00
3.500000 -3.900000 -5.473520e+00
3.500000 -3.800000 -5.929435e+00
3.500000 -3.700000 -6.427627e+00
3.500000 -3.600000 -6.967928e+00
3.500000 -3.500000 -7.547564e+00
3.500000 -3.400000 -8.159872e+00
3.500000 -3.300000 -8.792673e+00
3.500000 -3.200000 -9.426404e+00
3.500000 -3.100000 -1.003225e+01
3.500000 -3.000000 -1.057086e+01
3.500000 -2.900000 -1.099246e+01
3.500000 -2.800000 -1.123947e+01
3.500000 -2.700000 -1.125252e+01
3.500000 -2.600000 -1.097965e+01
3.500000 -2.500000 -1.038719e+01
3.500000 -2.400000 -9.469284e+00
3.500000 -2.300000 -8.252857e+00
3.500000 -2.200000 -6.796628e+00
3.500000 -2.100000 -5.185218e+00
3.500000 -2.000000 -3.520853e+00
3.500000 -1.900000 -1.914762e+00
3.500000 -1.800000 -4.787492e-01
3.500000 -1.700000 6.838887e-01
3.500000 -1.600000 1.488814e+00
3.500000 -1.500000 1.881636e+00
3.500000 -1.400000 1.846801e+00
3.500000 -1.300000 1.411346e+00
3.500000 -1.200000 6.421141e-01
3.500000 -1.100000 -3.622931e-01
3.500000 -1.000000 -1.481960e+00
3.500000 -0.900000 -2.586138e+00
3.500000 -0.800000 -3.543251e+00
3.500000 -0.700000 -4.231428e+00
3.500000 -0.600000 -4.550410e+00
3.500000 -0.500000 -4.433959e+00
3.500000 -0.400000 -3.859840e+00
3.500000 -0.300000 -2.853980e+00
3.500000 -0.200000 -1.487270e+00
3.500000 -0.100000 1.335786e-01
3.500000 0.000000 1.877853e+00
3.500000 0.100000 3.602667e+00
3.500000 0.200000 5.164220e+00
3.500000 0.300000 6.429567e+00
3.500000 0.400000 7.289888e+00
3.500000 0.500000 7.674278e+00
3.500000 0.600000 7.560834e+00
3.500000 0.700000 6.981273e+00
3.500000 0.800000 6.017363e+00
3.500000 0.900000 4.790777e+00
3.500000 1.000000 3.449987e+00
3.500000 1.100000 2.157167e+00
3.500000 1.200000 1.075798e+00
3.500000 1.300000 3.577428e-01
3.500000 1.400000 1.287244e-01
3.500000 1.500000 4.732466e-01
3.500000 1.600000 1.422484e+00
3.500000 1.700000 2.949276e+00
3.500000 1.800000 4.972081e+00
3.500000 1.900000 7.366100e+00
3.500000 2.000000 9.977552e+00
3.500000 2.100000 1.263775e+01
3.500000 2.200000 1.517619e+01
3.500000 2.300000 1.743382e+01
3.500000 2.400000 1.927768e+01
3.500000 2.500000 2.061554e+01
3.500000 2.600000 2.140673e+01
3.500000 2.700000 2.166446e+01
3.500000 2.800000 2.144801e+01
3.500000 2.900000 2.084685e+01
3.500000 3.000000 1.996244e+01
3.500000 3.100000 1.889267e+01
3.500000 3.200000 1.772177e+01
3.500000 3.300000 1.651599e+01
3.500000 3.400000 1.532350e+01
3.500000 3.500000 1.417660e+01
3.500000 3.600000 1.309504e+01
3.500000 3.700000 1.208918e+01
3.500000 3.800000 1.116282e+01
3.500000 3.900000 1.031538e+01
3.500000 4.000000 9.543596e+00
3.500000 4.100000 8.842623e+00
3.500000 4.200000 8.206881e+00
3.500000 4.300000 7.630557e+00
3.500000 4.400000 7.107940e+00
3.500000 4.500000 6.633616e+00
3.500000 4.600000 6.202573e+00
3.500000 4.700000 5.810239e+00
3.500000 4.800000 5.452498e+00
3.500000 4.900000 5.125667e+00
3.500000 5.000000 4.826470e+00

3.600000 -5.000000 -2.486369e+00
3.600000 -4.900000 -2.636482e+00
3.600000 -4.800000 -2.800132e+00
3.600000 -4.700000 -2.978800e+00
3.600000 -4.600000 -3.174109e+00
3.600000 -4.500000 -3.387827e+00
3.600000 -4.400000 -3.621850e+00
3.600000 -4.300000 -3.878173e+00
3.600000 -4.200000 -4.158832e+00
3.600000 -4.100000 -4.465818e+00
3.600000 -4.000000 -4.800932e+00
3.600000 -3.900000 -5.165580e+00
3.600000 -3.800000 -5.560465e+00
3.600000 -3.700000 -5.985169e+00
3.600000 -3.600000 -6.437580e+00
3.600000 -3.500000 -6.913146e+00
3.600000 -3.400000 -7.403968e+00
3.600000 -3.300000 -7.897748e+00
3.600000 -3.200000 -8.376742e+00
3.600000 -3.100000 -8.816921e+00
3.600000 -3.000000 -9.187741e+00
3.600000 -2.900000 -9.453010e+00
3.600000 -2.800000 -9.573334e+00
3.600000 -2.700000 -9.510419e+00
3.600000 -2.600000 -9.232904e+00
3.600000 -2.500000 -8.722735e+00
3.600000 -2.400000 -7.980505e+00
3.600000 -2.300000 -7.028279e+00
3.600000 -2.200000 -5.909173e+00
3.600000 -2.100000 -4.684006e+00
3.600000 -2.000000 -3.426054e+00
3.600000 -1.900000 -2.214876e+00
3.600000 -1.800000 -1.129711e+00
3.600000 -1.700000 -2.424690e-01
3.600000 -1.600000 3.895557e-01
3.600000 -1.500000 7.305550e-01
3.600000 -1.400000 7.713633e-01
3.600000 -1.300000 5.315489e-01
3.600000 -1.200000 5.783675e-02
3.600000 -1.100000 -5.806531e-01
3.600000 -1.000000 -1.299149e+00
3.600000 -0.900000 -2.004814e+00
3.600000 -0.800000 -2.604650e+00
3.600000 -0.700000 -3.013693e+00
3.600000 -0.600000 -3.163395e+00
3.600000 -0.500000 -3.009461e+00
3.600000 -0.400000 -2.537684e+00
3.600000 -0.300000 -1.766294e+00
3.600000 -0.200000 -7.441597e-01
3.600000 -0.100000 4.545977e-01
3.600000 0.000000 1.738222e+00
3.600000 0.100000 3.005867e+00
3.600000 0.200000 4.156471e+00
3.600000 0.300000 5.097920e+00
3.600000 0.400000 5.756408e+00
3.600000 0.500000 6.085152e+00
3.600000 0.600000 6.070887e+00
3.600000 0.700000 5.736478e+00
3.600000 0.800000 5.138931e+00
3.600000 0.900000 4.363417e+00
3.600000 1.000000 3.514843e+00
3.600000 1.100000 2.708399e+00
3.600000 1.200000 2.059787e+00
3.600000 1.300000 1.675134e+00
3.600000 1.400000 1.640732e+00
3.600000 1.500000 2.013478e+00
3.600000 1.600000 2.813756e+00
3.600000 1.700000 4.022559e+00
3.600000 1.800000 5.583636e+00
3.600000 1.900000 7.409946e+00
3.600000 2.000000 9.392714e+00
3.600000 2.100000 1.141145e+01
3.600000 2.200000 1.334413e+01
3.600000 2.300000 1.507748e+01
3.600000 2.400000 1.651709e+01
3.600000 2.500000 1.759646e+01
3.600000 2.600000 1.828303e+01
3.600000 2.700000 1.857927e+01
3.600000 2.800000 1.851824e+01
3.600000 2.900000 1.815477e+01
3.600000 3.000000 1.755485e+01
3.600000 3.100000 1.678584e+01
3.600000 3.200000 1.590929e+01
3.600000 3.300000 1.497685e+01
3.600000 3.400000 1.402891e+01
3.600000 3.500000 1.309504e+01
3.600000 3.600000 1.219549e+01
3.600000 3.700000 1.134297e+01
3.600000 3.800000 1.054455e+01
3.600000 3.900000 9.803142e+00
3.600000 4.000000 9.118843e+00
3.600000 4.100000 8.489880e+00
3.600000 4.200000 7.913345e+00
3.600000 4.300000 7.385707e+00
3.600000 4.400000 6.903166e+00
3.600000 4.500000 6.461888e+00
3.600000 4.600000 6.058156e+00
3.600000 4.700000 5.688458e+00
3.600000 4.800000 5.349535e+00
3.600000 4.900000 5.038402e+00
3.600000 5.000000 4.752347e+00

3.700000 -5.000000 -2.427943e+00
3.700000 -4.900000 -2.569849e+00
3.700000 -4.800000 -2.723826e+00
3.700000 -4.700000 -2.891054e+00
3.700000 -4.600000 -3.072797e+00
3.700000 -4.500000 -3.270387e+00
3.700000 -4.400000 -3.485195e+00
3.700000 -4.300000 -3.718593e+00
3.700000 -4.200000 -3.971878e+00
3.700000 -4.100000 -4.246178e+00
3.700000 -4.000000 -4.542309e+00
3.700000 -3.900000 -4.860573e+00
3.700000 -3.800000 -5.200493e+00
3.700000 -3.700000 -5.560459e+00
3.700000 -3.600000 -5.937283e+00
3.700000 -3.500000 -6.325663e+00
3.700000 -3.400000 -6.717573e+00
3.700000 -3.300000 -7.101640e+00
3.700000 -3.200000 -7.462619e+00
3.700000 -3.100000 -7.781134e+00
3.700000 -3.000000 -8.033932e+00
3.700000 -2.900000 -8.194901e+00
3.700000 -2.800000 -8.237077e+00
3.700000 -2.700000 -8.135655e+00
3.700000 -2.600000 -7.871720e+00
3.700000 -2.500000 -7.436095e+00
3.700000 -2.400000 -6.832444e+00
3.700000 -2.300000 -6.078890e+00
3.700000 -2.200000 -5.207713e+00
3.700000 -2.100000 -4.263237e+00
3.700000 -2.000000 -3.298318e+00
3.700000 -1.900000 -2.369957e+00
3.700000 -1.800000 -1.534402e+00
3.700000 -1.700000 -8.420237e-01
3.700000 -1.600000 -3.322517e-01
3.700000 -1.500000 -2.911125e-02
3.700000 -1.400000 6.195247e-02
3.700000 -1.300000 -4.469946e-02
3.700000 -1.200000 -3.159136e-01
3.700000 -1.100000 -7.028020e-01
3.700000 -1.000000 -1.145295e+00
3.700000 -0.900000 -1.577582e+00
3.700000 -0.800000 -1.934004e+00
3.700000 -0.700000 -2.155108e+00
3.700000 -0.600000 -2.193530e+00
3.700000 -0.500000 -2.019141e+00
3.700000 -0.400000 -1.622687e+00
3.700000 -0.300000 -1.017204e+00
3.700000 -0.200000 -2.368843e-01
3.700000 -0.100000 6.663636e-01
3.700000 0.000000 1.628037e+00
3.700000 0.100000 2.577153e+00
3.700000 0.200000 3.442858e+00
3.700000 0.300000 4.161197e+00
3.700000 0.400000 4.681682e+00
3.700000 0.500000 4.973036e+00
3.700000 0.600000 5.027239e+00
3.700000 0.700000 4.861117e+00
3.700000 0.800000 4.515088e+00
3.700000 0.900000 4.049358e+00
3.700000 1.000000 3.538255e+00
3.700000 1.100000 3.063472e+00
3.700000 1.200000 2.706779e+00
3.700000 1.300000 2.542564e+00
3.700000 1.400000 2.630604e+00
3.700000 1.500000 3.009742e+00
3.700000 1.600000 3.693415e+00
3.700000 1.700000 4.667863e+00
3.700000 1.800000 5.893412e+00
3.700000 1.900000 7.308502e+00
3.700000 2.000000 8.835677e+00
3.700000 2.100000 1.038865e+01
3.700000 2.200000 1.187978e+01
3.700000 2.300000 1.322764e+01
3.700000 2.400000 1.436398e+01
3.700000 2.500000 1.523967e+01
3.700000 2.600000 1.582834e+01
3.700000 2.700000 1.612710e+01
3.700000 2.800000 1.615394e+01
3.700000 2.900000 1.594269e+01
3.700000 3.000000 1.553664e+01
3.700000 3.100000 1.498225e+01
3.700000 3.200000 1.432421e+01
3.700000 3.300000 1.360204e+01
3.700000 3.400000 1.284851e+01
3.700000 3.500000 1.208918e+01
3.700000 3.600000 1.134297e+01
3.700000 3.700000 1.062304e+01
3.700000 3.800000 9.937898e+00
3.700000 3.900000 9.292458e+00
3.700000 4.000000 8.688971e+00
3.700000 4.100000 8.127786e+00
3.700000 4.200000 7.607961e+00
3.700000 4.300000 7.127718e+00
3.700000 4.400000 6.684780e+00
3.700000 4.500000 6.276619e+00
3.700000 4.600000 5.900616e+00
3.700000 4.700000 5.554180e+00
3.700000 4.800000 5.234817e+00
3.700000 4.900000 4.940172e+00
3.700000 5.000000 4.668056e+00

3.800000 -5.000000 -2.365218e+00
3.800000 -4.900000 -2.498686e+00
3.800000 -4.800000 -2.642803e+00
3.800000 -4.700000 -2.798481e+00
3.800000 -4.600000 -2.966668e+00
3.800000 -4.500000 -3.148320e+00
3.800000 -4.400000 -3.344369e+00
3.800000 -4.300000 -3.555675e+00
3.800000 -4.200000 -3.782950e+00
3.800000 -4.100000 -4.026663e+00
3.800000 -4.000000 -4.286908e+00
3.800000 -3.900000 -4.563224e+00
3.800000 -3.800000 -4.854381e+00
3.800000 -3.700000 -5.158093e+00
3.800000 -3.600000 -5.470700e+00
3.800000 -3.500000 -5.786790e+00
3.800000 -3.400000 -6.098826e+00
3.800000 -3.300000 -6.396810e+00
3.800000 -3.200000 -6.668069e+00
3.800000 -3.100000 -6.897301e+00
3.800000 -3.000000 -7.067001e+00
3.800000 -2.900000 -7.158408e+00
3.800000 -2.800000 -7.153048e+00
3.800000 -2.700000 -7.034828e+00
3.800000 -2.600000 -6.792451e+00
3.800000 -2.500000 -6.421790e+00
3.800000 -2.400000 -5.927733e+00
3.800000 -2.300000 -5.325086e+00
3.800000 -2.200000 -4.638292e+00
3.800000 -2.100000 -3.899979e+00
3.800000 -2.000000 -3.148526e+00
3.800000 -1.900000 -2.424938e+00
3.800000 -1.800000 -1.769307e+00
3.800000 -1.700000 -1.217149e+00
3.800000 -1.600000 -7.958865e-01
3.800000 -1.500000 -5.218724e-01
3.800000 -1.400000 -3.983595e-01
3.800000 -1.300000 -4.147598e-01
3.800000 -1.200000 -5.473560e-01
3.800000 -1.100000 -7.613768e-01
3.800000 -1.000000 -1.014156e+00
3.800000 -0.900000 -1.259021e+00
3.800000 -0.800000 -1.449578e+00
3.800000 -0.700000 -1.544079e+00
3.800000 -0.600000 -1.509551e+00
3.800000 -0.500000 -1.325268e+00
3.800000 -0.400000 -9.851222e-01
3.800000 -0.300000 -4.985014e-01
3.800000 -0.200000 1.104752e-01
3.800000 -0.100000 8.052744e-01
3.800000 0.000000 1.540488e+00
3.800000 0.100000 2.266191e+00
3.800000 0.200000 2.932736e+00
3.800000 0.300000 3.495641e+00
3.800000 0.400000 3.920199e+00
3.800000 0.500000 4.185351e+00
3.800000 0.600000 4.286331e+00
3.800000 0.700000 4.235659e+00
3.800000 0.800000 4.062293e+00
3.800000 0.900000 3.809074e+00
3.800000 1.000000 3.528810e+00
3.800000 1.100000 3.279457e+00
3.800000 1.200000 3.118828e+00
3.800000 1.300000 3.099189e+00
3.800000 1.400000 3.262176e+00
3.800000 1.500000 3.634494e+00
3.800000 1.600000 4.224965e+00
3.800000 1.700000 5.023365e+00
3.800000 1.800000 6.001238e+00
3.800000 1.900000 7.114540e+00
3.800000 2.000000 8.307704e+00
3.800000 2.100000 9.518598e+00
3.800000 2.200000 1.068392e+01
3.800000 2.300000 1.174456e+01
3.800000 2.400000 1.265055e+01
3.800000 2.500000 1.336499e+01
3.800000 2.600000 1.386651e+01
3.800000 2.700000 1.414977e+01
3.800000 2.800000 1.422408e+01
3.800000 2.900000 1.411031e+01
3.800000 3.000000 1.383701e+01
3.800000 3.100000 1.343634e+01
3.800000 3.200000 1.294068e+01
3.800000 3.300000 1.237996e+01
3.800000 3.400000 1.178021e+01
3.800000 3.500000 1.116282e+01
3.800000 3.600000 1.054455e+01
3.800000 3.700000 9.937898e+00
3.800000 3.800000 9.351710e+00
3.800000 3.900000 8.791839e+00
3.800000 4.000000 8.261794e+00
3.800000 4.100000 7.763307e+00
3.800000 4.200000 7.296811e+00
3.800000 4.300000 6.861822e+00
3.800000 4.400000 6.457242e+00
3.800000 4.500000 6.081583e+00
3.800000 4.600000 5.733131e+00
3.800000 4.700000 5.410074e+00
3.800000 4.800000 5.110579e+00
3.800000 4.900000 4.832850e+00
3.800000 5.000000 4.575168e+00

3.900000 -5.000000 -2.299055e+00
3.900000 -4.900000 -2.424004e+00
3.900000 -4.800000 -2.558250e+00
3.900000 -4.700000 -2.702473e+00
3.900000 -4.600000 -2.857348e+00
3.900000 -4.500000 -3.023516e+00
3.900000 -4.400000 -3.201550e+00
3.900000 -4.300000 -3.391904e+00
3.900000 -4.200000 -3.594840e+00
3.900000 -4.100000 -3.810344e+00
3.900000 -4.000000 -4.038003e+00
3.900000 -3.900000 -4.276866e+00
3.900000 -3.800000 -4.525264e+00
3.900000 -3.700000 -4.780604e+00
3.900000 -3.600000 -5.039137e+00
3.900000 -3.500000 -5.295721e+00
3.900000 -3.400000 -5.543604e+00
3.900000 -3.300000 -5.774267e+00
3.900000 -3.200000 -5.977401e+00
3.900000 -3.100000 -6.141076e+00
3.900000 -3.000000 -6.252204e+00
3.900000 -2.900000 -6.297328e+00
3.900000 -2.800000 -6.263785e+00
3.900000 -2.700000 -6.141146e+00
3.900000 -2.600000 -5.922807e+00
3.900000 -2.500000 -5.607473e+00
3.900000 -2.400000 -5.200258e+00
3.900000 -2.300000 -4.713179e+00
3.900000 -2.200000 -4.164874e+00
3.900000 -2.100000 -3.579550e+00
3.900000 -2.000000 -2.985252e+00
3.900000 -1.900000 -2.411636e+00
3.900000 -1.800000 -1.887439e+00
3.900000 -1.700000 -1.437875e+00
3.900000 -1.600000 -1.082196e+00
3.900000 -1.500000 -8.316752e-01
3.900000 -1.400000 -6.882734e-01
3.900000 -1.300000 -6.441905e-01
3.900000 -1.200000 -6.823895e-01
3.900000 -1.100000 -7.780528e-01
3.900000 -1.000000 -9.008121e-01
3.900000 -0.900000 -1.017525e+00
3.900000 -0.800000 -1.095356e+00
3.900000 -0.700000 -1.104896e+00
3.900000 -0.600000 -1.023062e+00
3.900000 -0.500000 -8.354833e-01
3.900000 -0.400000 -5.380785e-01
3.900000 -0.300000 -1.376259e-01
3.900000 -0.200000 3.487882e-01
3.900000 -0.100000 8.953764e-01
3.900000 0.000000 1.470135e+00
3.900000 0.100000 2.037947e+00
3.900000 0.200000 2.564019e+00
3.900000 0.300000 3.017374e+00
3.900000 0.400000 3.374083e+00
3.900000 0.500000 3.619929e+00
3.900000 0.600000 3.752171e+00
3.900000 0.700000 3.780185e+00
3.900000 0.800000 3.724860e+00
3.900000 0.900000 3.616819e+00
3.900000 1.000000 3.493672e+00
3.900000 1.100000 3.396585e+00
3.900000 1.200000 3.366467e+00
3.900000 1.300000 3.440108e+00
3.900000 1.400000 3.646588e+00
3.900000 1.500000 4.004301e+00
3.900000 1.600000 4.518957e+00
3.900000 1.700000 5.182788e+00
3.900000 1.800000 5.975092e+00
3.900000 1.900000 6.864025e+00
3.900000 2.000000 7.809399e+00
3.900000 2.100000 8.766173e+00
3.900000 2.200000 9.688286e+00
3.900000 2.300000 1.053247e+01
3.900000 2.400000 1.126173e+01
3.900000 2.500000 1.184805e+01
3.900000 2.600000 1.227414e+01
3.900000 2.700000 1.253389e+01
3.900000 2.800000 1.263153e+01
3.900000 2.900000 1.257988e+01
3.900000 3.000000 1.239782e+01
3.900000 3.100000 1.210773e+01
3.900000 3.200000 1.173303e+01
3.900000 3.300000 1.129627e+01
3.900000 3.400000 1.081788e+01
3.900000 3.500000 1.031538e+01
3.900000 3.600000 9.803142e+00
3.900000 3.700000 9.292458e+00
3.900000 3.800000 8.791839e+00
3.900000 3.900000 8.307392e+00
3.900000 4.000000 7.843251e+00
3.900000 4.100000 7.401970e+00
3.900000 4.200000 6.984893e+00
3.900000 4.300000 6.592454e+00
3.900000 4.400000 6.224428e+00
3.900000 4.500000 5.880133e+00
3.900000 4.600000 5.558584e+00
3.900000 4.700000 5.258604e+00
3.900000 4.800000 4.978921e+00
3.900000 4.900000 4.718222e+00
3.900000 5.000000 4.475199e+00

4.000000 -5.000000 -2.230263e+00
4.000000 -4.900000 -2.346741e+00
4.000000 -4.800000 -2.471254e+00
4.000000 -4.700000 -2.604282e+00
4.000000 -4.600000 -2.746270e+00
4.000000 -4.500000 -2.897604e+00
4.000000 -4.400000 -3.058571e+00
4.000000 -4.300000 -3.229310e+00
4.000000 -4.200000 -3.409753e+00
4.000000 -4.100000 -3.599543e+00
4.000000 -4.000000 -3.797937e+00
4.000000 -3.900000 -4.003693e+00
4.000000 -3.800000 -4.214935e+00
4.000000 -3.700000 -4.429000e+00
4.000000 -3.600000 -4.642293e+00
4.000000 -3.500000 -4.850135e+00
4.000000 -3.400000 -5.046655e+00
4.000000 -3.300000 -5.224749e+00
4.000000 -3.200000 -5.376143e+00
4.000000 -3.100000 -5.491617e+00
4.000000 -3.000000 -5.561419e+00
4.000000 -2.900000 -5.575905e+00
4.000000 -2.800000 -5.526391e+00
4.000000 -2.700000 -5.406151e+00
4.000000 -2.600000 -5.211473e+00
4.000000 -2.500000 -4.942587e+00
4.000000 -2.400000 -4.604334e+00
4.000000 -2.300000 -4.206406e+00
4.000000 -2.200000 -3.763080e+00
4.000000 -2.100000 -3.292430e+00
4.000000 -2.000000 -2.815082e+00
4.000000 -1.900000 -2.352614e+00
4.000000 -1.800000 -1.925751e+00
4.000000 -1.700000 -1.552528e+00
4.000000 -1.600000 -1.246582e+00
4.000000 -1.500000 -1.015783e+00
4.000000 -1.400000 -8.613411e-01
4.000000 -1.300000 -7.775323e-01
4.000000 -1.200000 -7.520997e-01
4.000000 -1.100000 -7.672939e-01
4.000000 -1.000000 -8.014627e-01
4.000000 -0.900000 -8.310363e-01
4.000000 -0.800000 -8.327304e-01
4.000000 -0.700000 -7.857687e-01
4.000000 -0.600000 -6.739227e-01
4.000000 -0.500000 -4.871629e-01
4.000000 -0.400000 -2.227356e-01
4.000000 -0.300000 1.144704e-01
4.000000 -0.200000 5.123259e-01
4.000000 -0.100000 9.525986e-01
4.000000 0.000000 1.412713e+00
4.000000 0.100000 1.867959e+00
4.000000 0.200000 2.293946e+00
4.000000 0.300000 2.669082e+00
4.000000 0.400000 2.976848e+00
4.000000 0.500000 3.207642e+00
4.000000 0.600000 3.359979e+00
4.000000 0.700000 3.440904e+00
4.000000 0.800000 3.465551e+00
4.000000 0.900000 3.455885e+00
4.000000 1.000000 3.438746e+00
4.000000 1.100000 3.443406e+00
4.000000 1.200000 3.498839e+00
4.000000 1.300000 3.630965e+00
4.000000 1.400000 3.860106e+00
4.000000 1.500000 4.198910e+00
4.000000 1.600000 4.650962e+00
4.000000 1.700000 5.210240e+00
4.000000 1.800000 5.861488e+00
4.000000 1.900000 6.581443e+00
4.000000 2.000000 7.340796e+00
4.000000 2.100000 8.106645e+00
4.000000 2.200000 8.845211e+00
4.000000 2.300000 9.524556e+00
4.000000 2.400000 1.011703e+01
4.000000 2.500000 1.060122e+01
4.000000 2.600000 1.096317e+01
4.000000 2.700000 1.119681e+01
4.000000 2.800000 1.130353e+01
4.000000 2.900000 1.129105e+01
4.000000 3.000000 1.117192e+01
4.000000 3.100000 1.096172e+01
4.000000 3.200000 1.067742e+01
4.000000 3.300000 1.033600e+01
4.000000 3.400000 9.953336e+00
4.000000 3.500000 9.543596e+00
4.000000 3.600000 9.118843e+00
4.000000 3.700000 8.688971e+00
4.000000 3.800000 8.261794e+00
4.000000 3.900000 7.843251e+00
4.000000 4.000000 7.437664e+00
4.000000 4.100000 7.048015e+00
4.000000 4.200000 6.676201e+00
4.000000 4.300000 6.323270e+00
4.000000 4.400000 5.989624e+00
4.000000 4.500000 5.675184e+00
4.000000 4.600000 5.379528e+00
4.000000 4.700000 5.101996e+00
4.000000 4.800000 4.841773e+00
4.000000 4.900000 4.597953e+00
4.000000 5.000000 4.369584e+00

4.100000 -5.000000 -2.159588e+00
4.100000 -4.900000 -2.267751e+00
4.100000 -4.800000 -2.382786e+00
4.100000 -4.700000 -2.505006e+00
4.100000 -4.600000 -2.634669e+00
4.100000 -4.500000 -2.771956e+00
4.100000 -4.400000 -2.916932e+00
4.100000 -4.300000 -3.069505e+00
4.100000 -4.200000 -3.229369e+00
4.100000 -4.100000 -3.395941e+00
4.100000 -4.000000 -3.568279e+00
4.100000 -3.900000 -3.744999e+00
4.100000 -3.800000 -3.924171e+00
4.100000 -3.700000 -4.103220e+00
4.100000 -3.600000 -4.278832e+00
4.100000 -3.500000 -4.446868e+00
4.100000 -3.400000 -4.602330e+00
4.100000 -3.300000 -4.739377e+00
4.100000 -3.200000 -4.851429e+00
4.100000 -3.100000 -4.931394e+00
4.100000 -3.000000 -4.972020e+00
4.100000 -2.900000 -4.966396e+00
4.100000 -2.800000 -4.908567e+00
4.100000 -2.700000 -4.794236e+00
4.100000 -2.600000 -4.621455e+00
4.100000 -2.500000 -4.391223e+00
4.100000 -2.400000 -4.107877e+00
4.100000 -2.300000 -3.779195e+00
4.100000 -2.200000 -3.416150e+00
4.100000 -2.100000 -3.032318e+00
4.100000 -2.000000 -2.642960e+00
4.100000 -1.900000 -2.263877e+00
4.100000 -1.800000 -1.910118e+00
4.100000 -1.700000 -1.594682e+00
4.100000 -1.600000 -1.327323e+00
4.100000 -1.500000 -1.113608e+00
4.100000 -1.400000 -9.543165e-01
4.100000 -1.300000 -8.452779e-01
4.100000 -1.200000 -7.776768e-01
4.100000 -1.100000 -7.388070e-01
4.100000 -1.000000 -7.132120e-01
4.100000 -0.900000 -6.841063e-01
4.100000 -0.800000 -6.349491e-01
4.100000 -0.700000 -5.510253e-01
4.100000 -0.600000 -4.208840e-01
4.100000 -0.500000 -2.374908e-01
4.100000 -0.400000 1.032866e-03
4.100000 -0.300000 2.911693e-01
4.100000 -0.200000 6.243025e-01
4.100000 -0.100000 9.875314e-01
4.100000 0.000000 1.364923e+00
4.100000 0.100000 1.739084e+00
4.100000 0.200000 2.092912e+00
4.100000 0.300000 2.411351e+00
4.100000 0.400000 2.682992e+00
4.100000 0.500000 2.901360e+00
4.100000 0.600000 3.065733e+00
4.100000 0.700000 3.181416e+00
4.100000 0.800000 3.259406e+00
4.100000 0.900000 3.315489e+00
4.100000 1.000000 3.368853e+00
4.100000 1.100000 3.440329e+00
4.100000 1.200000 3.550444e+00
4.100000 1.300000 3.717458e+00
4.100000 1.400000 3.955553e+00
4.100000 1.500000 4.273376e+00
4.100000 1.600000 4.673062e+00
4.100000 1.700000 5.149854e+00
4.100000 1.800000 5.692361e+00
4.100000 1.900000 6.283419e+00
4.100000 2.000000 6.901459e+00
4.100000 2.100000 7.522250e+00
4.100000 2.200000 8.120827e+00
4.100000 2.300000 8.673418e+00
4.100000 2.400000 9.159201e+00
4.100000 2.500000 9.561696e+00
4.100000 2.600000 9.869679e+00
4.100000 2.700000 1.007754e+01
4.100000 2.800000 1.018509e+01
4.100000 2.900000 1.019687e+01
4.100000 3.000000 1.012121e+01
4.100000 3.100000 9.968991e+00
4.100000 3.200000 9.752548e+00
4.100000 3.300000 9.484620e+00
4.100000 3.400000 9.177533e+00
4.100000 3.500000 8.842623e+00
4.100000 3.600000 8.489880e+00
4.100000 3.700000 8.127786e+00
4.100000 3.800000 7.763307e+00
4.100000 3.900000 7.401970e+00
4.100000 4.000000 7.048015e+00
4.100000 4.100000 6.704568e+00
4.100000 4.200000 6.373821e+00
4.100000 4.300000 6.057206e+00
4.100000 4.400000 5.755548e+00
4.100000 4.500000 5.469207e+00
4.100000 4.600000 5.198184e+00
4.100000 4.700000 4.942221e+00
4.100000 4.800000 4.700872e+00
4.100000 4.900000 4.473567e+00
4.100000 5.000000 4.259654e+00

4.200000 -5.000000 -2.087706e+00
4.200000 -4.900000 -2.187795e+00
4.200000 -4.800000 -2.293698e+00
4.200000 -4.700000 -2.405591e+00
4.200000 -4.600000 -2.523584e+00
4.200000 -4.500000 -2.647698e+00
4.200000 -4.400000 -2.777832e+00
4.200000 -4.300000 -2.913727e+00
4.200000 -4.200000 -3.054918e+00
4.200000 -4.100000 -3.200684e+00
4.200000 -4.000000 -3.349982e+00
4.200000 -3.900000 -3.501388e+00
4.200000 -3.800000 -3.653021e+00
4.200000 -3.700000 -3.802483e+00
4.200000 -3.600000 -3.946797e+00
4.200000 -3.500000 -4.082379e+00
4.200000 -3.400000 -4.205031e+00
4.200000 -3.300000 -4.309994e+00
4.200000 -3.200000 -4.392069e+00
4.200000 -3.100000 -4.445816e+00
4.200000 -3.000000 -4.465844e+00
4.200000 -2.900000 -4.447195e+00
4.200000 -2.800000 -4.385794e+00
4.200000 -2.700000 -4.278930e+00
4.200000 -2.600000 -4.125721e+00
4.200000 -2.500000 -3.927492e+00
4.200000 -2.400000 -3.688003e+00
4.200000 -2.300000 -3.413472e+00
4.200000 -2.200000 -3.112361e+00
4.200000 -2.100000 -2.794916e+00
4.200000 -2.000000 -2.472502e+00
4.200000 -1.900000 -2.156764e+00
4.200000 -1.800000 -1.858709e+00
4.200000 -1.700000 -1.587784e+00
4.200000 -1.600000 -1.351035e+00
4.200000 -1.500000 -1.152460e+00
4.200000 -1.400000 -9.925975e-01
4.200000 -1.300000 -8.684376e-01
4.200000 -1.200000 -7.736520e-01
4.200000 -1.100000 -6.991456e-01
4.200000 -1.000000 -6.338776e-01
4.200000 -0.900000 -5.658813e-01
4.200000 -0.800000 -4.833886e-01
4.200000 -0.700000 -3.759550e-01
4.200000 -0.600000 -2.354766e-01
4.200000 -0.500000 -5.699797e-02
4.200000 -0.400000 1.607760e-01
4.200000 -0.300000 4.153228e-01
4.200000 -0.200000 7.005233e-01
4.200000 -0.100000 1.007246e+00
4.200000 0.000000 1.324244e+00
4.200000 0.100000 1.639273e+00
4.200000 0.200000 1.940338e+00
4.200000 0.300000 2.216940e+00
4.200000 0.400000 2.461203e+00
4.200000 0.500000 2.668769e+00
4.200000 0.600000 2.839372e+00
4.200000 0.700000 2.977002e+00
4.200000 0.800000 3.089666e+00
4.200000 0.900000 3.188727e+00
4.200000 1.000000 3.287910e+00
4.200000 1.100000 3.402045e+00
4.200000 1.200000 3.545668e+00
4.200000 1.300000 3.731624e+00
4.200000 1.400000 3.969777e+00
4.200000 1.500000 4.265979e+00
4.200000 1.600000 4.621375e+00
4.200000 1.700000 5.032143e+00
4.200000 1.800000 5.489667e+00
4.200000 1.900000 5.981149e+00
4.200000 2.000000 6.490572e+00
4.200000 2.100000 6.999941e+00
4.200000 2.200000 7.490651e+00
4.200000 2.300000 7.944874e+00
4.200000 2.400000 8.346813e+00
4.200000 2.500000 8.683721e+00
4.200000 2.600000 8.946584e+00
4.200000 2.700000 9.130427e+00
4.200000 2.800000 9.234248e+00
4.200000 2.900000 9.260609e+00
4.200000 3.000000 9.215001e+00
4.200000 3.100000 9.105063e+00
4.200000 3.200000 8.939773e+00
4.200000 3.300000 8.728706e+00
4.200000 3.400000 8.481399e+00
4.200000 3.500000 8.206881e+00
4.200000 3.600000 7.913345e+00
4.200000 3.700000 7.607961e+00
4.200000 3.800000 7.296811e+00
4.200000 3.900000 6.984893e+00
4.200000 4.000000 6.676201e+00
4.200000 4.100000 6.373821e+00
4.200000 4.200000 6.080057e+00
4.200000 4.300000 5.796551e+00
4.200000 4.400000 5.524397e+00
4.200000 4.500000 5.264256e+00
4.200000 4.600000 5.016437e+00
4.200000 4.700000 4.780988e+00
4.200000 4.800000 4.557753e+00
4.200000 4.900000 4.346433e+00
4.200000 5.000000 4.146622e+00

4.300000 -5.000000 -2.015220e+00
4.300000 -4.900000 -2.107540e+00
4.300000 -4.800000 -2.204725e+00
4.300000 -4.700000 -2.306838e+00
4.300000 -4.600000 -2.413874e+00
4.300000 -4.500000 -2.525733e+00
4.300000 -4.400000 -2.642196e+00
4.300000 -4.300000 -2.762890e+00
4.300000 -4.200000 -2.887251e+00
4.300000 -4.100000 -3.014484e+00
4.300000 -4.000000 -3.143518e+00
4.300000 -3.900000 -3.272956e+00
4.300000 -3.800000 -3.401027e+00
4.300000 -3.700000 -3.525554e+00
4.300000 -3.600000 -3.643916e+00
4.300000 -3.500000 -3.753049e+00
4.300000 -3.400000 -3.849461e+00
4.300000 -3.300000 -3.929303e+00
4.300000 -3.200000 -3.988478e+00
4.300000 -3.100000 -4.022817e+00
4.300000 -3.000000 -4.028312e+00
4.300000 -2.900000 -4.001404e+00
4.300000 -2.800000 -3.939306e+00
4.300000 -2.700000 -3.840344e+00
4.300000 -2.600000 -3.704262e+00
4.300000 -2.500000 -3.532465e+00
4.300000 -2.400000 -3.328144e+00
4.300000 -2.300000 -3.096255e+00
4.300000 -2.200000 -2.843341e+00
4.300000 -2.100000 -2.577178e+00
4.300000 -2.000000 -2.306276e+00
4.300000 -1.900000 -2.039280e+00
4.300000 -1.800000 -1.784300e+00
4.300000 -1.700000 -1.548260e+00
4.300000 -1.600000 -1.336309e+00
4.300000 -1.500000 -1.151361e+00
4.300000 -1.400000 -9.938290e-01
4.300000 -1.300000 -8.615650e-01
4.300000 -1.200000 -7.500426e-01
4.300000 -1.100000 -6.527588e-01
4.300000 -1.000000 -5.618274e-01
4.300000 -0.900000 -4.687123e-01
4.300000 -0.800000 -3.650318e-01
4.300000 -0.700000 -2.433600e-01
4.300000 -0.600000 -9.794828e-02
4.300000 -0.500000 7.470723e-02
4.300000 -0.400000 2.755090e-01
4.300000 -0.300000 5.026547e-01
4.300000 -0.200000 7.518014e-01
4.300000 -0.100000 1.016487e+00
4.300000 0.000000 1.288772e+00
4.300000 0.100000 1.560037e+00
4.300000 0.200000 1.821869e+00
4.300000 0.300000 2.066949e+00
4.300000 0.400000 2.289842e+00
4.300000 0.500000 2.487626e+00
4.300000 0.600000 2.660288e+00
4.300000 0.700000 2.810830e+00
4.300000 0.800000 2.945080e+00
4.300000 0.900000 3.071225e+00
4.300000 1.000000 3.199081e+00
4.300000 1.100000 3.339197e+00
4.300000 1.200000 3.501854e+00
4.300000 1.300000 3.696059e+00
4.300000 1.400000 3.928634e+00
4.300000 1.500000 4.203471e+00
4.300000 1.600000 4.521053e+00
4.300000 1.700000 4.878255e+00
4.300000 1.800000 5.268478e+00
4.300000 1.900000 5.682074e+00
4.300000 2.000000 6.107039e+00
4.300000 2.100000 6.529891e+00
4.300000 2.200000 6.936656e+00
4.300000 2.300000 7.313857e+00
4.300000 2.400000 7.649431e+00
4.300000 2.500000 7.933470e+00
4.300000 2.600000 8.158741e+00
4.300000 2.700000 8.320946e+00
4.300000 2.800000 8.418718e+00
4.300000 2.900000 8.453384e+00
4.300000 3.000000 8.428553e+00
4.300000 3.100000 8.349591e+00
4.300000 3.200000 8.223056e+00
4.300000 3.300000 8.056154e+00
4.300000 3.400000 7.856265e+00
4.300000 3.500000 7.630557e+00
4.300000 3.600000 7.385707e+00
4.300000 3.700000 7.127718e+00
4.300000 3.800000 6.861822e+00
4.300000 3.900000 6.592454e+00
4.300000 4.000000 6.323270e+00
4.300000 4.100000 6.057206e+00
4.300000 4.200000 5.796551e+00
4.300000 4.300000 5.543031e+00
4.300000 4.400000 5.297896e+00
4.300000 4.500000 5.061995e+00
4.300000 4.600000 4.835858e+00
4.300000 4.700000 4.619754e+00
4.300000 4.800000 4.413750e+00
4.300000 4.900000 4.217760e+00
4.300000 5.000000 4.031578e+00

4.400000 -5.000000 -1.942658e+00
4.400000 -4.900000 -2.027563e+00
4.400000 -4.800000 -2.116486e+00
4.400000 -4.700000 -2.209406e+00
4.400000 -4.600000 -2.306228e+00
4.400000 -4.500000 -2.406766e+00
4.400000 -4.400000 -2.510717e+00
4.400000 -4.300000 -2.617636e+00
4.400000 -4.200000 -2.726909e+00
4.400000 -4.100000 -2.837715e+00
4.400000 -4.000000 -2.948998e+00
4.400000 -3.900000 -3.059434e+00
4.400000 -3.800000 -3.167396e+00
4.400000 -3.700000 -3.270942e+00
4.400000 -3.600000 -3.367796e+00
4.400000 -3.500000 -3.455363e+00
4.400000 -3.400000 -3.530759e+00
4.400000 -3.300000 -3.590882e+00
4.400000 -3.200000 -3.632510e+00
4.400000 -3.100000 -3.652446e+00
4.400000 -3.000000 -3.647707e+00
4.400000 -2.900000 -3.615732e+00
4.400000 -2.800000 -3.554623e+00
4.400000 -2.700000 -3.463377e+00
4.400000 -2.600000 -3.342092e+00
4.400000 -2.500000 -3.192118e+00
4.400000 -2.400000 -3.016123e+00
4.400000 -2.300000 -2.818053e+00
4.400000 -2.200000 -2.602983e+00
4.400000 -2.100000 -2.376839e+00
4.400000 -2.000000 -2.146038e+00
4.400000 -1.900000 -1.917038e+00
4.400000 -1.800000 -1.695864e+00
4.400000 -1.700000 -1.487639e+00
4.400000 -1.600000 -1.296165e+00
4.400000 -1.500000 -1.123611e+00
4.400000 -1.400000 -9.703186e-01
4.400000 -1.300000 -8.347832e-01
4.400000 -1.200000 -7.137836e-01
4.400000 -1.100000 -6.026807e-01
4.400000 -1.000000 -4.958467e-01
4.400000 -0.900000 -3.871930e-01
4.400000 -0.800000 -2.707467e-01
4.400000 -0.700000 -1.412226e-01
4.400000 -0.600000 5.464587e-03
4.400000 -0.500000 1.717994e-01
4.400000 -0.400000 3.584166e-01
4.400000 -0.300000 5.640330e-01
4.400000 -0.200000 7.855691e-01
4.400000 -0.100000 1.018453e+00
4.400000 0.000000 1.257081e+00
4.400000 0.100000 1.495385e+00
4.400000 0.200000 1.727468e+00
4.400000 0.300000 1.948226e+00
4.400000 0.400000 2.153911e+00
4.400000 0.500000 2.342573e+00
4.400000 0.600000 2.514326e+00
4.400000 0.700000 2.671422e+00
4.400000 0.800000 2.818103e+00
4.400000 0.900000 2.960260e+00
4.400000 1.000000 3.104908e+00
4.400000 1.100000 3.259537e+00
4.400000 1.200000 3.431397e+00
4.400000 1.300000 3.626774e+00
4.400000 1.400000 3.850338e+00
4.400000 1.500000 4.104619e+00
4.400000 1.600000 4.389652e+00
4.400000 1.700000 4.702851e+00
4.400000 1.800000 5.039092e+00
4.400000 1.900000 5.391024e+00
4.400000 2.000000 5.749565e+00
4.400000 2.100000 6.104524e+00
4.400000 2.200000 6.445318e+00
4.400000 2.300000 6.761687e+00
4.400000 2.400000 7.044356e+00
4.400000 2.500000 7.285589e+00
4.400000 2.600000 7.479585e+00
4.400000 2.700000 7.622689e+00
4.400000 2.800000 7.713428e+00
4.400000 2.900000 7.752374e+00
4.400000 3.000000 7.741880e+00
4.400000 3.100000 7.685720e+00
4.400000 3.200000 7.588701e+00
4.400000 3.300000 7.456260e+00
4.400000 3.400000 7.294112e+00
4.400000 3.500000 7.107940e+00
4.400000 3.600000 6.903166e+00
4.400000 3.700000 6.684780e+00
4.400000 3.800000 6.457242e+00
4.400000 3.900000 6.224428e+00
4.400000 4.000000 5.989624e+00
4.400000 4.100000 5.755548e+00
4.400000 4.200000 5.524397e+00
4.400000 4.300000 5.297896e+00
4.400000 4.400000 5.077357e+00
4.400000 4.500000 4.863746e+00
4.400000 4.600000 4.657731e+00
4.400000 4.700000 4.459739e+00
4.400000 4.800000 4.270003e+00
4.400000 4.900000 4.088600e+00
4.400000 5.000000 3.915483e+00

4.500000 -5.000000 -1.870476e+00
4.500000 -4.900000 -1.948352e+00
4.500000 -4.800000 -2.029499e+00
4.500000 -4.700000 -2.113832e+00
4.500000 -4.600000 -2.201190e+00
4.500000 -4.500000 -2.291326e+00
4.500000 -4.400000 -2.383885e+00
4.500000 -4.300000 -2.478385e+00
4.500000 -4.200000 -2.574188e+00
4.500000 -4.100000 -2.670485e+00
4.500000 -4.000000 -2.766268e+00
4.500000 -3.900000 -2.860305e+00
4.500000 -3.800000 -2.951132e+00
4.500000 -3.700000 -3.037036e+00
4.500000 -3.600000 -3.116060e+00
4.500000 -3.500000 -3.186022e+00
4.500000 -3.400000 -3.244551e+00
4.500000 -3.300000 -3.289150e+00
4.500000 -3.200000 -3.317287e+00
4.500000 -3.100000 -3.326508e+00
4.500000 -3.000000 -3.314586e+00
4.500000 -2.900000 -3.279675e+00
4.500000 -2.800000 -3.220488e+00
4.500000 -2.700000 -3.136453e+00
4.500000 -2.600000 -3.027852e+00
4.500000 -2.500000 -2.895917e+00
4.500000 -2.400000 -2.742856e+00
4.500000 -2.300000 -2.571809e+00
4.500000 -2.200000 -2.386722e+00
4.500000 -2.100000 -2.192138e+00
4.500000 -2.000000 -1.992921e+00
4.500000 -1.900000 -1.793933e+00
4.500000 -1.800000 -1.599686e+00
4.500000 -1.700000 -1.414006e+00
4.500000 -1.600000 -1.239738e+00
4.500000 -1.500000 -1.078524e+00
4.500000 -1.400000 -9.306741e-01
4.500000 -1.300000 -7.951544e-01
4.500000 -1.200000 -6.696910e-01
4.500000 -1.100000 -5.509865e-01
4.500000 -1.000000 -4.350328e-01
4.500000 -0.900000 -3.174910e-01
4.500000 -0.800000 -1.941058e-01
4.500000 -0.700000 -6.111431e-02
4.500000 -0.600000 8.438944e-02
4.500000 -0.500000 2.441704e-01
4.500000 -0.400000 4.186780e-01
4.500000 -0.300000 6.070012e-01
4.500000 -0.200000 8.069578e-01
4.500000 -0.100000 1.015315e+00
4.500000 0.000000 1.228116e+00
4.500000 0.100000 1.441092e+00
4.500000 0.200000 1.650106e+00
4.500000 0.300000 1.851602e+00
4.500000 0.400000 2.042995e+00
4.500000 0.500000 2.222987e+00
4.500000 0.600000 2.391745e+00
4.500000 0.700000 2.550950e+00
4.500000 0.800000 2.703683e+00
4.500000 0.900000 2.854175e+00
4.500000 1.000000 3.007425e+00
4.500000 1.100000 3.168735e+00
4.500000 1.200000 3.343191e+00
4.500000 1.300000 3.535149e+00
4.500000 1.400000 3.747762e+00
4.500000 1.500000 3.982606e+00
4.500000 1.600000 4.239431e+00
4.500000 1.700000 4.516065e+00
4.500000 1.800000 4.808481e+00
4.500000 1.900000 5.111017e+00
4.500000 2.000000 5.416731e+00
4.500000 2.100000 5.717854e+00
4.500000 2.200000 6.006306e+00
4.500000 2.300000 6.274217e+00
4.500000 2.400000 6.514411e+00
4.500000 2.500000 6.720822e+00
4.500000 2.600000 6.888792e+00
4.500000 2.700000 7.015249e+00
4.500000 2.800000 7.098755e+00
4.500000 2.900000 7.139432e+00
4.500000 3.000000 7.138793e+00
4.500000 3.100000 7.099499e+00
4.500000 3.200000 7.025084e+00
4.500000 3.300000 6.919665e+00
4.500000 3.400000 6.787673e+00
4.500000 3.500000 6.633616e+00
4.500000 3.600000 6.461888e+00
4.500000 3.700000 6.276619e+00
4.500000 3.800000 6.081583e+00
4.500000 3.900000 5.880133e+00
4.500000 4.000000 5.675184e+00
4.500000 4.100000 5.469207e+00
4.500000 4.200000 5.264256e+00
4.500000 4.300000 5.061995e+00
4.500000 4.400000 4.863746e+00
4.500000 4.500000 4.670522e+00
4.500000 4.600000 4.483076e+00
4.500000 4.700000 4.301942e+00
4.500000 4.800000 4.127468e+00
4.500000 4.900000 3.959853e+00
4.500000 5.000000 3.799176e+00

4.600000 -5.000000 -1.799061e+00
4.600000 -4.900000 -1.870312e+00
4.600000 -4.800000 -1.944182e+00
4.600000 -4.700000 -2.020536e+00
4.600000 -4.600000 -2.099169e+00
4.600000 -4.500000 -2.179795e+00
4.600000 -4.400000 -2.262029e+00
4.600000 -4.300000 -2.345371e+00
4.600000 -4.200000 -2.429191e+00
4.600000 -4.100000 -2.512711e+00
4.600000 -4.000000 -2.594985e+00
4.600000 -3.900000 -2.674894e+00
4.600000 -3.800000 -2.751129e+00
4.600000 -3.700000 -2.822198e+00
4.600000 -3.600000 -2.886429e+00
4.600000 -3.500000 -2.941994e+00
4.600000 -3.400000 -2.986950e+00
4.600000 -3.300000 -3.019289e+00
4.600000 -3.200000 -3.037017e+00
4.600000 -3.100000 -3.038247e+00
4.600000 -3.000000 -3.021312e+00
4.600000 -2.900000 -2.984878e+00
4.600000 -2.800000 -2.928076e+00
4.600000 -2.700000 -2.850606e+00
4.600000 -2.600000 -2.752835e+00
4.600000 -2.500000 -2.635849e+00
4.600000 -2.400000 -2.501463e+00
4.600000 -2.300000 -2.352176e+00
4.600000 -2.200000 -2.191067e+00
4.600000 -2.100000 -2.021636e+00
4.600000 -2.000000 -1.847592e+00
4.600000 -1.900000 -1.672623e+00
4.600000 -1.800000 -1.500137e+00
4.600000 -1.700000 -1.333020e+00
4.600000 -1.600000 -1.173428e+00
4.600000 -1.500000 -1.022632e+00
4.600000 -1.400000 -8.809220e-01
4.600000 -1.300000 -7.476122e-01
4.600000 -1.200000 -6.211138e-01
4.600000 -1.100000 -4.990960e-01
4.600000 -1.000000 -3.787136e-01
4.600000 -0.900000 -2.568810e-01
4.600000 -0.800000 -1.305703e-01
4.600000 -0.700000 2.895824e-03
4.600000 -0.600000 1.455840e-01
4.600000 -0.500000 2.987484e-01
4.600000 -0.400000 4.627081e-01
4.600000 -0.300000 6.368163e-01
4.600000 -0.200000 8.195274e-01
4.600000 -0.100000 1.008554e+00
4.600000 0.000000 1.201105e+00
4.600000 0.100000 1.394173e+00
4.600000 0.200000 1.584858e+00
4.600000 0.300000 1.770678e+00
4.600000 0.400000 1.949852e+00
4.600000 0.500000 2.121513e+00
4.600000 0.600000 2.285840e+00
4.600000 0.700000 2.444077e+00
4.600000 0.800000 2.598452e+00
4.600000 0.900000 2.751993e+00
4.600000 1.000000 2.908246e+00
4.600000 1.100000 3.070946e+00
4.600000 1.200000 3.243635e+00
4.600000 1.300000 3.429296e+00
4.600000 1.400000 3.630011e+00
4.600000 1.500000 3.846699e+00
4.600000 1.600000 4.078930e+00
4.600000 1.700000 4.324863e+00
4.600000 1.800000 4.581293e+00
4.600000 1.900000 4.843808e+00
4.600000 2.000000 5.107052e+00
4.600000 2.100000 5.365050e+00
4.600000 2.200000 5.611582e+00
4.600000 2.300000 5.840566e+00
4.600000 2.400000 6.046417e+00
4.600000 2.500000 6.224355e+00
4.600000 2.600000 6.370637e+00
4.600000 2.700000 6.482699e+00
4.600000 2.800000 6.559210e+00
4.600000 2.900000 6.600036e+00
4.600000 3.000000 6.606130e+00
4.600000 3.100000 6.579371e+00
4.600000 3.200000 6.522367e+00
4.600000 3.300000 6.438246e+00
4.600000 3.400000 6.330455e+00
4.600000 3.500000 6.202573e+00
4.600000 3.600000 6.058156e+00
4.600000 3.700000 5.900616e+00
4.600000 3.800000 5.733131e+00
4.600000 3.900000 5.558584e+00
4.600000 4.000000 5.379528e+00
4.600000 4.100000 5.198184e+00
4.600000 4.200000 5.016437e+00
4.600000 4.300000 4.835858e+00
4.600000 4.400000 4.657731e+00
4.600000 4.500000 4.483076e+00
4.600000 4.600000 4.312689e+00
4.600000 4.700000 4.147165e+00
4.600000 4.800000 3.986933e+00
4.600000 4.900000 3.832279e+00
4.600000 5.000000 3.683374e+00

4.700000 -5.000000 -1.728737e+00
4.700000 -4.900000 -1.793776e+00
4.700000 -4.800000 -1.860868e+00
4.700000 -4.700000 -1.929843e+00
4.700000 -4.600000 -2.000467e+00
4.700000 -4.500000 -2.072431e+00
4.700000 -4.400000 -2.145337e+00
4.700000 -4.300000 -2.218688e+00
4.700000 -4.200000 -2.291875e+00
4.700000 -4.100000 -2.364164e+00
4.700000 -4.000000 -2.434686e+00
4.700000 -3.900000 -2.502429e+00
4.700000 -3.800000 -2.566242e+00
4.700000 -3.700000 -2.624828e+00
4.700000 -3.600000 -2.676767e+00
4.700000 -3.500000 -2.720535e+00
4.700000 -3.400000 -2.754537e+00
4.700000 -3.300000 -2.777158e+00
4.700000 -3.200000 -2.786827e+00
4.700000 -3.100000 -2.782088e+00
4.700000 -3.000000 -2.761685e+00
4.700000 -2.900000 -2.724655e+00
4.700000 -2.800000 -2.670412e+00
4.700000 -2.700000 -2.598828e+00
4.700000 -2.600000 -2.510291e+00
4.700000 -2.500000 -2.405738e+00
4.700000 -2.400000 -2.286656e+00
4.700000 -2.300000 -2.155034e+00
4.700000 -2.200000 -2.013283e+00
4.700000 -2.100000 -1.864113e+00
4.700000 -2.000000 -1.710372e+00
4.700000 -1.900000 -1.554878e+00
4.700000 -1.800000 -1.400225e+00
4.700000 -1.700000 -1.248618e+00
4.700000 -1.600000 -1.101711e+00
4.700000 -1.500000 -9.605035e-01
4.700000 -1.400000 -8.252791e-01
4.700000 -1.300000 -6.956022e-01
4.700000 -1.200000 -5.703794e-01
4.700000 -1.100000 -4.479769e-01
4.700000 -1.000000 -3.263849e-01
4.700000 -0.900000 -2.034168e-01
4.700000 -0.800000 -7.692370e-02
4.700000 -0.700000 5.499550e-02
4.700000 -0.600000 1.938079e-01
4.700000 -0.500000 3.404031e-01
4.700000 -0.400000 4.950061e-01
4.700000 -0.300000 6.571571e-01
4.700000 -0.200000 8.257599e-01
4.700000 -0.100000 9.991956e-01
4.700000 0.000000 1.175492e+00
4.700000 0.100000 1.352530e+00
4.700000 0.200000 1.528273e+00
4.700000 0.300000 1.700987e+00
4.700000 0.400000 1.869443e+00
4.700000 0.500000 2.033059e+00
4.700000 0.600000 2.191997e+00
4.700000 0.700000 2.347169e+00
4.700000 0.800000 2.500175e+00
4.700000 0.900000 2.653168e+00
4.700000 1.000000 2.808649e+00
4.700000 1.100000 2.969225e+00
4.700000 1.200000 3.137337e+00
4.700000 1.300000 3.314992e+00
4.700000 1.400000 3.503523e+00
4.700000 1.500000 3.703394e+00
4.700000 1.600000 3.914073e+00
4.700000 1.700000 4.133984e+00
4.700000 1.800000 4.360546e+00
4.700000 1.900000 4.590286e+00
4.700000 2.000000 4.819029e+00
4.700000 2.100000 5.042137e+00
4.700000 2.200000 5.254784e+00
4.700000 2.300000 5.452237e+00
4.700000 2.400000 5.630121e+00
4.700000 2.500000 5.784654e+00
4.700000 2.600000 5.912820e+00
4.700000 2.700000 6.012491e+00
4.700000 2.800000 6.082473e+00
4.700000 2.900000 6.122497e+00
4.700000 3.000000 6.133144e+00
4.700000 3.100000 6.115745e+00
4.700000 3.200000 6.072231e+00
4.700000 3.300000 6.004991e+00
4.700000 3.400000 5.916711e+00
4.700000 3.500000 5.810239e+00
4.700000 3.600000 5.688458e+00
4.700000 3.700000 5.554180e+00
4.700000 3.800000 5.410074e+00
4.700000 3.900000 5.258604e+00
4.700000 4.000000 5.101996e+00
4.700000 4.100000 4.942221e+00
4.700000 4.200000 4.780988e+00
4.700000 4.300000 4.619754e+00
4.700000 4.400000 4.459739e+00
4.700000 4.500000 4.301942e+00
4.700000 4.600000 4.147165e+00
4.700000 4.700000 3.996037e+00
4.700000 4.800000 3.849035e+00
4.700000 4.900000 3.706505e+00
4.700000 5.000000 3.568687e+00

4.800000 -5.000000 -1.659769e+00
4.800000 -4.900000 -1.719009e+00
4.800000 -4.800000 -1.779814e+00
4.800000 -4.700000 -1.841991e+00
4.800000 -4.600000 -1.905289e+00
4.800000 -4.500000 -1.969388e+00
4.800000 -4.400000 -2.033892e+00
4.800000 -4.300000 -2.098318e+00
4.800000 -4.200000 -2.162088e+00
4.800000 -4.100000 -2.224520e+00
4.800000 -4.000000 -2.284824e+00
4.800000 -3.900000 -2.342098e+00
4.800000 -3.800000 -2.395328e+00
4.800000 -3.700000 -2.443401e+00
4.800000 -3.600000 -2.485110e+00
4.800000 -3.500000 -2.519185e+00
4.800000 -3.400000 -2.544319e+00
4.800000 -3.300000 -2.559212e+00
4.800000 -3.200000 -2.562620e+00
4.800000 -3.100000 -2.553415e+00
4.800000 -3.000000 -2.530650e+00
4.800000 -2.900000 -2.493623e+00
4.800000 -2.800000 -2.441943e+00
4.800000 -2.700000 -2.375585e+00
4.800000 -2.600000 -2.294925e+00
4.800000 -2.500000 -2.200761e+00
4.800000 -2.400000 -2.094306e+00
4.800000 -2.300000 -1.977145e+00
4.800000 -2.200000 -1.851175e+00
4.800000 -2.100000 -1.718503e+00
4.800000 -2.000000 -1.581332e+00
4.800000 -1.900000 -1.441829e+00
4.800000 -1.800000 -1.301992e+00
4.800000 -1.700000 -1.163517e+00
4.800000 -1.600000 -1.027694e+00
4.800000 -1.500000 -8.953261e-01
4.800000 -1.400000 -7.666872e-01
4.800000 -1.300000 -6.415237e-01
4.800000 -1.200000 -5.190995e-01
4.800000 -1.100000 -3.982821e-01
4.800000 -1.000000 -2.776628e-01
4.800000 -0.900000 -1.557006e-01
4.800000 -0.800000 -3.087703e-02
4.800000 -0.700000 9.815252e-02
4.800000 -0.600000 2.324255e-01
4.800000 -0.500000 3.725694e-01
4.800000 -0.400000 5.187405e-01
4.800000 -0.300000 6.706091e-01
4.800000 -0.200000 8.273955e-01
4.800000 -0.100000 9.879512e-01
4.800000 0.000000 1.150880e+00
4.800000 0.100000 1.314686e+00
4.800000 0.200000 1.477936e+00
4.800000 0.300000 1.639415e+00
4.800000 0.400000 1.798266e+00
4.800000 0.500000 1.954099e+00
4.800000 0.600000 2.107042e+00
4.800000 0.700000 2.257755e+00
4.800000 0.800000 2.407375e+00
4.800000 0.900000 2.557419e+00
4.800000 1.000000 2.709631e+00
4.800000 1.100000 2.865810e+00
4.800000 1.200000 3.027610e+00
4.800000 1.300000 3.196349e+00
4.800000 1.400000 3.372834e+00
4.800000 1.500000 3.557223e+00
4.800000 1.600000 3.748930e+00
4.800000 1.700000 3.946598e+00
4.800000 1.800000 4.148125e+00
4.800000 1.900000 4.350746e+00
4.800000 2.000000 4.551176e+00
4.800000 2.100000 4.745784e+00
4.800000 2.200000 4.930794e+00
4.800000 2.300000 5.102497e+00
4.800000 2.400000 5.257445e+00
4.800000 2.500000 5.392629e+00
4.800000 2.600000 5.505616e+00
4.800000 2.700000 5.594643e+00
4.800000 2.800000 5.658662e+00
4.800000 2.900000 5.697342e+00
4.800000 3.000000 5.711023e+00
4.800000 3.100000 5.700644e+00
4.800000 3.200000 5.667646e+00
4.800000 3.300000 5.613858e+00
4.800000 3.400000 5.541385e+00
4.800000 3.500000 5.452498e+00
4.800000 3.600000 5.349535e+00
4.800000 3.700000 5.234817e+00
4.800000 3.800000 5.110579e+00
4.800000 3.900000 4.978921e+00
4.800000 4.000000 4.841773e+00
4.800000 4.100000 4.700872e+00
4.800000 4.200000 4.557753e+00
4.800000 4.300000 4.413750e+00
4.800000 4.400000 4.270003e+00
4.800000 4.500000 4.127468e+00
4.800000 4.600000 3.986933e+00
4.800000 4.700000 3.849035e+00
4.800000 4.800000 3.714276e+00
4.800000 4.900000 3.583043e+00
4.800000 5.000000 3.455621e+00

4.900000 -5.000000 -1.592370e+00
4.900000 -4.900000 -1.646216e+00
4.900000 -4.800000 -1.701209e+00
4.900000 -4.700000 -1.757144e+00
4.900000 -4.600000 -1.813760e+00
4.900000 -4.500000 -1.870738e+00
4.900000 -4.400000 -1.927691e+00
4.900000 -4.300000 -1.984159e+00
4.900000 -4.200000 -2.039600e+00
4.900000 -4.100000 -2.093390e+00
4.900000 -4.000000 -2.144815e+00
4.900000 -3.900000 -2.193075e+00
4.900000 -3.800000 -2.237286e+00
4.900000 -3.700000 -2.276490e+00
4.900000 -3.600000 -2.309667e+00
4.900000 -3.500000 -2.335758e+00
4.900000 -3.400000 -2.353691e+00
4.900000 -3.300000 -2.362415e+00
4.900000 -3.200000 -2.360943e+00
4.900000 -3.100000 -2.348398e+00
4.900000 -3.000000 -2.324060e+00
4.900000 -2.900000 -2.287416e+00
4.900000 -2.800000 -2.238208e+00
4.900000 -2.700000 -2.176468e+00
4.900000 -2.600000 -2.102543e+00
4.900000 -2.500000 -2.017107e+00
4.900000 -2.400000 -1.921146e+00
4.900000 -2.300000 -1.815927e+00
4.900000 -2.200000 -1.702947e+00
4.900000 -2.100000 -1.583854e+00
4.900000 -2.000000 -1.460364e+00
4.900000 -1.900000 -1.334157e+00
4.900000 -1.800000 -1.206782e+00
4.900000 -1.700000 -1.079564e+00
4.900000 -1.600000 -9.535197e-01
4.900000 -1.500000 -8.293053e-01
4.900000 -1.400000 -7.071861e-01
4.900000 -1.300000 -5.870380e-01
4.900000 -1.200000 -4.683813e-01
4.900000 -1.100000 -3.504440e-01
4.900000 -1.000000 -2.322496e-01
4.900000 -0.900000 -1.127211e-01
4.900000 -0.800000 9.206933e-03
4.900000 -0.700000 1.344793e-01
4.900000 -0.600000 2.638243e-01
4.900000 -0.500000 3.976802e-01
4.900000 -0.400000 5.361514e-01
4.900000 -0.300000 6.789982e-01
4.900000 -0.200000 8.256622e-01
4.900000 -0.100000 9.753252e-01
4.900000 0.000000 1.126995e+00
4.900000 0.100000 1.279612e+00
4.900000 0.200000 1.432161e+00
4.900000 0.300000 1.583787e+00
4.900000 0.400000 1.733889e+00
4.900000 0.500000 1.882193e+00
4.900000 0.600000 2.028795e+00
4.900000 0.700000 2.174160e+00
4.900000 0.800000 2.319083e+00
4.900000 0.900000 2.464618e+00
4.900000 1.000000 2.611962e+00
4.900000 1.100000 2.762336e+00
4.900000 1.200000 2.916832e+00
4.900000 1.300000 3.076282e+00
4.900000 1.400000 3.241126e+00
4.900000 1.500000 3.411319e+00
4.900000 1.600000 3.586259e+00
4.900000 1.700000 3.764769e+00
4.900000 1.800000 3.945117e+00
4.900000 1.900000 4.125082e+00
4.900000 2.000000 4.302054e+00
4.900000 2.100000 4.473164e+00
4.900000 2.200000 4.635435e+00
4.900000 2.300000 4.785939e+00
4.900000 2.400000 4.921940e+00
4.900000 2.500000 5.041036e+00
4.900000 2.600000 5.141256e+00
4.900000 2.700000 5.221144e+00
4.900000 2.800000 5.279792e+00
4.900000 2.900000 5.316850e+00
4.900000 3.000000 5.332502e+00
4.900000 3.100000 5.327413e+00
4.900000 3.200000 5.302661e+00
4.900000 3.300000 5.259655e+00
4.900000 3.400000 5.200052e+00
4.900000 3.500000 5.125667e+00
4.900000 3.600000 5.038402e+00
4.900000 3.700000 4.940172e+00
4.900000 3.800000 4.832850e+00
4.900000 3.900000 4.718222e+00
4.900000 4.000000 4.597953e+00
4.900000 4.100000 4.473567e+00
4.900000 4.200000 4.346433e+00
4.900000 4.300000 4.217760e+00
4.900000 4.400000 4.088600e+00
4.900000 4.500000 3.959853e+00
4.900000 4.600000 3.832279e+00
4.900000 4.700000 3.706505e+00
4.900000 4.800000 3.583043e+00
4.900000 4.900000 3.462299e+00
4.900000 5.000000 3.344588e+00

5.000000 -5.000000 -1.526706e+00
5.000000 -4.900000 -1.575551e+00
5.000000 -4.800000 -1.625189e+00
5.000000 -4.700000 -1.675407e+00
5.000000 -4.600000 -1.725944e+00
5.000000 -4.500000 -1.776488e+00
5.000000 -4.400000 -1.826667e+00
5.000000 -4.300000 -1.876047e+00
5.000000 -4.200000 -1.924130e+00
5.000000 -4.100000 -1.970345e+00
5.000000 -4.000000 -2.014054e+00
5.000000 -3.900000 -2.054550e+00
5.000000 -3.800000 -2.091065e+00
5.000000 -3.700000 -2.122777e+00
5.000000 -3.600000 -2.148822e+00
5.000000 -3.500000 -2.168319e+00
5.000000 -3.400000 -2.180385e+00
5.000000 -3.300000 -2.184169e+00
5.000000 -3.200000 -2.178885e+00
5.000000 -3.100000 -2.163846e+00
5.000000 -3.000000 -2.138501e+00
5.000000 -2.900000 -2.102474e+00
5.000000 -2.800000 -2.055596e+00
5.000000 -2.700000 -1.997928e+00
5.000000 -2.600000 -1.929783e+00
5.000000 -2.500000 -1.851723e+00
5.000000 -2.400000 -1.764551e+00
5.000000 -2.300000 -1.669282e+00
5.000000 -2.200000 -1.567100e+00
5.000000 -2.100000 -1.459305e+00
5.000000 -2.000000 -1.347238e+00
5.000000 -1.900000 -1.232216e+00
5.000000 -1.800000 -1.115452e+00
5.000000 -1.700000 -9.979883e-01
5.000000 -1.600000 -8.806394e-01
5.000000 -1.500000 -7.639503e-01
5.000000 -1.400000 -6.481760e-01
5.000000 -1.300000 -5.332829e-01
5.000000 -1.200000 -4.189748e-01
5.000000 -1.100000 -3.047383e-01
5.000000 -1.000000 -1.899074e-01
5.000000 -0.900000 -7.373871e-02
5.000000 -0.800000 4.450722e-02
5.000000 -0.700000 1.654873e-01
5.000000 -0.600000 2.897069e-01
5.000000 -0.500000 4.174667e-01
5.000000 -0.400000 5.488312e-01
5.000000 -0.300000 6.836215e-01
5.000000 -0.200000 8.214336e-01
5.000000 -0.100000 9.616800e-01
5.000000 0.000000 1.103651e+00
5.000000 0.100000 1.246590e+00
5.000000 0.200000 1.389775e+00
5.000000 0.300000 1.532595e+00
5.000000 0.400000 1.674622e+00
5.000000 0.500000 1.815657e+00
5.000000 0.600000 1.955760e+00
5.000000 0.700000 2.095248e+00
5.000000 0.800000 2.234665e+00
5.000000 0.900000 2.374724e+00
5.000000 1.000000 2.516232e+00
5.000000 1.100000 2.659990e+00
5.000000 1.200000 2.806696e+00
5.000000 1.300000 2.956837e+00
5.000000 1.400000 3.110605e+00
5.000000 1.500000 3.267819e+00
5.000000 1.600000 3.427886e+00
5.000000 1.700000 3.589780e+00
5.000000 1.800000 3.752062e+00
5.000000 1.900000 3.912928e+00
5.000000 2.000000 4.070285e+00
5.000000 2.100000 4.221847e+00
5.000000 2.200000 4.365248e+00
5.000000 2.300000 4.498160e+00
5.000000 2.400000 4.618400e+00
5.000000 2.500000 4.724038e+00
5.000000 2.600000 4.813476e+00
5.000000 2.700000 4.885508e+00
5.000000 2.800000 4.939357e+00
5.000000 2.900000 4.974682e+00
5.000000 3.000000 4.991564e+00
5.000000 3.100000 4.990477e+00
5.000000 3.200000 4.972230e+00
5.000000 3.300000 4.937916e+00
5.000000 3.400000 4.888843e+00
5.000000 3.500000 4.826470e+00
5.000000 3.600000 4.752347e+00
5.000000 3.700000 4.668056e+00
5.000000 3.800000 4.575168e+00
5.000000 3.900000 4.475199e+00
5.000000 4.000000 4.369584e+00
5.000000 4.100000 4.259654e+00
5.000000 4.200000 4.146622e+00
5.000000 4.300000 4.031578e+00
5.000000 4.400000 3.915483e+00
5.000000 4.500000 3.799176e+00
5.000000 4.600000 3.683374e+00
5.000000 4.700000 3.568687e+00
5.000000 4.800000 3.455621e+00
5.000000 4.900000 3.344588e+00
5.000000 5.000000 3.235921e+00

